# offset offset_z sigma_0 sigma_z logc Blambda corr_len A_0 A_1 A_2 A_3 A_4 A_5 A_6 A_7 A_8 A_9 A_10 A_inf
1.079511535520035204e-01 -1.506573778670775576e-01 1.668434597812440690e-01 1.652382994360946933e-01 -4.784658060620006204e-02 5.562699902988006428e-01 9.708030919990218166e-02 -7.927558475378386760e-01 -1.233790461471375721e+00 1.443923511292829254e+00 -3.213785446014529867e-01 -1.279115230392889657e+00 -1.901663242678495180e-01 1.710565982208996694e+00 -6.142938803339630383e-01 -1.214408556821854113e+00 1.475905999342932873e+00 2.453901958414228091e+00 -2.397890887813409755e+00
1.158579459573546022e-01 -1.755934383329035287e-01 1.707508649012727531e-01 1.662571194468549507e-01 -1.100499795527726254e-01 3.785037317428776582e-01 9.090799202398280876e-02 1.103215155698961780e+00 -4.236426889748576841e-01 7.936278012132902404e-01 2.023452471892932536e+00 -1.918917547944163804e+00 1.182118925498420126e+00 1.840496446342693382e+00 4.230716187374197190e-01 -5.285261090095669800e-01 3.412505533771806654e+00 2.018534856065519634e+00 -4.232441861562199925e+00
1.116758124059374635e-01 -1.647058828686888132e-01 1.734581956143903814e-01 1.987428200493129848e-01 -1.833611217804008708e-01 4.327725535023230208e-01 8.203703954795316111e-02 9.576652097353477444e-02 -1.670361505559041060e+00 1.124276540751419695e+00 -7.550649070583554945e-01 -8.625292902051784338e-01 -6.828449022570728388e-01 1.332911871023845229e+00 -6.065494640748152477e-01 -6.134631503492364857e-01 1.245780945165132714e+00 1.468860749845349645e+00 -2.010448150427948111e+00
1.102593148372452703e-01 -1.661200123392512773e-01 1.697142282132664826e-01 1.774849738632269247e-01 -1.039387287576263308e-01 5.315469886580665992e-01 8.800882100195533964e-02 1.000061554491864513e-01 -2.119117858765449114e-01 1.201308503341690148e+00 7.474211714498615322e-01 -1.181874690061395228e+00 5.435529718723639547e-01 1.661544053364640838e+00 5.240115222790722171e-01 -1.945800961204202650e-02 1.245486055344768417e+00 2.365556895796563808e+00 -3.883960609275172615e+00
1.298480803732350308e-01 -1.928439099912744314e-01 1.819873576387684988e-01 1.750008788802333015e-01 -1.835964562125982358e-01 5.283962334998357768e-01 8.542582681565137614e-02 1.737043264669551057e+00 -5.352662727235726337e-01 1.644869668978879318e+00 1.220621378294389103e+00 -5.142488143553789470e-01 1.451068681416471939e+00 1.624165889965096810e+00 1.173513244476557915e+00 2.601712497162349536e-01 2.748544121476580671e+00 2.448745261142466489e+00 -4.922159389512547278e+00
1.232967542354974910e-01 -2.020147772846985212e-01 1.746777296758195985e-01 1.635378977147129431e-01 -5.243234811297892151e-02 4.718391047391419235e-01 9.004357929791646786e-02 -3.048461980645837954e-01 -6.946301169026449784e-01 1.533082374248594171e+00 -5.060077172626176178e-02 -1.149676401585816965e+00 6.172096142254313023e-01 1.606868618385600911e+00 5.635703002740299894e-03 -6.270369423642545570e-01 1.634161619557515266e+00 3.219541997097683961e+00 -3.213708110594770240e+00
1.169401511071943012e-01 -1.826012922726288346e-01 1.800013130566071040e-01 1.455480622368987564e-01 -7.266130971495410318e-02 4.197996669918184764e-01 7.843044750635029538e-02 -6.503798296725733508e-01 -1.302100650912629831e-01 -3.329393211771130012e-01 9.614906563755099000e-01 -1.766741187729532925e+00 -1.794823124021149852e-01 1.637704294976720654e+00 -1.068850159439078684e+00 4.359574404684529725e-01 6.673332938067231268e-01 3.396237219121253759e+00 -2.452233428224126488e+00
1.104202350175088054e-01 -1.787251259693176109e-01 1.754300749631079459e-01 1.726577919017985296e-01 -5.732140066218049945e-02 6.194798281310354149e-01 8.085369610672597795e-02 1.579675393384736282e-01 -9.387637444730598801e-01 2.468016887296897721e-01 1.065287321929682562e+00 -2.259451545625198676e+00 6.052578979497287293e-01 1.441062698492605598e+00 -3.781392145512647573e-01 -3.970594898731798494e-01 1.966295590902145562e+00 2.131248649582073718e+00 -2.759943294627971166e+00
1.311489839621468589e-01 -2.162966938306725706e-01 1.826806707073844460e-01 1.439588689302663260e-01 -2.028071634698623837e-01 5.039238108353600865e-01 8.126171973868533127e-02 6.368379282278189280e-01 -4.761627371929746388e-01 3.647772018479624734e-01 1.668861281329922619e+00 -2.530023581587045545e+00 1.675355820591559741e+00 9.083832138155081282e-01 6.793652927055031654e-01 -1.022412095711275892e+00 2.717116740405782771e+00 1.951455796943795562e+00 -3.298235374762513938e+00
1.123891665512546933e-01 -1.572374308169267043e-01 1.703401964458925999e-01 1.753937575515762681e-01 -2.050759661942160861e-01 5.146341466503763229e-01 8.443944868593997177e-02 3.554918051598221496e-01 -8.160101697998198844e-01 7.667386791538017832e-01 1.143982647647844075e+00 -1.809911744233169806e+00 -2.926253901311861583e-01 3.051302902406909823e+00 -1.268052682581549018e+00 3.924906561674470495e-01 1.818504831184577952e+00 2.069696311569277469e+00 -3.288028503477192999e+00
1.234210390871477714e-01 -2.148700700808181541e-01 1.745391173614861402e-01 1.627350682111500246e-01 -5.504522946964907071e-02 4.956419752265137646e-01 8.417077105574424789e-02 1.145592793275948651e+00 -3.883408338068159438e-01 1.915390943314982941e+00 1.074336409456176256e+00 -3.858707085996382347e-01 2.158060386802675978e-01 3.167776005275273477e+00 1.760834917931664023e-01 1.914180045533484531e-01 1.925645309803395655e+00 4.415008260872726353e+00 -4.936838863417412959e+00
1.165307775026089010e-01 -1.760472539718006546e-01 1.750420289120279971e-01 1.870931472640245952e-01 -1.795727601034973198e-01 4.639274613398853830e-01 9.486334466818602262e-02 8.039558471062218103e-01 -4.708954746615550135e-01 1.224472514554340030e+00 1.202254673983832234e+00 -1.333426377393310158e+00 7.283047183893520682e-01 2.147105122345883466e+00 -3.616776850456915327e-02 3.154759740250749900e-01 2.435583878411229364e+00 9.819073943011762395e-01 -4.186995163664954944e+00
1.216417226898980075e-01 -1.668741081799966497e-01 1.748675184066648125e-01 1.684354997743074955e-01 -1.143815075444709617e-01 5.671583324317057695e-01 9.038209883193057403e-02 -9.531302363509954745e-01 2.673435927218559272e-01 -7.656514950559412114e-01 1.528317071389874826e+00 -2.542353300774073066e+00 3.856488856996183046e-01 1.739563956109202891e+00 -1.034825182407563826e+00 -1.451694010922004452e-01 1.898281996997437382e+00 1.189533563446701692e+00 -2.372096178602625560e+00
1.286175120326488452e-01 -1.889573289243607901e-01 1.851109853627083413e-01 1.653895495430578455e-01 -1.371381451680031560e-01 5.943998039620561613e-01 8.130662264449550758e-02 1.994044677600026461e-01 -1.134565552475480743e+00 4.788580030388818187e-01 4.869579840095674683e-01 -1.850665975916143235e+00 -4.155676759324951064e-01 2.083266360214151902e+00 -1.166400004585279593e+00 3.551313313796082838e-01 2.020613409046159603e+00 -4.698201523270029156e-02 -2.320008511751161517e+00
1.217960726760462520e-01 -1.891134255381076712e-01 1.702499311558247908e-01 1.716494902157047475e-01 -8.650515123450741584e-02 6.274754245943525710e-01 8.326715875917725662e-02 -7.894516145900301041e-01 -1.184316208322099051e+00 1.002714641565890297e+00 -4.974029514309608047e-01 -8.531944026601916420e-01 -7.626309294500854818e-01 1.615400862099292567e+00 -2.792727713794569411e-01 -8.367906583905480034e-01 1.254061976611904328e+00 2.848923864656373262e+00 -2.176670706621840701e+00
1.062060988200095868e-01 -1.461115453116224039e-01 1.744524828186492238e-01 1.684557000477920896e-01 -8.730613769286332815e-02 6.264824358315634889e-01 9.682521763144412430e-02 2.303612052045789227e-02 -4.725927504635807352e-01 1.819691303868409271e+00 8.746044129119194821e-01 -1.292973541631827761e+00 1.034515544859409886e+00 1.614807955461322386e+00 7.224023019633829534e-01 -4.878644162301446485e-01 1.502848059898846067e+00 3.786818772990383053e+00 -4.416221166243341045e+00
1.383798140587023939e-01 -2.430423104633762099e-01 1.870852162866759594e-01 1.300068680553081446e-01 -1.208322560272920843e-01 5.242635179719377092e-01 8.386046062562596548e-02 1.570512254517537620e+00 -7.681374622502517013e-01 1.264033670329509640e+00 1.680337266729761581e+00 -1.463557081952892247e+00 1.181642518766584438e+00 2.036259079491493651e+00 3.107866382238810843e-01 -9.278624839097027177e-02 2.688857654074826797e+00 3.564434042766745137e+00 -4.331948787177567262e+00
1.234683102177689118e-01 -1.788101619583185586e-01 1.825526495381446512e-01 1.433812859187011401e-01 -7.394470322203128276e-02 5.556516402522606590e-01 7.992911347978035042e-02 -1.198613506567766329e+00 2.191440392239654145e-01 -3.536130958304095628e-02 6.588395340476527196e-01 -1.472486440747679648e+00 -2.055081274466434849e-01 2.076875648309295386e+00 -1.244493865933998578e+00 2.955035844531046507e-01 2.417419067374679820e+00 -3.455336925312444407e-01 -2.612316310988965107e+00
1.235404217324660436e-01 -1.757307990520766139e-01 1.804195229304365045e-01 1.600881350955690730e-01 -3.359058145002102869e-02 5.816856799763590047e-01 8.869053648419485125e-02 -7.260709578380275531e-01 -1.661983238732309687e+00 1.666738947604242682e+00 -3.593482244507120171e-01 -1.693670997230563913e+00 -4.589995667250317268e-01 2.271303020249085591e+00 -1.464202612172718077e+00 6.036938534297675574e-02 1.230961016509488637e+00 1.450485970295813942e+00 -2.193995765753994576e+00
1.328619878372042928e-01 -1.813513076734132867e-01 1.797592346375855021e-01 1.632147037199622730e-01 -1.222948279466995469e-01 5.683252059750074636e-01 8.882279331769803166e-02 -3.346415351865150711e-02 8.569635956969072765e-01 9.742921641954680467e-01 1.608651934149063933e+00 -5.930957052676335550e-01 5.402903175476119202e-01 2.761657011519755400e+00 3.196046539149222099e-01 2.491623821987900556e-01 2.379039535264006133e+00 3.561866865327500520e+00 -4.972126397882850490e+00
1.129165763602833217e-01 -1.639646533887598179e-01 1.793533713054359102e-01 1.900217107223036717e-01 -3.101182646883493543e-02 5.746058842874028905e-01 9.442397929685365787e-02 -4.057430704056415038e-01 4.460730239672807684e-01 9.877903173268700598e-01 1.238347850972178144e+00 -7.178175291144457404e-01 1.383534293927137782e-01 2.824237682462693577e+00 -2.440015600391642892e-01 3.410026548379434530e-01 1.924374104110176731e+00 2.749978611639569692e+00 -4.475768965403776001e+00
1.130223854505447711e-01 -1.833958355780357374e-01 1.739358056351312243e-01 1.804794100619004915e-01 -1.835951755735107938e-01 5.693223108623715056e-01 8.168853440978370017e-02 6.774934215642458568e-01 -6.022813467264311882e-01 -7.049179573378694386e-02 1.879042661914096968e+00 -2.678802404799486503e+00 1.019258955486036733e+00 1.233339256544706330e+00 9.097987548723018847e-02 -1.055706168998549188e-01 1.356190603260936989e+00 3.298076920756551900e+00 -3.129988541415690051e+00
1.205479886943802148e-01 -1.887183594179433488e-01 1.770788605945664840e-01 1.543690776391448694e-01 -1.052737425388332593e-01 5.720101945592732662e-01 9.526532842594104267e-02 -3.643233700863293123e-01 -1.159063486349873884e-01 -1.598232819623861545e-01 1.696188413936794426e+00 -1.682692149171204576e+00 -7.172310062483964188e-01 2.588395767456200147e+00 -2.454184773632359651e-01 -1.237606299230576745e+00 2.117988314646662928e+00 3.251262653642761791e+00 -2.995370742704430711e+00
1.165485602768270290e-01 -1.443587287953336240e-01 1.715597674503575587e-01 1.906631957270159550e-01 -6.912982546713442034e-02 6.016454543998084326e-01 9.026284833253744866e-02 6.714692088718399177e-01 2.737877584623893412e-01 8.285930114842106065e-01 1.768738754393925028e+00 -8.097072848630855191e-01 2.712332019284637852e-01 2.924082454223862371e+00 2.912358508542034485e-02 8.028324182773189932e-01 1.753820660597376069e+00 2.860047730291813473e+00 -4.882967005321967591e+00
1.195750545749859339e-01 -1.736995663129050071e-01 1.767332073476270415e-01 1.575266943466998582e-01 -5.022597765135217163e-02 6.710952873807252139e-01 8.799963788094278261e-02 -4.907153120950979996e-01 -4.530509900443977500e-01 1.343679453166819471e+00 1.101203942382045220e+00 -1.750080049955564654e+00 8.947373912388574269e-01 1.974581820834004908e+00 -4.467458718649641725e-02 -3.408620936293607073e-01 3.262481286021888138e+00 1.136764279771343311e+00 -3.848515213669752466e+00
1.092378755427004244e-01 -1.468499507571825458e-01 1.699465896009867416e-01 1.917470945054471354e-01 -2.062979597666695364e-01 5.919313067286280372e-01 8.441241560990939141e-02 2.880117784880784626e-01 -3.334034347777388163e-01 1.801500180959713759e+00 5.672414361123214732e-01 -2.927819886823677109e-01 4.241353311217750388e-01 2.279809357719867258e+00 2.235766442434243828e-01 8.759870815358343776e-01 1.380785573159264423e+00 3.962986104014330380e+00 -4.533595822759267868e+00
1.213832714592641970e-01 -1.856519630680057986e-01 1.783528987213143513e-01 1.724702335324116431e-01 -1.040514449298234334e-01 5.509034388858000675e-01 9.522052875359138246e-02 -1.055824576849301089e+00 -6.048668594912900431e-01 4.088044033722004755e-01 7.317567700074070203e-01 -2.572940451969721209e+00 5.688502091934299898e-02 1.581410931850769863e+00 -3.754416032811942472e-01 -9.789183806496852824e-01 8.663291101144316997e-01 1.892304508542612673e+00 -2.112706024621706646e+00
1.287905440918054312e-01 -1.974193350700816918e-01 1.809030392706778845e-01 1.476205171565371232e-01 -5.257314568399784616e-02 6.438128194143275529e-01 8.314018055863264811e-02 6.551396023039037786e-01 -6.709674353033507899e-01 -1.201220158053057929e-01 1.631441746096951917e+00 -2.001471792520950643e+00 -2.488037212553617650e-02 2.224052434192075545e+00 -4.692217575871424629e-01 -6.830635645558311708e-01 2.493487567550673134e+00 1.282580564491277109e+00 -2.923357347588320110e+00
1.224442005159445956e-01 -1.753905913275737860e-01 1.745622582158432856e-01 1.648230905683032432e-01 -6.710959637770030906e-02 5.549842145292145368e-01 8.763777724681789949e-02 2.505243131515069166e-01 -3.757822703217232885e-01 1.807927499880701561e+00 2.887601127595109674e-01 -1.226539540384870008e-01 -3.767883739367814400e-01 2.773353970207068642e+00 5.745263919103837935e-01 -1.201063031623255561e+00 3.019023038503046763e+00 2.420236591468097664e+00 -4.187797483668527221e+00
1.286356247147456833e-01 -1.972660485254299489e-01 1.809181594216687228e-01 1.459125322762194754e-01 -1.255270135602549741e-01 5.851348517434629137e-01 8.293670560927285385e-02 1.158074218608415862e-01 -5.929884069648991840e-01 6.757699512829304922e-01 1.084649272685798138e+00 -1.841781543312448477e+00 9.200944154147112641e-01 1.296253045967620920e+00 5.668683855716025732e-01 -8.203447301018593762e-01 3.114006407341614491e+00 1.389021428139864511e+00 -3.326789273132425784e+00
1.262975342400899925e-01 -1.863477550463305543e-01 1.800590078839814367e-01 1.701724286737000824e-01 -7.071440616872681773e-02 5.135967847137266062e-01 8.204492830608775544e-02 -6.292423926546248936e-01 -9.913422581945656731e-01 4.794122850621462817e-01 3.100210303969834769e-01 -1.986886959580305145e+00 3.970974294613682787e-04 1.093818327452543926e+00 -3.669867577707917050e-01 -7.188676695768529967e-01 2.431110251258595589e+00 -1.240463890678458636e+00 -2.048224179955863367e+00
1.146330372026887201e-01 -1.657562648289382934e-01 1.753938908564284249e-01 1.576369115526258247e-01 -6.527874483779017023e-02 5.012895896089029080e-01 8.783361278389001381e-02 -4.325052289279760487e-01 -1.980698011830384075e-01 1.058688815835548525e+00 3.238486862343856743e-01 -5.519220832718252367e-01 -5.249330481509941748e-01 2.318220400498494094e+00 1.355237172811385449e-01 -1.103563727798302363e+00 3.712747701833919223e+00 1.414216918445657889e+00 -3.498021074121489882e+00
1.180004436840313975e-01 -1.617535210964606840e-01 1.733577753168758229e-01 1.699844148623432805e-01 -8.723404884039720475e-02 5.020721608236531353e-01 8.579724899713975228e-02 8.244522999592165391e-01 -7.981901574847380942e-01 9.610629480780810141e-01 1.487142807654024956e+00 -2.306614772651931933e+00 1.850648422480672295e+00 7.161705589630269486e-01 6.164851866229010824e-01 3.592501719225769108e-01 1.054673994379435875e+00 3.112559587998237731e+00 -3.636455910495198562e+00
1.167033011334223658e-01 -1.663270192309372342e-01 1.776578762423937641e-01 1.631143703254775978e-01 -1.637253454613885051e-02 5.945154704409243429e-01 8.395422998316612317e-02 -1.061926588672503335e+00 -5.367850065665642489e-01 4.365430793905034079e-01 1.793596560462322742e-01 -1.049518597669254039e+00 -7.787804662150126234e-01 2.003999494415531046e+00 -1.212901184533109245e+00 -3.011025136849028172e-01 1.809185475272928834e+00 1.510482778331131648e+00 -2.411988092810547712e+00
1.165583810503207363e-01 -1.682611604146547202e-01 1.786562921945612226e-01 1.803601084195332049e-01 -1.222217441553679063e-01 3.940766682948324551e-01 9.397676488546299889e-02 -8.035767719895980932e-01 -2.312676629221233071e-02 5.389461797343733096e-01 7.698998387740161320e-01 -1.613020798226999730e+00 1.935615440700928502e-01 1.612568404628279772e+00 -2.531579213542585194e-01 -4.433289701398237526e-01 1.560286825163432312e+00 2.418872266444712871e+00 -2.971698290728653546e+00
1.172690699390667168e-01 -1.762369615167492798e-01 1.810603362714116871e-01 1.554668858803670561e-01 -5.735591398073203173e-02 6.990551905551636303e-01 8.473849553297524428e-02 -1.128627432721337698e+00 -7.154907731090762724e-01 -1.643106170917203457e-01 1.046784483074909566e+00 -2.402530662135085038e+00 -3.748303874708920347e-01 1.972724216760017413e+00 -1.868312674301022103e+00 4.948104297737954127e-01 1.018024486922815441e+00 1.613492123874149087e+00 -2.004467757934945915e+00
1.159317749004073750e-01 -1.913913701537537371e-01 1.796785352488648457e-01 1.517277690895045827e-01 -1.353529004633481359e-01 5.012765310880080705e-01 7.994104353647314698e-02 -6.504228410947954231e-01 9.686040510088833599e-01 -2.034079821195033944e-01 2.211629828706882961e+00 -2.014391601351158023e+00 1.030335943297466805e+00 1.703012560395925412e+00 1.946734550860087509e-01 -3.075258046283382285e-01 3.737625727248056862e+00 1.051874493258954324e+00 -3.851703962040867069e+00
1.181213930510832955e-01 -1.717583559670166626e-01 1.811594997290868758e-01 1.539452377257536364e-01 -1.396583623389445750e-01 4.816874221039073589e-01 8.281359640457308657e-02 1.055635614078203055e+00 -1.552017366138030319e+00 6.103355793687814668e-01 6.813244741136328386e-01 -1.501029699373447102e+00 -3.324724099390863330e-01 1.735560374317262955e+00 -2.831814606876301710e-01 -9.132049938655804056e-01 2.032193790901169805e+00 2.099480634714363525e+00 -2.491061394281261165e+00
1.209057225380777978e-01 -1.802365485649634613e-01 1.795333746302522626e-01 1.559693619497315442e-01 -1.526140272836591372e-01 4.253565149049602923e-01 8.775310565020821851e-02 -3.445442163075087549e-01 -8.076062435391246908e-01 1.049281472756897315e+00 4.310252723743079883e-01 -1.730817011830803054e+00 1.321501501021931091e-01 2.052308747169099945e+00 -1.245326542417046767e+00 2.991856057531201429e-01 2.663425838274601887e+00 6.204638023798967339e-01 -2.802116158527578449e+00
1.077525428789916639e-01 -1.616101745520111543e-01 1.745205022495037450e-01 1.825231707759225053e-01 -5.297411784245087407e-02 6.938502352666553463e-01 8.651093114360695890e-02 4.543067961963433987e-01 -9.930131501480730094e-01 1.375142408848139652e+00 6.273562216307944084e-01 -1.429739525428080249e+00 8.321971937470618030e-01 1.529781593319148314e+00 -1.751140342162935681e-01 5.226951580274583620e-01 1.124979601738703927e+00 3.301857743791224209e+00 -3.602956622662328190e+00
1.181790549295237691e-01 -1.819289469625783306e-01 1.708019035889780657e-01 1.780905644163424117e-01 -1.157789524898773514e-01 5.586409007510040325e-01 7.842752879684233847e-02 -6.499975252448271235e-01 -6.194188156678395174e-01 1.527854646083417478e-01 9.410193179627412974e-02 -1.214171339144438644e+00 -6.815600931892431547e-01 1.928065822134341190e+00 -9.681414868003637153e-01 -6.890575076633798091e-01 2.027884879981666444e+00 8.832770610943851963e-01 -2.252116285184786904e+00
1.235625118123450938e-01 -1.941220840948285620e-01 1.848725008845133189e-01 1.507780226429338288e-01 -1.034107171670979319e-01 5.300270927145387390e-01 8.578144404142842849e-02 -4.438916340159480001e-01 9.722724398550042224e-02 -2.200697132063922368e-01 1.584259555641443384e+00 -2.075942267634576677e+00 7.597326701617017619e-01 1.186826803327992508e+00 6.523255990963932049e-01 -1.680831342143497054e+00 2.829966659650718697e+00 1.386422564572649563e+00 -2.987959235123508694e+00
1.152316803582565941e-01 -1.561133901594426998e-01 1.803127097199093420e-01 1.456596268112123616e-01 -1.552833911719695426e-01 6.100830113808415334e-01 8.560344421846102780e-02 1.591658391885104606e-01 -8.747029931649832335e-01 9.880075337104692323e-01 9.012663435993220062e-01 -1.731274380195477303e+00 2.598073474828197504e-01 2.100174369165442201e+00 -6.454072667357149129e-01 5.477703979983505889e-01 1.236382203114551714e+00 2.694666468500852119e+00 -3.317025811556508330e+00
1.234236736674948764e-01 -1.907918008963096490e-01 1.827378552966326675e-01 1.390774552851512524e-01 -1.169002330507715737e-01 4.831319099129429695e-01 8.625803295129333415e-02 4.008955820190287511e-01 -1.593141805993319338e+00 1.088684708786090916e+00 8.170979815403356383e-02 -1.793717950538206818e+00 3.197020891062063441e-01 8.314906653566014327e-01 2.547913572839011209e-01 -1.270023628495426937e+00 1.354063475332535127e+00 3.034731581321787885e+00 -2.237836784787089695e+00
1.123251334818954339e-01 -1.806422327671648453e-01 1.811503508056038769e-01 1.774082153061022904e-01 -5.755411852657321692e-02 6.003097808236574906e-01 8.736984425977241397e-02 3.315092084844124543e-01 -3.952350102894826023e-01 7.382428735943360465e-01 1.245494226436506757e+00 -1.193206450403899943e+00 9.858960806074090755e-02 2.228306258752036584e+00 8.911905768634653668e-03 -3.984963427625416443e-01 1.386042627417367612e+00 3.833767752926018346e+00 -3.675729400983217765e+00
1.131257070975571488e-01 -1.621213857884109544e-01 1.780763398464938196e-01 1.639597500490916904e-01 -5.351961137170302418e-02 5.822476160631402387e-01 8.653824415844198203e-02 2.531357473045936501e-01 -9.831268469769440799e-01 2.036448999162923101e-01 1.808210251638825206e+00 -2.929351541173351947e+00 6.776263738072163534e-01 1.668891110877473771e+00 -9.221404457031967539e-01 3.210636946684930493e-01 1.245187191738482468e+00 1.453699967180320130e+00 -2.790364371661055998e+00
1.119601969551427267e-01 -1.730725972723822781e-01 1.679942148231755028e-01 1.706097907675256931e-01 -9.020216805342573529e-02 5.609637597163250611e-01 9.110006985454646711e-02 -8.490892235743370264e-01 -5.519918677485193825e-01 9.134878707023341704e-01 6.374788439214951197e-01 -1.658637325781354477e+00 2.085447829196196423e-01 1.921992419670606189e+00 -3.176929797909986419e-01 -1.230317596786449030e+00 1.853189393309618183e+00 3.690684774389859868e+00 -2.975375357286033751e+00
1.133946385310362626e-01 -1.795868696105393791e-01 1.838358123172820213e-01 1.559242483954346170e-01 -1.088103191749050236e-01 5.346762937848250630e-01 9.018775260302701324e-02 -7.181229080415167942e-01 -1.091479574858857049e+00 8.277066820662870583e-01 2.818296504686035320e-01 -1.500266034512882207e+00 -8.843457835403123468e-01 2.271170131098760869e+00 -8.307840087995996825e-01 -6.768562275012079965e-01 1.472094161558260339e+00 2.027904481225957234e+00 -2.334046602486888666e+00
1.157810331388599567e-01 -1.760455923969508341e-01 1.793923478994807474e-01 1.703708503000969099e-01 -1.506806964063995835e-01 5.428176260034445200e-01 8.575439648956831307e-02 -2.074839103736501045e-01 4.521058059763216619e-01 1.229783102973778242e+00 9.544029420202724268e-01 -4.304072755068144573e-01 2.214113362893908032e-01 2.234763810370383297e+00 9.017602895457708101e-01 5.166915790541359854e-02 2.026445134664824899e+00 3.141755221379336049e+00 -4.538647521317410671e+00
1.190251216027966574e-01 -1.740438892744572974e-01 1.795106174524853937e-01 1.494200869571864487e-01 -1.641564187118977891e-01 5.462260362042328232e-01 7.992457116111728599e-02 1.653381842025996029e+00 -6.800331558242564967e-01 1.812572392492178608e+00 1.513654447626779032e+00 -9.333433743936705440e-01 9.513055820604430224e-01 2.667403942115775806e+00 5.832544389080362990e-01 -2.714476406950874221e-01 4.506221785287237935e+00 1.887076461125368532e+00 -4.961748701983617060e+00
1.185996764702940687e-01 -1.439514973975212775e-01 1.775589048683956506e-01 1.609699228207844834e-01 -6.422663280266460717e-02 5.246576918217984442e-01 8.063001871982392044e-02 -1.567227672336981570e-01 -1.670837548816574980e-01 2.832396816322635402e-01 1.442861953430314870e+00 -2.040248395021757144e+00 7.981319292164945622e-01 1.328843153595078874e+00 -6.821873045258186607e-02 2.990192509891880235e-01 2.404563785863156333e+00 1.465339087977915788e+00 -3.256644633122395494e+00
1.189367600875402275e-01 -1.782258882219888152e-01 1.811212269488902682e-01 1.759521193917277238e-01 -1.124348867367843674e-01 6.236820183429347964e-01 7.858907978807849748e-02 -1.222187933425157969e+00 -5.798905426493767834e-01 -1.053123148300150191e-01 8.803906845135234249e-01 -2.415590954172068816e+00 1.057216840239831868e-01 1.265055956737104026e+00 -1.108590084291023903e+00 1.439494959702880550e-01 1.373095079345608482e+00 1.142746814378295284e+00 -2.077648017559428961e+00
1.270267320319018456e-01 -1.802984845721667950e-01 1.806356278640548485e-01 1.642622504900996816e-01 -6.156668565249279190e-02 5.087255318751440214e-01 8.008666614834458741e-02 -3.252980063703017066e-01 -4.851507131299817033e-01 1.059666704039011975e+00 4.939228272834501610e-01 -1.252545448914448301e+00 4.924391679104598296e-01 1.556415701319845191e+00 3.347489496023001720e-01 -7.118006436651942437e-01 3.949837137214693428e+00 1.657950193663353389e-01 -3.286580826540014488e+00
1.148750913174901023e-01 -1.744675155057461291e-01 1.764828605411769558e-01 1.555433616574352085e-01 -1.759384259974196008e-01 3.740216040060517777e-01 9.024138260391004196e-02 7.736735572836259678e-01 -4.495698304172925930e-01 1.885193609224189437e+00 1.281653389274540089e+00 -1.449066182374801670e+00 1.782506687367220621e+00 1.284134077728637635e+00 1.153925886377135335e+00 1.107779509705819621e-01 1.779414090674285021e+00 3.619088458169963829e+00 -4.771407243564715017e+00
1.200714398797233795e-01 -1.860615433159938936e-01 1.765783744611067185e-01 1.607649875896741687e-01 -1.303109528540283835e-01 4.364379453074307413e-01 8.974732418634102926e-02 -9.505546289071578059e-01 3.606553589886889455e-01 2.370530877970864481e-01 1.449395521105292239e+00 -1.999365602497922723e+00 8.730793253921653729e-02 2.682621315058765887e+00 -1.049106082318256750e+00 4.267038866585091128e-01 8.293550836687852978e-01 3.215705244248972861e+00 -3.274384434929718424e+00
1.127562963705515398e-01 -1.765405749210141040e-01 1.798709763669167350e-01 1.599434591771412562e-01 -1.373748152638153419e-01 6.174026688839040489e-01 7.654054061356981020e-02 -1.695320045458597047e+00 4.438075250618300771e-01 -7.511350617658845152e-01 1.485038300715344484e+00 -2.646185684231711743e+00 8.675793428650706574e-01 4.496667775222382701e-01 3.715197607477316311e-01 -1.375272757469361284e+00 3.105556871768291316e+00 3.756117351283663197e-01 -2.457761842860753720e+00
1.174932339058779029e-01 -2.041022524905516944e-01 1.767865181417949960e-01 1.472943787469965793e-01 -9.078695271376191478e-02 5.442036554629456901e-01 9.424726634413582715e-02 1.682740048997830584e-01 -3.763414827741993207e-01 9.329473066123910030e-01 1.732494939317539284e+00 -2.035559098768486841e+00 3.622590395661386964e-01 2.958274863110553099e+00 -7.203972798055948701e-01 -2.131082248265023793e-01 1.859957336358486479e+00 3.428316131583351023e+00 -3.959372175100099867e+00
1.106315642973574598e-01 -1.497894550006739212e-01 1.687508431111774398e-01 1.741429815542109294e-01 -1.514115521529633135e-01 5.027397680439755767e-01 8.155198643145014636e-02 7.121045245682422475e-01 2.474814123592308235e-01 5.388184883153925853e-01 2.196661384345470758e+00 -1.643328883430353216e+00 9.684517902127698363e-01 2.625706470135485304e+00 -9.913678753780530428e-02 5.862277781034670454e-01 3.081867724265919151e+00 1.513611189908560029e+00 -4.534014808076573644e+00
1.237769453085979798e-01 -1.609855850271985078e-01 1.790693172503440012e-01 1.705385810789559198e-01 -1.613765436938408016e-01 5.710760586881904466e-01 9.153889033963621968e-02 9.255542493145627603e-01 -1.484149710886445206e+00 1.333996633659911168e+00 1.349462928160348518e+00 -2.430901624050514798e+00 1.123884573644048146e+00 1.592163070043999262e+00 2.774516756384599603e-01 -8.227344965784535447e-01 2.308076850626511245e+00 1.962570566594136423e+00 -3.425961154338513559e+00
1.095801162031973808e-01 -1.769343967335696433e-01 1.752501383805637747e-01 1.886799735517755705e-01 -1.210711625627786114e-01 5.588256162032205765e-01 8.589667062798844732e-02 -1.226550380925863770e+00 -1.597464650570810107e-01 1.624334670595217744e-02 6.247690437589428214e-01 -1.592242314279979087e+00 -4.655051588379244265e-02 1.070493575552193377e+00 -3.800278012705282649e-01 -5.644266337520242871e-02 1.116824927527244604e+00 1.512492736886795974e+00 -2.406840463302002409e+00
1.168243680644508176e-01 -1.934414585814307475e-01 1.746683790454792162e-01 1.616425987783238760e-01 -1.444822712563259559e-01 5.462132351485324833e-01 8.624474699383986864e-02 6.704208203713424297e-01 1.648237687087785730e-01 8.714673798236338698e-01 1.130799118720863916e+00 -4.546480236883203574e-01 2.086579181562608909e-01 2.620020094680920231e+00 2.384725750613503337e-01 -1.333746775196793521e-01 2.446579397732272732e+00 2.192013122670140035e+00 -4.411384759843508085e+00
1.247279372087586602e-01 -1.931127920120634944e-01 1.819100926826124343e-01 1.550923048340013821e-01 -6.981157073822830128e-02 7.193549181766227818e-01 8.795933936069100234e-02 -7.735817334215093766e-01 -5.951552173026195547e-01 8.838797129439903699e-01 6.385580577721947648e-01 -1.298996452520788658e+00 -2.148590716547058577e-01 1.825691740499307159e+00 -5.650872728192801731e-02 -5.066236505065333517e-01 1.794270142190752537e+00 2.927115400236791842e+00 -3.016098427568573825e+00
1.295568943028544973e-01 -2.067347580376376892e-01 1.819058382346062375e-01 1.537291249998078424e-01 -1.193218866591951866e-01 5.228108056456930441e-01 8.447737447155480306e-02 -6.901682028627584842e-01 -1.023460088828286096e+00 5.682578560533348977e-01 5.027267442901859340e-01 -2.190607244069398440e+00 1.772810198065570830e-01 1.722652135739803470e+00 -1.468166024725309882e+00 8.541360389626717620e-03 9.246559976628931921e-01 3.218138087478605414e+00 -2.116636520889269679e+00
1.096521674084836306e-01 -1.593391379959984699e-01 1.746601176942277900e-01 1.647906176565167025e-01 -1.016951278530671132e-01 4.481782798853477523e-01 7.726453472319333438e-02 -7.495775443883605504e-01 3.017101631647651772e-01 2.132699212154314239e-01 1.085261919184377533e+00 -1.390204776472272474e+00 2.440134836751699510e-01 1.893115818280726614e+00 -6.541539846966788474e-01 2.470472939047176908e-01 1.985078710184272843e+00 2.440719135281299579e+00 -3.279754552415619084e+00
1.213453738212380006e-01 -1.858172398828069616e-01 1.769838037234006400e-01 1.546058010354808276e-01 -1.128930092959278264e-01 5.705113065533953254e-01 8.946166672077404680e-02 -1.112916090231067301e+00 -2.243797559870390756e-01 -1.948684560562696788e-02 3.939565743415851529e-01 -1.126223419522374147e+00 -1.257928004854382831e+00 2.409255781234937999e+00 -1.395720889025342970e+00 -4.591137139877519147e-01 1.321217019437320062e+00 1.706266063022772173e+00 -2.138181563400425755e+00
1.130957083668370500e-01 -1.730579654920294530e-01 1.720977283999639840e-01 1.702921138543086466e-01 -1.513944316922467559e-01 4.629207465515201569e-01 9.234483602932067048e-02 -8.593877156794800243e-01 -9.153314786971353811e-01 1.019816278020275746e+00 6.250801200747826414e-01 -2.342264735033876111e+00 5.745866213751602558e-01 1.785858237803212845e+00 -7.347588785861454141e-01 -6.648125843338288377e-01 2.021925194516550839e+00 1.237682962557551392e+00 -2.625507849067930888e+00
1.176762032971380711e-01 -1.915182472356519172e-01 1.821626921431707680e-01 1.687352003548647783e-01 -9.872339483410552674e-02 5.203840049039984983e-01 7.773277459359248520e-02 -7.476686477007179477e-01 -1.726377221105703796e-01 2.610809932110438325e-01 3.175338835529828430e-01 -1.080239134613207863e+00 -4.809077579340943487e-01 1.827127610558032522e+00 -5.070149607975658057e-01 -4.699179341220265371e-01 2.438190491740344079e+00 7.469079274629644161e-01 -2.661970278634453901e+00
1.187851664370372373e-01 -1.616374281292685677e-01 1.788652171009803005e-01 1.577066875816843794e-01 -7.314904665555888030e-02 6.452329465221060545e-01 8.315571347823005888e-02 3.322180768256792760e-01 -5.811377915284605677e-01 8.155036715651657886e-01 8.497727929505849431e-01 -1.073810047353515706e+00 1.198285432541723594e-02 1.958078291202252075e+00 5.576726520967465461e-01 -1.645485298216575298e+00 3.575320749684621546e+00 1.562854741926702928e+00 -3.504771060997438070e+00
1.272351358407101118e-01 -2.093320935727615573e-01 1.814159530661308140e-01 1.596817793771853067e-01 -3.422231319358537416e-02 6.209874943511222156e-01 9.040353487990840375e-02 9.919728210353717657e-02 -4.366607613468360682e-01 1.496776332519918817e+00 4.842710514152157586e-01 -7.526450033440914567e-01 -7.976564912774453120e-02 2.311255839828802117e+00 6.248053996995199810e-01 -1.166280988643324967e+00 2.551708748347339295e+00 3.215463614548584204e+00 -3.807107179706417099e+00
1.186820524146960376e-01 -1.527911441449168461e-01 1.793564498458564416e-01 1.501448791761876844e-01 -1.598187241025689209e-01 6.105304627147476459e-01 8.133034470635422397e-02 1.860877757899359608e-02 -1.660696420067973023e-01 5.869354089863101365e-01 9.886043787291987073e-01 -1.195544290569579893e+00 8.719167613301159747e-03 2.359878055417845566e+00 -2.327537400272738921e-01 -5.594093318838169182e-01 3.350274290703259439e+00 1.213909753497228294e+00 -3.457669701876738166e+00
1.206556927760195908e-01 -2.008766609177996543e-01 1.796335646053694446e-01 1.652553916421130031e-01 -4.307047818994602650e-02 5.189719107368899742e-01 7.830072296681309107e-02 -2.211264977777407381e-01 5.522225378425851261e-01 4.238379686034381422e-01 1.149213566855587842e+00 -5.440935548812015909e-01 -3.157589293741658310e-01 3.072091473174648257e+00 -8.381813775306392600e-01 5.436808403296442549e-01 1.930326329526099727e+00 2.814752459833009368e+00 -3.873021495818346871e+00
1.157274197575254016e-01 -1.934922302078391221e-01 1.726716917713967125e-01 1.656554574185078454e-01 -1.841572091308991688e-01 5.569529001872228768e-01 8.243524989954457982e-02 4.016002524725594824e-01 -5.222447451552714170e-02 4.187937563454910972e-01 1.533598580350172824e+00 -1.862114654230228261e+00 7.505002478444993130e-01 1.577527808182923152e+00 6.142444157737809718e-01 -7.945600335648981272e-01 2.771719911219745924e+00 2.393650465513914583e+00 -3.707243858970105332e+00
1.200962948772207883e-01 -1.888026277869788716e-01 1.787540128421876984e-01 1.658376935838450361e-01 -9.588794914888865151e-02 5.489082405092187145e-01 8.310906992332084409e-02 -1.016969322091375361e+00 -5.262445625380198777e-01 2.009891414062874304e-01 3.928645549069127441e-01 -1.569678684219573128e+00 -5.973831625054311090e-01 1.981052320145933798e+00 -4.435855984032786026e-01 -9.427607873946772798e-01 1.452772295388125912e+00 2.120465860337987785e+00 -2.216535502102577215e+00
1.226010777148602016e-01 -1.815530213691607941e-01 1.825251922949616967e-01 1.468419990820929444e-01 -2.590955247613502266e-01 5.032817566642915352e-01 8.700858830761870610e-02 -6.909770896837965637e-01 3.024887359337347092e-01 -8.231059014496278081e-02 1.599049647182422262e+00 -2.057196559928311519e+00 6.191206608716850468e-01 1.630827885008048206e+00 -1.266927433752087495e-01 -5.297479780020255546e-01 2.707546927815780435e+00 7.896142668156382882e-01 -3.197409417220915540e+00
1.166141216783064261e-01 -1.903404725040282464e-01 1.739127293103033267e-01 1.702731747304332410e-01 -1.746083604303922954e-01 4.644901804044039295e-01 7.835265289004163247e-02 -8.853967299893383824e-02 -1.442179465317619425e+00 1.186752548942506813e+00 -5.006635277089195313e-01 -7.379191133213787168e-01 -2.648436232500701593e-01 1.101508150386826479e+00 9.601885102206431100e-02 -1.271766857865272549e+00 3.255277654292260792e+00 3.585680437362448458e-01 -2.416835282430747966e+00
1.175779914383461022e-01 -1.450738373053475638e-01 1.715292844015345042e-01 1.852837513970896355e-01 -6.647722052182603036e-02 5.025278515647628730e-01 8.765147049381960542e-02 -4.453355985745366397e-01 7.906719648638294018e-02 2.989521118338238637e-01 1.322952806089150002e+00 -1.768286677758021952e+00 8.125446866329362194e-01 1.375764383770202492e+00 1.247166999771609497e-01 -4.214488806967287005e-01 2.256382683368574504e+00 2.269744443392342603e+00 -3.377290039406708022e+00
1.265879195656294254e-01 -1.850176233402072157e-01 1.807744557582097178e-01 1.469948876473924360e-01 -1.973848874076417070e-01 6.105296260797001828e-01 8.269989554784590302e-02 1.137727553170986283e+00 -8.463330523025422991e-01 1.831875556682907025e+00 1.067636996912294300e+00 -1.185781018175043222e+00 1.287605277516825630e+00 1.976464107155950778e+00 3.161450209851750515e-01 6.691181233813541240e-01 2.292145540718903973e+00 2.767024121894627875e+00 -4.515431780864123112e+00
1.203341957864499101e-01 -1.808018279988554688e-01 1.765998125849718436e-01 1.657434548799908702e-01 -1.472658775648848506e-01 6.142748766523702386e-01 9.518612830751271847e-02 5.427020977599124052e-01 -7.218626249084127977e-01 1.269138098986166696e+00 1.654425159331106343e+00 -1.709417701103701948e+00 1.021457942996944368e+00 2.022281608602675362e+00 -6.410845894245920107e-02 1.257952798252830462e-01 1.825860590043399512e+00 2.955641811006839426e+00 -4.246553140485005429e+00
1.097012011816955457e-01 -1.564728167898349898e-01 1.759565378116232370e-01 1.626908703068362660e-01 -1.415735000582614145e-01 5.217894279343906483e-01 9.289624918600467018e-02 -1.002953854864904848e+00 3.868560915181884496e-01 3.296840093554278539e-01 1.630187221665656772e+00 -2.339275717425666201e+00 9.373106721136110764e-01 2.005223417147544041e+00 -7.779224562501925178e-01 1.618058958690156146e-01 2.079978782990810515e+00 1.698330402706012876e+00 -3.489029746990935266e+00
1.263287205563973503e-01 -2.019956187982959728e-01 1.828858356570869925e-01 1.489227837471983618e-01 -1.961659198897697243e-01 3.926969899472014802e-01 9.137587317748105398e-02 7.243810902974932020e-01 -2.163405033441512249e+00 8.978327809731929676e-01 8.076063149213030812e-01 -2.578098831243802458e+00 1.702862030195895215e-02 1.705880836454842786e+00 -6.721066705845792910e-01 -1.014277725962019261e+00 1.585050208459536591e+00 1.580947791007409009e+00 -2.027110431186629924e+00
1.321726151253920789e-01 -1.919703957713580489e-01 1.862583179626718655e-01 1.549983139516177832e-01 -3.858597163801613661e-02 5.769970638672541341e-01 8.388606672840596967e-02 1.849320104483878069e-01 -1.693099719678198056e+00 1.241198450765680583e+00 6.090581288021468254e-02 -1.424365360882323017e+00 -1.590985533209208214e-01 1.924178906699124170e+00 -8.648665112482047945e-01 -2.950445776556858135e-01 1.941041329309353358e+00 1.510764747000007624e+00 -2.389867138290382886e+00
1.132057383402091943e-01 -1.804318848842863532e-01 1.751351576791609077e-01 1.741501387462282002e-01 -2.643760428625833159e-01 4.909289633248348217e-01 9.144423947182332701e-02 -1.378090978029664626e+00 -7.202627053778556387e-01 5.363974694311739455e-01 4.138630693906444336e-01 -2.179878883401198841e+00 -4.120417823077815456e-03 1.228412775708674687e+00 -2.341461047236839121e-01 -1.058329486280441323e+00 8.541056647004179325e-01 2.561793291222922875e+00 -2.089804618645863865e+00
1.155778149547048439e-01 -1.649907185467894277e-01 1.696481154368809086e-01 1.792299811992423830e-01 -2.543862209893021920e-02 4.909026425719718034e-01 8.269837919676076288e-02 9.385392303434674233e-01 -1.487338280893475417e+00 1.315900475440219708e+00 1.467857810300579047e-01 -9.286133858007117325e-01 -2.629785805604383242e-01 1.861091030494181453e+00 -4.410794200600722803e-01 5.143659859990989958e-02 1.874254776162165292e+00 2.270726538624552759e+00 -3.049597608143825411e+00
1.163032336462869742e-01 -1.845240841418176458e-01 1.758889048955410983e-01 1.586437136660386882e-01 -1.631617078395737330e-01 5.759579010486337580e-01 8.081767020788921396e-02 5.838090467753476176e-01 -1.239237856334249877e+00 1.179275734074760607e+00 4.602701001182731844e-01 -1.423936049416509864e+00 7.667198994447064209e-01 1.347880498254050430e+00 1.595630543806647594e-01 -8.294698775460087603e-01 2.319095425675612887e+00 2.474295905025327258e+00 -3.176827512509560414e+00
1.115391755463553680e-01 -1.873437951527675560e-01 1.727557386884854829e-01 1.665188687022858272e-01 -1.853282083271571290e-01 5.777547340938098408e-01 8.211948307304407779e-02 5.009172158072416892e-01 2.051042494755233037e-01 1.478366103091980577e+00 1.043404233022622307e+00 -1.676529956904238006e-01 1.555288852019085510e-01 2.758916905013750309e+00 8.936711342217957821e-01 -5.163402072835570067e-01 2.695380670272079726e+00 4.008547085061994864e+00 -4.859232938493511789e+00
1.192640449427226079e-01 -1.728107260635486364e-01 1.748832780657617603e-01 1.645503214870488451e-01 -7.996554368471731067e-02 6.128242408773432182e-01 7.965577069600669746e-02 1.019084921929476195e+00 -2.427752844646429153e-01 1.297354464805323460e+00 1.776470432689501777e+00 -1.347906110970059856e+00 1.185337413890356295e+00 2.250376438945076885e+00 3.732618288269859974e-01 2.444466900973596424e-01 4.218239863380896182e+00 1.657241245532583562e-01 -4.691404900298818959e+00
1.123988118338511422e-01 -1.667605824793264579e-01 1.722710121348885459e-01 1.819741122500577735e-01 -1.270723710905526938e-01 5.507066581252808568e-01 8.977396568757553541e-02 -5.762553917392594371e-01 -9.786500898087124867e-01 1.114852192019313293e+00 1.360595806403726016e-01 -1.779123710055781071e+00 1.049044725440969827e+00 2.385156670835089088e-01 5.390901469243836175e-01 -3.692900129405094489e-01 8.263109379783504238e-01 2.597533217222698809e+00 -2.659399858730342903e+00
1.260878901206951008e-01 -1.933708954221621257e-01 1.834508754980022638e-01 1.418251500113850705e-01 -1.008104655298197594e-01 5.227764708004061234e-01 8.931960163924733409e-02 5.273397209592909363e-01 -1.164990422872525411e+00 1.314158749194694664e+00 1.022827125173449758e+00 -1.448540822562104147e+00 4.279833986280845437e-02 2.215110823464893741e+00 -1.064751996479698093e-01 -1.396482533899128242e-01 1.473709980396158414e+00 4.191171526172990269e+00 -3.470526452445992227e+00
1.260885879364951334e-01 -2.054959943189584304e-01 1.806620939805411996e-01 1.473530971606402673e-01 -5.664903230056617112e-02 4.401508103709765862e-01 8.084274346674547029e-02 9.283206028349519912e-01 -4.086636903363292106e-01 7.983855639424568551e-01 1.475448304204044270e+00 -1.250198861865408517e+00 2.657926133469281638e-01 2.526117075296565595e+00 -4.082351770462810947e-02 1.799487727468509490e-01 2.725293664437343111e+00 1.681266549796194276e+00 -3.944927312066894842e+00
1.149618840525336583e-01 -1.478003183128059339e-01 1.736112755076827385e-01 1.811992370735652225e-01 -1.257520551886732729e-01 5.797844092289601292e-01 9.422206578941261235e-02 -2.105812698253712867e-01 -4.784550995674763385e-03 1.016129248822165820e+00 9.779274160048974096e-01 -1.335883569461955300e+00 7.633361748970957095e-01 2.028431403063105876e+00 8.711370155327813336e-02 -2.657655052786616068e-01 1.827572968047226354e+00 3.076426568542750317e+00 -3.909008703936057039e+00
1.083112685399622022e-01 -1.539742894733177048e-01 1.706368791197608870e-01 1.623850604899155226e-01 -2.160715500370117281e-01 5.437655490890227483e-01 8.533683634942004770e-02 5.382410149365064456e-01 -1.955103501369825914e+00 1.160472796513194460e+00 1.330024399537323987e-01 -1.724973367775842981e+00 3.591359385578485330e-01 1.079843220131012416e+00 -3.542814567902325962e-01 -8.133237843200191719e-01 1.788890586305306840e+00 1.850866675243465487e+00 -2.387134844843134651e+00
1.196963199467962202e-01 -1.835629212634345975e-01 1.745925446741302955e-01 1.620751372497827303e-01 -1.234384418876374179e-01 5.141868548902865932e-01 8.171539603043206923e-02 1.718563864335851399e+00 -5.467637047109761284e-01 1.655479181861507776e+00 1.390548079733741282e+00 -5.600736159978350059e-01 1.325111505539795509e+00 1.864474082204069738e+00 6.459158311652419826e-01 4.557739252703836286e-01 2.741163442934611005e+00 3.802033093355223770e+00 -4.946968292005123224e+00
1.128633172283123876e-01 -1.776562907317379425e-01 1.749321597946383866e-01 1.824393395047919642e-01 -2.052598846561488610e-01 4.863049718908354357e-01 8.640126733371496226e-02 -3.910065792314458832e-01 -9.530862952848959679e-01 6.323654491989696425e-01 5.807402663439722446e-01 -1.777186572235778694e+00 -5.677481459430362420e-01 2.419753033391157437e+00 -1.683776293649502875e+00 6.484278855744456393e-01 1.039737306363470282e+00 2.020518323452601628e+00 -2.468135493034170569e+00
1.145797071599417571e-01 -1.736004072046390956e-01 1.774368756953834392e-01 1.682216768513553617e-01 -1.245116312930069080e-01 6.091610298798117995e-01 8.318469621105301082e-02 6.355449757432403146e-01 -1.272571070815171623e-01 1.107445872138027809e+00 1.144468459317301345e+00 -7.382776807300732713e-01 1.183895611474028442e-03 3.111153397212744309e+00 -1.855548045114794320e-01 -4.480519260347959332e-01 2.878084190408552345e+00 3.705099195370097576e+00 -4.288151208180661200e+00
1.099054793648581996e-01 -1.563356828083293792e-01 1.708823228143261375e-01 1.911141170650649812e-01 -8.871381074601913941e-02 4.796044952732478883e-01 8.560168638358461868e-02 3.881639887960552926e-02 -7.900326746402193123e-01 8.167854851711648934e-01 1.048301697668750698e+00 -1.777112683907972723e+00 2.729558509891845119e-01 2.323925405232182051e+00 -6.905405388835941238e-01 5.760658145330666002e-03 2.006701414349754131e+00 1.371407368150777906e+00 -3.252666167775277284e+00
1.290623879786821915e-01 -2.069253655523044522e-01 1.884575817905456419e-01 1.544947131780500804e-01 -1.898427755995173438e-01 5.926908604411891268e-01 8.365244056677496876e-02 2.545536723144303792e-01 1.137269123362916190e-01 8.035174796126378638e-01 1.682539004253849058e+00 -1.588302943564485314e+00 1.234902070165908583e+00 1.650729837702941794e+00 8.065571405933802396e-01 -1.617337090959169998e-01 2.015456540603040914e+00 3.121118813779936829e+00 -4.189581941981077584e+00
1.280891182280697593e-01 -2.017641741941141875e-01 1.811843920022777055e-01 1.407448320222064453e-01 -1.647373967513829918e-01 5.778839158829689460e-01 8.366329461975288706e-02 1.602209857994107978e-01 -7.626878206387726067e-01 1.048782847473432867e+00 9.855083747114665726e-01 -1.694657010016348941e+00 1.528000786682772727e-01 2.550765977283832697e+00 -1.093487393608354008e+00 1.423979791342233625e-01 2.358693842409099517e+00 1.592671010076519345e+00 -3.321868485378008273e+00
1.198994249028894066e-01 -1.745523375633876162e-01 1.791933990440459368e-01 1.723470644372568916e-01 -7.617825648231213442e-02 5.182778934907745771e-01 8.074933986253998719e-02 -1.616485312512105921e-01 -8.071135917666829585e-01 8.140527847476075607e-02 9.046539220031153405e-01 -1.617902413884775292e+00 -3.975817717916676486e-01 2.040281700270680787e+00 -1.191590834356909490e+00 3.603552986400622160e-01 6.867362467149318306e-01 3.354888395425426495e+00 -2.452420850077818404e+00
1.214043415341451715e-01 -1.907909609426261532e-01 1.826718543078673929e-01 1.538174610538920462e-01 -2.356693138392343956e-01 3.936060632550546501e-01 8.807605951843905379e-02 -8.917622142931396212e-01 7.613483275287613594e-01 -3.122621026384830856e-02 1.364241708050456303e+00 -1.136886111434443514e+00 -8.791705025654827921e-02 2.526068088568143466e+00 -5.684688244513491640e-01 -2.404925287979313708e-01 2.954316970278572541e+00 1.447537849590167625e+00 -3.495910671985494211e+00
1.242578522255009255e-01 -1.866759575595265397e-01 1.783179822307427165e-01 1.657248477713373358e-01 -5.138146919826014347e-02 6.318140214965186630e-01 7.676832295536448192e-02 3.447964160477043905e-01 -6.861128044244999558e-01 1.021844305048821511e+00 5.197081806398529125e-01 -1.075890407844172003e+00 -6.547832778556728073e-02 2.170218082259962600e+00 -1.916143643871244251e-01 -5.341738594954321684e-01 3.797186923461508101e+00 9.586049006767760616e-01 -3.375499745454928480e+00
1.175911322939673098e-01 -1.814589717167411909e-01 1.801526754682367948e-01 1.399664819634373059e-01 -1.786294354675642682e-01 5.798839497424403966e-01 8.428230884930583422e-02 2.128333236874313528e-01 -2.595590640410714300e-01 1.742378554968649240e+00 4.632765978557120690e-01 -3.803864470169120438e-01 4.082563456482493081e-01 2.117074090498778816e+00 5.230079162377041513e-01 -6.482734144871287185e-01 2.998186622000925894e+00 2.754026347995037760e+00 -4.252221563710961938e+00
1.159801234912443968e-01 -1.724285466819867052e-01 1.796891740093333190e-01 1.574358555968542461e-01 -1.947753272158976312e-01 5.574376307597455060e-01 8.571634941414331410e-02 -2.063967374790047771e-01 -4.318385878602066796e-01 1.224656202635411084e+00 4.137021858326095369e-01 -7.975500211248913729e-01 -4.882367627834138801e-02 2.258705813909712035e+00 -6.379276080650893022e-01 2.820078367192841995e-01 2.030953831142858768e+00 2.224780453059295837e+00 -3.593769807187121579e+00
1.244094949601342870e-01 -1.884496363497244475e-01 1.801009845362787631e-01 1.487787911389446549e-01 -2.091249270080763889e-02 5.345521785785707358e-01 8.482656955540614219e-02 5.033045617380684789e-01 1.314152120132305868e-02 7.479421388053744124e-01 1.549639391082956230e+00 -1.295765656881328276e+00 5.155551740047652487e-01 2.257513720266983270e+00 3.268135183052622850e-01 -2.826504253838537650e-01 1.812871507657335179e+00 3.628566866762431786e+00 -4.185768116672452521e+00
1.175112817265000775e-01 -2.166911606413419733e-01 1.779625494064800695e-01 1.409272545214261818e-01 -8.524769455298053522e-02 4.772246980029328789e-01 8.482840937386459945e-02 5.662448395291974634e-02 -3.260546542056497188e-01 3.550930423586287077e-01 1.524408172472348610e+00 -2.049519430697962719e+00 8.332243946691360037e-01 1.406792288718312633e+00 2.436615407243936104e-01 -9.014229738792014501e-01 2.488713297925569279e+00 2.221817013919624273e+00 -3.295210943084665001e+00
1.230089660428093090e-01 -1.825413454471119246e-01 1.769542006110238486e-01 1.621728480799496941e-01 -1.204133232324049452e-01 5.583118905661517140e-01 8.849967842692230136e-02 -4.644373536480204123e-01 -7.634845086660053681e-01 4.985857603223688983e-01 7.140663839640666311e-01 -2.141911584731838847e+00 5.446142529543882560e-01 1.207470498473210974e+00 -3.997680700374477425e-01 -7.936704977333448596e-01 2.120699148605139861e+00 2.973121814256815654e+00 -2.511653204435440490e+00
1.233855503082885996e-01 -2.033665461785825745e-01 1.839638836787106657e-01 1.403037986838426843e-01 -1.526131695166061952e-01 5.373742392137792478e-01 8.857245342497289953e-02 5.477048572766962664e-01 -2.001911034410124302e-01 5.155501235031589857e-01 1.876814743625347504e+00 -1.898604044535120217e+00 9.028074301955992809e-01 1.765637462987054818e+00 8.878873380398193405e-01 -1.673338441018130229e+00 3.696940478014319353e+00 1.785906100117403028e+00 -3.916827097556699222e+00
1.148368799678425867e-01 -1.761801298784025360e-01 1.715527340281876034e-01 1.712403514467173427e-01 -7.810045449098479420e-02 4.425665169920667275e-01 7.976961820014573379e-02 1.138969244315615192e+00 -3.548136882297621142e-01 1.649479176084791554e+00 9.868351844244909188e-01 -3.737418102052405544e-01 4.095084484498423549e-01 2.727802569067286242e+00 -4.222649294927567354e-01 1.221583662344174925e+00 2.455450947291670794e+00 2.634073614509937045e+00 -4.574658982516405459e+00
1.169232940411403521e-01 -1.809363413369524110e-01 1.731518441408539388e-01 1.634900970019389499e-01 -1.306705506567663599e-01 6.377546697738707415e-01 8.807922941376558623e-02 -6.080077234992833368e-01 -5.750438293253692379e-01 -1.579809270128773591e-02 6.950760856170443702e-01 -1.838336636595418572e+00 -7.819828749284924996e-01 2.128599999232601014e+00 -7.660928210713811026e-01 -1.299842906730676706e+00 1.824799991416918843e+00 2.955091809309009498e+00 -2.142458883813502801e+00
1.100604509311097212e-01 -1.746635701107159822e-01 1.782999215784869529e-01 1.581083176265506429e-01 -8.468389916209762003e-02 4.979947801758282111e-01 8.217945694404435453e-02 4.389654204641555424e-01 1.752293875410080304e-01 1.409638889075929491e+00 1.496770270742723952e+00 -1.126516060238487160e+00 1.225780623603085928e+00 2.035079072578446002e+00 6.231353556606098465e-01 5.611028513188873745e-01 2.025421425452400115e+00 4.626956730656168304e+00 -4.811637532671135808e+00
1.322381187564001248e-01 -2.210890520741307652e-01 1.852233949165075222e-01 1.507050735782943240e-01 -1.034272617004272643e-01 5.035630602330520844e-01 7.936804184564226483e-02 9.135352172941955118e-01 -1.520586931102927419e+00 5.428326532427627527e-01 7.234560523126774001e-01 -2.025692961731910380e+00 5.479939287127173486e-01 1.103780858768358186e+00 -5.424830325951974785e-01 1.616064317496253011e-01 1.152698335831638943e+00 2.737216713890314068e+00 -2.390945196697678909e+00
1.173273570903489715e-01 -1.455764140584537847e-01 1.785289972491589106e-01 1.574123830370345312e-01 -1.315765921360274593e-01 4.349162480498462990e-01 8.657318490316706638e-02 -2.944437740210936738e-01 -1.542701555610639819e+00 1.231096534786095376e+00 8.453348694045459411e-02 -1.771779762901362965e+00 3.419431996721495892e-01 1.002537865436464948e+00 -1.649470632876424148e-01 -1.864129227232114161e-01 1.488559288217481402e+00 1.330695217435242661e+00 -2.342367697482063527e+00
1.127876694032775018e-01 -1.759146678847582357e-01 1.714704769800935447e-01 1.955533987860148537e-01 -9.575546995508665837e-02 5.782246744344310407e-01 9.204475986877179439e-02 -1.116632827930692962e+00 -1.869303062256557624e-01 1.055968463316903971e+00 2.652360177704835564e-01 -1.181028146377885335e+00 1.379541206816803367e-02 1.582484836727731548e+00 1.078317920638856009e-01 -4.309485367790992782e-01 1.121094158825716391e+00 2.491963987312844075e+00 -3.072439415115032268e+00
1.146221552007364308e-01 -1.565007533104946780e-01 1.761202072577366939e-01 1.722671741902531695e-01 -1.576059260378517290e-01 4.948092584207643974e-01 8.425377891781526962e-02 6.068300719103847385e-01 -2.883744128313630029e-01 9.444922376442930201e-01 1.717647708097759462e+00 -1.600859291883272917e+00 1.635141204724352093e+00 1.202084488651314231e+00 7.363604275017356926e-01 3.506654749661404225e-01 2.276214625076351084e+00 3.084604786370741536e+00 -4.338104553256879825e+00
1.191347819759627780e-01 -1.843009031485384197e-01 1.733712596895190527e-01 1.805173201319922871e-01 -1.045563555693558300e-01 5.143240139741696026e-01 8.600969035665120832e-02 -8.108852963133292846e-01 -7.246750512846764636e-01 3.187690543569035029e-01 4.895404572882258165e-01 -2.154991527069778812e+00 8.478758342785912561e-01 9.808141745243670329e-02 4.894558717778405565e-01 -1.525571615065965947e+00 2.877326999900777338e+00 3.984409782750049089e-01 -2.160741400614037300e+00
1.180518607219057936e-01 -1.688724747735037002e-01 1.731141789899720562e-01 1.612958086866198570e-01 -1.620997376020536507e-01 5.098916374101922777e-01 8.349377839235858079e-02 6.448724908122480670e-01 -7.143867868517421726e-01 3.237949823913126579e-01 1.723675316437509153e+00 -2.229403175301242435e+00 1.086776407862485527e+00 1.504818237828894567e+00 -4.057700317591654837e-01 9.943898555336616596e-03 2.977110097545400791e+00 6.330444479703185579e-01 -3.331782771555947598e+00
1.211450355029084214e-01 -1.632458831611127148e-01 1.796291805923598273e-01 1.652341115961220019e-01 -1.637513542281762158e-01 6.646954334891477245e-01 8.923269445779340170e-02 -8.492390878773914409e-01 -7.997898667874743239e-01 9.868764993360521487e-01 -2.816895207490226483e-01 -9.298367276160846018e-01 -6.587117837194798042e-01 1.761233593065584024e+00 -2.558761392140658231e-01 -8.677295867296965781e-01 2.131082323953229718e+00 1.011608516597707563e+00 -2.431613513205109101e+00
1.140523218992861298e-01 -1.876338911001008136e-01 1.734289890741185503e-01 1.598314842018192516e-01 -1.797960608145083850e-01 5.223805354577737425e-01 9.072086972800660898e-02 9.195980410447699427e-01 -1.031772737120373318e+00 9.143687171617109755e-01 1.329279755982522460e+00 -1.747920549927302059e+00 9.114150093988673262e-01 1.443611536243979643e+00 -5.692127954998316142e-02 1.062805107732511800e-02 1.542175659375714325e+00 3.049597275800973506e+00 -3.524163378846869588e+00
1.135678822637365415e-01 -1.744494568313705862e-01 1.797944488119604112e-01 1.674286721817468404e-01 -1.263419295342080861e-01 3.822045585671416390e-01 8.730069326504992511e-02 2.553396622967385454e-01 -6.706675013691150156e-01 9.326753487873968851e-01 8.262193339682166737e-01 -1.087599141249020462e+00 1.487627006546485831e-01 1.988128726441258820e+00 -1.716744795363815967e-01 -6.400538496008323364e-01 2.368430814678024632e+00 2.234870601009727231e+00 -3.441212321039790911e+00
1.082205762621634426e-01 -1.597461244628833321e-01 1.774219811016930215e-01 1.665912323176856891e-01 -1.230521291248994897e-01 4.823447725684508747e-01 8.849559343215557261e-02 6.345081456277457121e-01 -7.600974765153978296e-02 5.222861616528167161e-01 2.160240497586160657e+00 -1.473994521339927477e+00 3.965690152948013747e-01 2.763399107491406603e+00 2.063051111614200295e-02 -1.982069737651599439e-01 2.648496619971626664e+00 3.356970695206177524e+00 -4.367120359764910198e+00
1.214028073819741760e-01 -1.717121765268274647e-01 1.801838371839991904e-01 1.761832444732925884e-01 -1.676492829215637803e-01 4.411995097769705332e-01 9.253154106239944166e-02 -3.301642839043203992e-01 1.348165547036632717e-01 8.586515153886011831e-01 1.143436974039770071e+00 -9.214291269802759032e-01 4.956502218795328929e-01 2.052757080971538528e+00 1.686987187550048617e-01 7.841767788172226972e-02 2.008883260656410208e+00 2.556142917965633643e+00 -4.051816958016467574e+00
1.201454873252608413e-01 -1.776481490733420321e-01 1.782065777472159052e-01 1.604189913657053657e-01 -1.984047155537215223e-01 5.065630133315739414e-01 8.906849717398931943e-02 8.917873468295720585e-01 -1.319298088434079474e+00 7.437800290257436941e-01 1.490814398415021280e+00 -2.098635186462247226e+00 3.337993805872399022e-01 2.238933070775253498e+00 -2.711152553553111133e-01 -5.504801133789269940e-01 2.458301465462337632e+00 1.374271218993863286e+00 -3.216539089580539912e+00
1.158499838392341164e-01 -1.730052924179603102e-01 1.840724706065165195e-01 1.594973357217254195e-01 -2.251343865417223533e-01 5.088247292744330075e-01 8.642346608562978538e-02 6.216051482505129400e-01 -2.694395327921963457e-01 1.223014648048199149e+00 1.309640525084137863e+00 -1.031518455339388574e+00 5.984640129144835896e-01 2.438501677508337906e+00 2.412941330309337218e-03 5.083376898031213287e-01 1.987205222202284460e+00 2.194708394846878186e+00 -4.318818259206524068e+00
1.253790637427935617e-01 -1.802243219492272175e-01 1.823911640894819441e-01 1.519841381858124674e-01 -1.606387155361825858e-01 5.325076995712381134e-01 9.531251029795100027e-02 4.349969714156483036e-01 -1.493619738044463130e+00 1.481018956723866076e+00 5.017937331831712200e-01 -1.332438248711459217e+00 1.371559646007209921e-01 1.576587519996004438e+00 4.419389923878771498e-01 -1.324307435443226488e+00 2.427221671311691864e+00 1.510875815725373883e+00 -3.040099634811282314e+00
1.139561115066729802e-01 -1.493743076247856516e-01 1.768897568800230913e-01 1.850197235568283860e-01 -1.263766014396423554e-01 6.465419622069981109e-01 8.142204607777062120e-02 -4.949993565134560569e-01 3.802958358424923802e-02 5.094322357577887317e-01 1.102615588204017172e+00 -1.166475182957142032e+00 1.191537413217700347e-01 1.958785530652143336e+00 2.651270980188051851e-01 -7.647217354066802031e-01 3.465442573103732826e+00 4.185724480060812880e-01 -3.523435898901720709e+00
1.221552781392056253e-01 -1.936307935624361765e-01 1.774052906766487026e-01 1.660387319097685888e-01 -1.523340462056124167e-01 5.613619223732344565e-01 8.322666646235556132e-02 2.722734949788154779e-01 1.756460335483280844e-01 1.427492067741086501e+00 1.333720230763576708e+00 -9.132796414296100451e-01 1.312045810084676134e+00 1.499901429861754565e+00 1.487629920020432372e+00 -1.214186462381367626e+00 4.185514222212283642e+00 2.214353399506151732e+00 -4.737219347491464561e+00
1.179524463899384590e-01 -1.928683588800471083e-01 1.786029639179758655e-01 1.540396886932282605e-01 -2.176552711148054264e-01 4.710575056066139688e-01 8.204176775184708614e-02 6.425361315927453632e-01 -2.809271019676327086e-01 1.423546131848537399e+00 1.056659801001670118e+00 -5.185374116506222819e-01 1.804566432547183297e-01 2.472953062646258360e+00 4.567442305322986229e-01 -4.181597119131197360e-01 3.761535505165936044e+00 1.746459821356120656e+00 -4.335200520016711856e+00
1.071923022675806969e-01 -1.714559835363015372e-01 1.718730502635874846e-01 1.782449083658291800e-01 -1.989349064931293931e-01 5.242953971852966077e-01 8.415597601657193172e-02 1.368398961973449346e+00 -6.036151074239359815e-01 1.433982845645342508e+00 1.617778218000278656e+00 -1.401558040801370808e+00 1.231334207422576377e+00 2.202428593651624134e+00 2.459771577313709656e-01 2.846604089467437149e-01 2.845602820603458483e+00 3.010080855454850379e+00 -4.629043763492694197e+00
1.141227585237737652e-01 -1.676142352119878165e-01 1.725441499493704234e-01 1.881183208446861599e-01 -9.914030692235054065e-02 6.046337206460656866e-01 7.975523481662304126e-02 1.062748834663405972e+00 -2.341372924099065500e-01 1.236039051847360071e+00 1.686245369949391559e+00 -1.381165573569167471e+00 1.625417437513054786e+00 1.303540868266015451e+00 1.062380752085882563e+00 1.605207209590941986e-01 2.535056338260988973e+00 3.092566973180989720e+00 -4.600100601833688074e+00
1.224454064029806832e-01 -2.094346747966923661e-01 1.821459011242077541e-01 1.669110677733579573e-01 -1.989211786755158418e-01 4.575446787775474533e-01 8.400792514653671050e-02 -7.514071654080769491e-01 -5.854688298924140000e-01 3.314846260061852234e-01 4.888312538200469959e-01 -1.814527586420476180e+00 1.062939801358018244e-01 1.494015055431489714e+00 -8.872626890519743625e-01 -7.506149424239456636e-01 2.026735870468762357e+00 1.446174411244552260e+00 -2.282413985059441153e+00
1.112533584098969186e-01 -1.833609337172532605e-01 1.733985532879963598e-01 1.706605346044713922e-01 -1.050069307343901581e-01 4.910872419613565576e-01 9.119979012404269558e-02 7.602967697272235981e-01 -1.096758496074802913e+00 5.876036412750362814e-01 1.160453483389874307e+00 -1.623717699601698872e+00 -2.039798987146834719e-01 2.258978431603024362e+00 -7.599891546208672466e-01 -3.618755160624829159e-01 1.192826853342222826e+00 3.308831322208570569e+00 -3.037121016313839128e+00
1.160733396055585731e-01 -1.807982237215063903e-01 1.724408716498311844e-01 1.707568569075613718e-01 -1.073394613734091063e-01 5.617431990985286561e-01 8.722331584004278104e-02 -2.120817040544249465e-01 -9.100580408048131176e-01 5.938550659040986446e-01 6.692379918479263168e-01 -1.573927321378234545e+00 7.392137151188826749e-02 1.392527450357113672e+00 2.374636941037628901e-01 -1.538057115710460110e+00 2.136684350601194993e+00 3.760776963898685210e+00 -2.703684264088840994e+00
1.240232801122469475e-01 -2.124885909716449639e-01 1.868533963777894991e-01 1.382752274445715468e-01 -1.329251300157554549e-01 4.251254010556655416e-01 8.494084501084342431e-02 9.305572820590413130e-03 -8.051173851024060468e-01 5.004138260855173215e-01 9.823896125337281404e-01 -1.952247911193047969e+00 4.061173327919860299e-01 1.388904139780217761e+00 -6.295218134160247558e-01 -1.321638848765971375e-02 1.541607637867608460e+00 2.021258018269170620e+00 -2.646295287812153063e+00
1.200557628435905133e-01 -1.941141214851054841e-01 1.835820378718672763e-01 1.460592070280439803e-01 -1.328061965094906594e-02 6.104017286589886737e-01 9.203209969188061446e-02 -1.135981126917664508e+00 -8.877361579388978186e-01 7.507617245843629661e-01 4.067637268569681552e-01 -2.205253417427746498e+00 2.879600178639769581e-01 1.533946180279672333e+00 -1.280901424877511907e+00 -1.659884000053581943e-01 9.932193360902550339e-01 2.425849057269504172e+00 -2.149129238810218112e+00
1.227534043611156478e-01 -1.805275664342704256e-01 1.740530023096407419e-01 1.555314318982788935e-01 -2.072635732231574712e-01 4.419150901030173273e-01 9.153606126187062431e-02 1.805499427454479999e-01 -1.249519622574691180e+00 1.366331626791968290e+00 4.954731798688660760e-01 -2.030576678425184411e+00 9.524760911304985811e-01 1.211332145296094787e+00 -2.683976658536870730e-01 -2.174207014488294121e-01 1.984605223614268610e+00 1.387953578458676063e+00 -2.930034964351627913e+00
1.242723310716178364e-01 -1.958477630086933319e-01 1.778777546751709737e-01 1.551043066961675931e-01 -1.283294155271089698e-01 6.816355526041952828e-01 8.411484866900809099e-02 1.254879197810606861e+00 -1.254409493352333982e+00 1.627481217106479860e+00 1.889768070129225208e-01 -3.924846647817545886e-01 -1.628111851991800307e-01 2.040004936229244947e+00 3.112676251515891224e-01 -3.907324082355598804e-01 2.239227912715534785e+00 2.922703174279082106e+00 -3.661959399054667497e+00
1.228842162581921527e-01 -1.923835583467470856e-01 1.800811795608837640e-01 1.546508115622681201e-01 -1.899997749098163435e-01 6.181771963594449026e-01 8.919558308643249500e-02 8.881341633421691029e-01 -6.560575003804647309e-01 1.292455046613882885e+00 1.464844102801245995e+00 -1.725759601720102676e+00 1.142553173139447154e+00 1.947252069311280920e+00 -3.155064614622560271e-03 4.879925806431870683e-01 1.486056576733779444e+00 2.311778415501932749e+00 -4.152361101229948837e+00
1.205584258900712635e-01 -1.696611976869940031e-01 1.743507629654914570e-01 1.611227912766973747e-01 -1.112521651891793528e-01 5.616840421882760559e-01 9.129711139585826307e-02 1.103556591989693914e-01 3.160113208669104168e-01 4.414928377377087543e-01 1.303281817830329814e+00 -7.336532577931951238e-01 -8.210856664281074302e-02 2.555352956376959028e+00 3.961776892957988849e-01 -9.781901274673971969e-01 2.461544888805717868e+00 3.294854722290263993e+00 -4.065255601095880245e+00
1.228481672537202474e-01 -1.921580343709856087e-01 1.797862018733188683e-01 1.409699721223437452e-01 -1.030161775880720221e-01 6.133907585241713534e-01 8.824924685440739547e-02 2.820538016708384887e-01 -3.186797703875585697e-01 7.222270177436307392e-01 1.146768795765039428e+00 -1.347400972598622459e+00 2.996335561576302098e-02 2.832797837777707883e+00 -7.978336369296537001e-01 -2.271415109420615863e-01 2.343258346418303439e+00 2.391113982535393312e+00 -3.546240261145418238e+00
1.190365770085994035e-01 -1.893323120355779321e-01 1.795036089994587192e-01 1.474571492650940119e-01 -1.416428704295813468e-02 5.241597072178882932e-01 8.446165092383317585e-02 -8.894033136369507986e-01 4.769711203859738902e-02 3.936859837520723104e-01 1.111325011609666014e+00 -1.866458398786835282e+00 4.227524288364561400e-01 1.955784423813915041e+00 -3.885101837238007505e-01 -9.843036649554957052e-01 3.147437218548390092e+00 1.103768487232628104e+00 -3.139444444856548166e+00
1.196492221418075930e-01 -1.792229741171211810e-01 1.781141563669353667e-01 1.619857778307653984e-01 -5.422624098541684035e-02 5.931427129735786785e-01 8.851380017727375482e-02 1.784209569543172336e+00 -8.085389763297916588e-01 1.802114472652172950e+00 1.278050369864638824e+00 -1.046025220358310914e+00 1.426434880296037377e+00 1.847150856188426005e+00 4.875104286846205781e-01 2.123506379524897625e-01 2.331314956000026584e+00 3.984915249527011483e+00 -4.891329228826531761e+00
1.235832644282479909e-01 -1.915465094014442982e-01 1.804726765942011035e-01 1.544855474484786440e-01 -2.600594174664472291e-02 5.177518472488218393e-01 7.755884775089874617e-02 -4.159117834348737830e-01 -4.524860920629238947e-01 3.047342096888074892e-01 3.188116370198699201e-01 -1.048938987670434919e+00 -6.802762533470110284e-01 1.691944157114785519e+00 -2.498525478539797007e-01 -7.417404943546621610e-01 2.832478843601852425e+00 5.801145015769524349e-01 -2.486357638394493641e+00
1.156391303765654521e-01 -1.897489716310736263e-01 1.730860663671115740e-01 1.758884701385032834e-01 -8.470249630696258247e-02 6.530185695417487501e-01 9.557857017549616085e-02 -1.384651345622964769e-01 -1.729522448219829478e+00 1.233105943696497064e+00 3.649661541668418607e-01 -2.104233050297522389e+00 2.600931888087911759e-01 1.279107565066411212e+00 -1.453645546900190766e-01 -1.673267626297740396e+00 1.913845960109711086e+00 2.224277478130836094e+00 -2.313336424339943243e+00
1.178690147301112157e-01 -1.955570041716709340e-01 1.758494177857463092e-01 1.572454868091527347e-01 -6.134427434217037955e-02 6.011503570070373392e-01 7.902639948241903245e-02 -6.867453540269705670e-01 -1.269228387126011270e-01 -3.477334388390929121e-03 1.385456041370158431e+00 -2.268437877726209528e+00 2.900918652341433202e-01 1.645946469568216664e+00 -1.692728833619723261e-01 -1.185893748861372554e+00 2.632457562466755441e+00 1.990225594324367187e+00 -2.857117576489828448e+00
1.187164506439236378e-01 -1.674507420192977158e-01 1.732065622832925922e-01 1.644842542544132646e-01 -1.080081060856280528e-01 6.183976667972097552e-01 8.371158888358137817e-02 8.468668852273371073e-01 -3.201400229422635135e-01 1.268650314095602916e+00 1.463633856852190718e+00 -1.031007479464682852e+00 3.919204846206376658e-01 2.765509284156737024e+00 -1.794116927747886336e-01 1.107472068310144664e-02 3.385548411041387595e+00 1.414831818073041703e+00 -4.475007248105105973e+00
1.260033547683523658e-01 -2.144085434737930118e-01 1.829628039431852593e-01 1.470851940598694174e-01 -6.553961676906583378e-02 5.160566894926397197e-01 8.625061512642254180e-02 6.446714393727823733e-01 3.735614136376685934e-02 1.398217709421420096e+00 8.154522353311923766e-01 1.913132785938564950e-02 -3.448767236397403124e-01 3.299502514873143610e+00 -2.898464462682968090e-01 -2.767223799684925822e-01 3.415885905426431890e+00 1.898319157426601400e+00 -4.505530992339973118e+00
1.150555306268071787e-01 -1.734888904509207519e-01 1.739856033066548291e-01 1.644016663658018906e-01 2.673815856911310185e-02 5.675767027295872680e-01 8.433814256233562734e-02 2.619628783576573028e-01 -1.033706031347510379e+00 3.129163247515753810e-01 8.324062863576555671e-01 -1.594505668943673182e+00 -4.639764751608073112e-01 1.669743480598279817e+00 1.147886346727622353e-01 -1.687606592076347223e+00 2.809512894638606539e+00 1.653200751263530499e+00 -2.541870770782388433e+00
1.213479121662745519e-01 -1.866520299095740798e-01 1.769805451894790604e-01 1.662768315618494697e-01 -1.155920049716079312e-01 4.796720074621072527e-01 8.720449945576833062e-02 4.408667584826408969e-01 -1.178994847084275488e+00 1.032437445678549892e+00 4.321038198336246694e-01 -8.148604365133360616e-01 -2.298506124330677025e-01 1.714673309201380391e+00 -1.410123469887123449e-01 -2.319776773845720896e-01 9.540274673425468421e-01 3.892361347264884586e+00 -3.007275434297631556e+00
1.159359396369855910e-01 -1.810787854125725516e-01 1.739342096684811934e-01 1.626464447562059323e-01 -9.877209688246857411e-02 5.564616926669505581e-01 8.625414003194026291e-02 -7.271014563399234021e-01 1.151088994038111935e-01 -8.149192487332586055e-01 1.457505060230137595e+00 -1.846964647404405468e+00 -5.781354586565230491e-01 2.237307867398373062e+00 -1.000988273390212679e+00 -5.356877242431554720e-01 2.245737719379462760e+00 8.825261008782714356e-01 -2.397875538277634888e+00
1.203219627807855241e-01 -1.611716439213666252e-01 1.782111498080446721e-01 1.605766068608058816e-01 -1.893920065270078279e-01 5.776100912431423318e-01 9.189435437067075552e-02 -9.124507030110331485e-01 -6.437883642322779210e-01 4.436873316644511789e-01 5.805634598416267167e-01 -2.135358366712377887e+00 5.405559855435360106e-01 9.375807798245645586e-01 -7.006834072908141309e-03 -7.734718527262813836e-01 2.084644383158029690e+00 7.174569020488394955e-01 -2.334843005887810019e+00
1.144306026619789085e-01 -1.758828025749801238e-01 1.764030881653467775e-01 1.523275469079522493e-01 -8.137407408012420351e-02 5.871059664870554862e-01 8.210406162986565171e-02 -2.027699936232876254e-01 4.782920060120989802e-01 -3.469954110838155970e-01 2.026096063280158788e+00 -2.046806644185958035e+00 4.566764836156922414e-01 1.961452622615805552e+00 -2.590905980971678346e-01 -1.257697019517483028e-01 2.158574793400958036e+00 2.403011023915533784e+00 -3.420606809466013587e+00
1.173761834759986800e-01 -1.493957944886991074e-01 1.745194057265538612e-01 1.556321460479790364e-01 -7.655313235883487444e-02 5.720824668536654833e-01 8.009127847326316663e-02 -4.152389458117138332e-01 -7.563639203946053158e-01 3.581700195237242923e-01 5.526619346911907371e-01 -1.618491619647910884e+00 -2.340812872823132551e-01 1.963064016795578404e+00 -1.500017797096067973e+00 1.010812939467355953e+00 9.556093070203539597e-01 1.638298676520362207e+00 -2.475522083054232603e+00
1.196672558605821335e-01 -1.581406123489648707e-01 1.742657613923228599e-01 1.653660442328720448e-01 -1.253927359344060299e-01 5.130878462013463981e-01 8.189410537178395955e-02 7.237496234936235950e-01 -2.731010576040784343e-01 9.888968734703702523e-01 1.455746999997647784e+00 -1.223271695374363421e+00 1.214303242714308340e+00 1.446178884577031809e+00 1.173518785105962081e+00 -9.882073601331775592e-02 2.377532933051908159e+00 2.818870591576853712e+00 -4.264317378799633573e+00
1.161426253826556565e-01 -1.709321038686712479e-01 1.766801106260582066e-01 1.581891979041495366e-01 -1.959920517638358284e-02 5.372327338958591270e-01 8.889893010496921488e-02 1.480935820664193159e-01 -2.286791306397546464e-01 6.960456957730336569e-01 1.487127786531667439e+00 -1.962076127234685607e+00 9.322352344663364931e-01 1.339165753189114128e+00 6.762350559302259256e-01 -4.389574233156263716e-01 1.676075818921138882e+00 2.488676209777245241e+00 -3.662296342512556535e+00
1.220850198956185406e-01 -1.620989011604259677e-01 1.715590619974166897e-01 1.698785200274911533e-01 -5.043222978867434314e-02 5.736847945575087593e-01 8.099640341485581096e-02 8.254249967314519765e-01 -1.164065264752550455e+00 1.273568631884801405e+00 6.541831075963777664e-01 -1.353392579967378939e+00 7.255007280205454379e-01 1.470487021833868369e+00 2.528743041411116721e-01 -4.618243206264196488e-01 2.649373592293743584e+00 2.048853898310937005e+00 -3.412333412289349610e+00
1.226265430096379616e-01 -1.792158475148288854e-01 1.828273978915725961e-01 1.605210545286409607e-01 -1.450635448169024233e-02 4.599528019715379834e-01 8.492114752916074538e-02 -6.549997997876468858e-01 -3.236431968906350320e-01 -7.956426027581642302e-02 1.095104829565459070e+00 -2.222291154224001364e+00 3.650221081252329469e-01 1.370317039822312566e+00 -8.681348818055125705e-01 -3.731050584039117268e-01 2.154225036945502048e+00 1.242126586708092617e+00 -2.376476692938618296e+00
1.290218184873182239e-01 -1.938888063636485803e-01 1.804624316003160256e-01 1.620500802089548387e-01 -6.635069055984632591e-02 4.717832577476861466e-01 8.618495380642869630e-02 2.846806287808103519e-01 -3.392353879444716114e-01 4.190314413093529922e-01 1.196527530906469572e+00 -1.265355908976701915e+00 -3.117719930916251769e-01 2.425009375718765625e+00 -5.612996525296738426e-01 -4.412277590039170860e-02 1.646284133964412533e+00 2.573557210117442651e+00 -3.289540383517017386e+00
1.158317769752024440e-01 -1.807840106991781548e-01 1.748762111101080652e-01 1.734142843358933428e-01 -1.310917362809834730e-01 5.636717543512195228e-01 8.222173580002933857e-02 5.959168799967322627e-01 -1.596482728018713271e+00 9.904704173940936940e-01 4.637706714777189987e-01 -1.488884401125363244e+00 4.548431091910956070e-01 1.172042857721130815e+00 -3.477467974838592824e-01 -3.827887675083507801e-01 2.053996627135816766e+00 1.499950422951018325e+00 -2.707819257635423860e+00
1.211693537055642811e-01 -1.881610011389338588e-01 1.772636402337807449e-01 1.563963905759211404e-01 -1.680399357229371837e-01 4.703205721628203051e-01 8.473259053222775838e-02 -2.824445014232601636e-02 -8.689289368872010755e-02 3.012756265513303333e-01 1.954796573428652984e+00 -2.100964181498474304e+00 8.405529030042302452e-01 1.744544449279548992e+00 1.066272408381694348e-01 2.612561671216182546e-01 1.884684557394114002e+00 2.300930913181727711e+00 -3.641028314402935173e+00
1.194163021458724827e-01 -1.928384846653476981e-01 1.762865368637102914e-01 1.431568310118735976e-01 -1.890504019517132983e-01 4.723714020135907354e-01 8.623023824853301433e-02 1.648376418135661936e-01 -1.590076919682076984e+00 1.304812857294298745e+00 -1.614881585864100799e-01 -1.425994736822608910e+00 3.799883634318268477e-01 8.204466931132756713e-01 2.118984023332028954e-01 -1.268581198471554927e+00 1.983141007536177725e+00 1.876476482063987206e+00 -2.469067302882374193e+00
1.313373374792384529e-01 -1.914346037432433367e-01 1.825974991350268473e-01 1.597762638814365088e-01 -8.099165306828248756e-02 4.924066965250846195e-01 9.596744751302946352e-02 -4.786472412157198875e-01 1.794987161364005601e-01 6.401942330561123384e-01 1.149463684117675299e+00 -1.267744832230004892e+00 -1.576609861249549382e-01 2.557871737518455646e+00 -2.758549292771315109e-01 -3.750317514514174277e-01 1.874901413834547448e+00 2.192078305203782662e+00 -3.574834889897859913e+00
1.075449181345980998e-01 -1.667318945137791220e-01 1.710204921424577917e-01 1.834933582078482894e-01 -1.110954984696053138e-01 5.933765411107883025e-01 8.886471214346082503e-02 2.999827093795026656e-02 -1.705381562344010504e+00 1.247445715193521210e+00 -2.466527004892649089e-01 -1.373110024674339957e+00 -2.624782505453007175e-01 1.333020705264291728e+00 -6.511841427071267674e-01 -2.369487914477783619e-01 3.827027704854248924e-01 2.661071765606221717e+00 -2.263286129232212840e+00
1.231704261600622408e-01 -1.652110691729848924e-01 1.828753283501704796e-01 1.413642246871960051e-01 -1.106480090535137961e-01 4.937791889917813037e-01 8.169175816168237902e-02 2.762231673516870600e-01 -2.601038641236552706e-01 1.349025990724172175e+00 6.552975440234156679e-01 -6.812068848827763645e-01 3.504181705674938030e-01 2.172486154912311562e+00 8.012082415966226279e-02 5.002686564312854856e-01 2.133105862997473956e+00 2.418130350398404182e+00 -3.992735991666049866e+00
1.129647516223326320e-01 -1.680286452008208919e-01 1.741139459393581668e-01 1.785055430435438240e-01 -1.292940387457398588e-01 4.885740891325256463e-01 8.554887744869134336e-02 -5.356455367331234285e-01 -4.144972431692641734e-01 3.199180453729333351e-01 6.493632295524456310e-01 -1.951496144499990315e+00 3.291470942106577979e-01 1.666212651541889578e+00 -9.396134195220620100e-01 1.632884557783871315e-01 1.258238723501438727e+00 1.317592270039234847e+00 -2.595910165527023583e+00
1.216006680819307351e-01 -1.875280639190168297e-01 1.730787934986533494e-01 1.534255785853019249e-01 -1.534137908620943902e-01 5.072282707418458436e-01 7.911752648569586599e-02 5.526107407853508846e-01 -1.091134933844966071e-01 1.010745904993144428e+00 1.128233205735708289e+00 -7.222643927624181615e-01 1.131491365347709888e-01 2.607505730270883504e+00 -2.870246445821678094e-01 7.137962108569384512e-01 2.412392925777156805e+00 2.394468974534794903e+00 -4.119261385486487015e+00
1.299531660915541065e-01 -2.050779991356326271e-01 1.853991584363506306e-01 1.395871896684978131e-01 -1.506174957612530507e-01 5.229601122542897329e-01 8.190497348381280129e-02 -4.860784267097066902e-01 -4.230535884996928786e-01 4.457933269388316688e-01 4.712005507706660268e-01 -1.448565161742783935e+00 1.964177654667054185e-01 1.051670088934465674e+00 4.323105721109996580e-01 -1.431051117487498914e+00 3.384082375977188306e+00 -3.206207151785811504e-02 -2.588282562170182377e+00
1.337586219807018195e-01 -2.050039846723388792e-01 1.820952806384276701e-01 1.409674487292774669e-01 -1.689241811233676005e-01 4.602367564436820047e-01 8.681913699610552260e-02 9.193496154089793038e-01 -2.087713190485913639e+00 1.063105998203481839e+00 2.636923885358299913e-01 -1.596486696367944713e+00 -3.374101514401477431e-01 1.588685568031405815e+00 -5.563089713475077858e-01 -6.551152728171318884e-01 1.727608086266391396e+00 2.050405757792351125e+00 -2.176513473573596702e+00
1.176567240117328550e-01 -1.862181228028060853e-01 1.801644823740003731e-01 1.754491469336817433e-01 -1.421839606635240116e-01 5.050220202971691386e-01 8.943879854116990047e-02 1.587037416141932056e-01 4.762458212284883530e-01 5.529997082985378398e-01 2.117706686832487861e+00 -1.876521789717953137e+00 1.467210113847614572e+00 1.977006555486259032e+00 3.636117323740357676e-01 -2.544398388892297191e-01 2.870582375395054342e+00 2.464814937984442622e+00 -4.450009163300980397e+00
1.228683285129769098e-01 -2.007646096702428995e-01 1.819342360651525492e-01 1.726772647572291097e-01 -1.674052108761407975e-01 5.526202688956183273e-01 9.207337581861810283e-02 -9.885998397220898681e-01 -6.823234027848510408e-01 1.051771018892157628e+00 1.513384755444153740e-01 -1.323845340721744535e+00 -3.462200235563699380e-01 1.690166435434573344e+00 -2.383530001228262307e-01 -7.936336036890576651e-01 1.053512616898519383e+00 3.079282769105306627e+00 -2.594814602077248900e+00
1.304058482966338472e-01 -2.212033667211567578e-01 1.865192435677556215e-01 1.506308672180932673e-01 -8.802715202912869685e-02 4.642153641874111614e-01 9.475930646420643866e-02 2.033758457870513681e-01 -3.731096297818412566e-01 1.531236004862243760e+00 8.644497140722373629e-01 -7.925262554898173661e-01 3.508308695867015103e-01 2.170907935643016096e+00 4.365643781655936806e-01 -5.158896471472242951e-01 2.088398640246440507e+00 3.201751194331261985e+00 -4.185521846028645854e+00
1.241046485118992293e-01 -2.132304987360625348e-01 1.769305770041098291e-01 1.540869385790123447e-01 -1.726291367570892410e-01 5.727810701605400290e-01 8.475155660816016678e-02 1.275298527723595754e+00 -8.699470823988120216e-01 1.101589774173563185e+00 1.519805890000098358e+00 -1.574067199325019484e+00 5.339004492473993224e-01 2.502656532735628048e+00 -1.433747547057775407e-01 -4.989976777926159457e-01 2.436847935377606689e+00 2.810669726953797465e+00 -3.988074273070598252e+00
1.183116764099123586e-01 -1.645795934304797314e-01 1.737172471850376432e-01 1.570842495958357787e-01 -1.248725923023800144e-01 5.701706493418678967e-01 8.330357059211848658e-02 -6.059392309257471965e-02 6.371390278141664254e-01 8.918342252663720160e-01 1.566106058443402560e+00 -9.193052833489527842e-01 1.068702062782225681e+00 1.875908730161518712e+00 1.003577226594489780e+00 -9.181795946257498287e-02 2.651755063688731262e+00 3.702997855954887285e+00 -4.617893209480270045e+00
1.194943325425610048e-01 -1.572075862057180085e-01 1.788385611665309349e-01 1.692686738126699675e-01 -1.044831296410561050e-01 4.887754377077713208e-01 9.218087969732102760e-02 7.856921111660053469e-02 -3.407757049974948771e-01 1.043030758056218588e+00 8.313715478940153503e-01 -8.706942910599408947e-01 6.964736282608718909e-02 2.540567650258090282e+00 -3.539859640630895754e-01 1.278230554795296570e-01 1.227425273539087591e+00 2.730809842262010179e+00 -3.747880753877507409e+00
1.130817276845989539e-01 -1.821250462391930114e-01 1.743543610377633335e-01 1.503994210125190190e-01 -6.073354952535248152e-02 5.589980667511547097e-01 8.665310625866484706e-02 -1.501945684831365035e+00 9.768746772401559753e-02 2.006971206422729637e-01 4.598418560846670999e-01 -1.382954587850085737e+00 -1.140063279161918075e-02 1.264004079471400033e+00 -7.447837594362027858e-02 -8.835131853954640846e-01 1.075794344594576124e+00 3.453983410899509110e+00 -2.513885352102742665e+00
1.105374488877186867e-01 -1.879020477787395338e-01 1.768088226277053088e-01 1.652484315106789170e-01 -1.350961944790217695e-01 6.356749388705869031e-01 8.378750641646197372e-02 1.102330968069066941e+00 -2.949021278157868409e-01 1.262539997341383113e+00 1.785681170341405277e+00 -1.537991765091097918e+00 9.221497281989554651e-01 2.495502195172260684e+00 1.744045027272296267e-01 -5.083067297153665010e-02 2.833837151161844758e+00 2.600018807315606750e+00 -4.709577806993907600e+00
1.198487406783197429e-01 -1.806837103770349562e-01 1.792244470567286030e-01 1.519328881597155068e-01 -3.358493917511928828e-02 5.536415998645525249e-01 8.266082911529383515e-02 -1.351859982486214307e-02 5.156420869822211372e-01 1.052391595504824195e+00 1.481366986307328659e+00 -8.056599317286607942e-01 4.355655253374397518e-01 2.746112506082486249e+00 -2.892562978209252122e-01 5.776274613335363739e-01 3.289660511199706150e+00 2.258479573734319068e+00 -4.554873988053418365e+00
1.230889829406619784e-01 -2.049234691412442633e-01 1.803101597934682887e-01 1.365147807496860377e-01 -1.125117141320173264e-01 6.655726854427470585e-01 8.350527335381130456e-02 -1.544718814915846394e-01 -7.057688611865486905e-02 5.762778490837519030e-01 1.440445896802877712e+00 -1.744273751225652092e+00 6.913248762943720038e-01 1.768586985392468947e+00 -2.614801920482090480e-02 -1.760138790621299520e-01 2.507328533879338295e+00 2.247902785689528393e+00 -3.573623521431048999e+00
1.157236936083838319e-01 -1.860422965441689280e-01 1.816205941731174611e-01 1.458596655156835231e-01 -1.631158211179530859e-01 4.921622039472275389e-01 8.083122202214360064e-02 9.600581554430220876e-02 -4.424508999071168347e-01 8.167793581257543067e-01 1.056974323838163698e+00 -1.023129253598574984e+00 4.390731225901145507e-02 2.183328549529049312e+00 -2.596513898591350511e-01 4.690706196082086166e-01 1.756024891999256710e+00 2.770092619559450853e+00 -3.588620771221842976e+00
1.158107932547484953e-01 -1.952343263622868252e-01 1.712122082904411202e-01 1.779499378346834915e-01 -1.426638134823182691e-01 5.647488167585725805e-01 9.026473301730045251e-02 -2.701418125902499412e-01 4.282955236318830572e-02 8.891702114783495148e-01 1.383738814579741572e+00 -1.391141347705221243e+00 1.617403330039559606e-01 2.749189457570651030e+00 -6.481092921939435314e-01 4.900128633762843577e-01 1.914787226144652799e+00 2.400628288687265410e+00 -4.010849050815731509e+00
1.185108696001699324e-01 -1.781921803127539672e-01 1.767206218698297582e-01 1.644628818729400033e-01 -6.920958046021308263e-02 5.294871524695210496e-01 9.079797401146919023e-02 -4.569207460287003641e-01 -6.101268659464160748e-01 9.863590762611051943e-01 3.068625268872304801e-01 -1.027227115420017434e+00 1.569936001727745278e-01 1.432445997030238338e+00 1.585015190999712331e-01 -3.589529220392160269e-01 1.072244557395476861e+00 4.075322377759125203e+00 -3.026765121327397612e+00
1.124232647829703502e-01 -1.764347421303656405e-01 1.745654708388179877e-01 1.732812233223314236e-01 -4.098019253822215990e-02 5.301468251330301307e-01 9.145652894283123890e-02 -5.530023571430495721e-01 4.900237462618539652e-01 1.284951149535721981e+00 7.800669314968882162e-01 -6.628645098196246366e-01 4.268854521270890601e-01 2.558782389927691803e+00 -1.795436096688165506e-01 -1.450079812378044508e-01 2.776346323932409099e+00 2.818737468279516989e+00 -4.359136798559750225e+00
1.181354362829628579e-01 -1.626288565717393664e-01 1.738852166068727834e-01 1.867171575864892130e-01 -1.191942144142372761e-01 4.585358039357876336e-01 8.278185112425900938e-02 -9.958491805126454821e-01 8.104459214892845154e-01 -2.339286588701492420e-01 1.640617511943721851e+00 -1.959914706698166587e+00 8.526624319101721028e-01 1.569184825399187133e+00 -9.476159875005940592e-03 -2.451931564231371041e-01 2.919464209954860223e+00 6.116193687142210678e-01 -3.370723250805508719e+00
1.205660158189923170e-01 -1.975859058814388725e-01 1.807121243798671950e-01 1.580569042616639663e-01 -2.147226398451603790e-01 4.881579194331933103e-01 8.785895422969108859e-02 1.494467818447668961e+00 -4.652982751014498319e-01 1.628375988807587049e+00 1.804418057254624230e+00 -1.374726198591321058e+00 1.540280217852572520e+00 1.902673287048928685e+00 1.084269423796150100e+00 -4.136178104792431753e-01 2.910757515877062218e+00 2.453246926569492281e+00 -4.988021006678091673e+00
1.185292384873952443e-01 -1.883760569875737034e-01 1.773228139723862506e-01 1.697768083444113341e-01 -1.546297007067566343e-01 5.712941217239473346e-01 9.453787234079545632e-02 -7.413854988978370031e-01 -6.656912506387504536e-01 1.306494930257766640e-01 4.656867158792987738e-01 -1.612627594616122373e+00 -6.819846455531415330e-01 1.458546988840696557e+00 -2.597542660697502725e-01 -8.308433381862565525e-01 6.948638363150037023e-01 2.581963422423929622e+00 -2.005959868881593167e+00
1.083803598601463525e-01 -1.536110633779261825e-01 1.752359381533738769e-01 1.596405706282715276e-01 -1.571923836110478145e-01 5.564160599582761435e-01 8.412355877229032997e-02 1.650924876818969267e+00 -1.434847137560545605e+00 2.272582437780724440e+00 3.601925643906200847e-01 -4.443003233650957284e-01 3.976216818686726384e-01 2.383340284130524012e+00 2.129176191461183976e-01 -1.790116771685337227e-01 3.122307290759220422e+00 2.749095632024749492e+00 -4.328696622095276503e+00
1.202034007983741604e-01 -1.822378637789581757e-01 1.789570012135574262e-01 1.706809839951048957e-01 -2.043892826908723093e-01 6.034971652814848930e-01 8.301404932712558304e-02 5.763785538661148067e-01 -1.225619889605656265e+00 8.342356493999307787e-01 4.893033689499928229e-01 -1.574469624506582566e+00 1.092419676177485144e-01 1.703707449570930343e+00 -8.101861214578578441e-01 2.414258128366864042e-01 2.090754214516920229e+00 1.086919550410088142e+00 -2.712607199253475265e+00
1.202205057416816103e-01 -1.747634689741935365e-01 1.792258135417622855e-01 1.447615017474093158e-01 -1.386525649544180228e-01 5.934382003021996255e-01 9.219767005008799865e-02 6.212970583628969479e-01 -9.908203871952139252e-01 1.419189444047146864e+00 1.204184089628805410e+00 -1.696623424271831659e+00 7.674475620395062592e-01 2.090601876461207986e+00 -4.963652863036989160e-01 2.454353910763114044e-01 1.667468561823133300e+00 2.666548187407640214e+00 -3.870169908425141969e+00
1.265406051818712962e-01 -2.024432809775077446e-01 1.781654836212285264e-01 1.602087431580950794e-01 -1.915977046493997360e-01 5.419252055462986384e-01 8.778372554206986811e-02 -3.719153209574823649e-01 -1.013649679201158893e+00 3.908354150831989671e-01 1.819272606705091277e-01 -1.144654192740576448e+00 -5.024022251267448169e-01 1.529055905754820088e+00 -8.002068029011759620e-01 -6.748147934474681975e-01 2.064443489359599759e+00 1.312168809122836954e+00 -2.101712482545156746e+00
1.174230787259060160e-01 -1.761157679100534001e-01 1.761544381502870016e-01 1.545092323405523604e-01 -1.047398150362954805e-02 6.548762488816950444e-01 8.699798115235549134e-02 8.215035184614443153e-01 -1.988342958074822420e+00 1.227441071770170034e+00 7.076726944976261535e-01 -1.975840338538461083e+00 3.758258814757917676e-01 1.589887178484502783e+00 -6.745338473854021188e-01 -9.007147354355016233e-02 1.423962505609105200e+00 2.801420327252182041e+00 -2.794011843782396642e+00
1.105205016348479730e-01 -1.540376524715338369e-01 1.724474333021647765e-01 1.686161138494024492e-01 -1.347854875138679853e-01 5.692448179556603982e-01 8.509159930289948714e-02 5.107619290159153280e-01 -1.868685182432028302e+00 8.746777624699149101e-01 5.476135580140075731e-01 -1.731539650088087523e+00 -2.000315094578670738e-01 1.678674322833305865e+00 -2.955130581293534675e-01 -8.937482139519854485e-01 2.194377374545261716e+00 1.850040096958654345e+00 -2.473665230831561868e+00
1.231571755528237111e-01 -2.074873892571906797e-01 1.838631884738448075e-01 1.540487309152173134e-01 -1.797790540145622895e-01 4.876438614017217787e-01 8.780890297703913827e-02 5.043294168769030250e-02 -4.750156294285154956e-01 6.580686806422004764e-01 1.329981834877380642e+00 -1.946445137255286006e+00 5.668023453021096003e-01 1.847864111960229927e+00 -8.309519331182020352e-01 6.630657721858153053e-01 1.578320175651235502e+00 2.066908537729535311e+00 -3.268696818034985796e+00
1.187084862112337269e-01 -1.868779093588550100e-01 1.748433174068262097e-01 1.622428205482852048e-01 -1.485479436943273335e-01 5.009465206398266979e-01 9.539167575157150858e-02 4.144939919425372210e-01 -9.775360750606489901e-01 9.330170134276531968e-01 1.267913184078648392e+00 -1.801777157488520409e+00 4.618402999328807823e-03 2.211533575735127322e+00 2.033650174590651005e-01 -1.521070761925449766e+00 2.590840127149951044e+00 3.071041964865052876e+00 -3.355630812522230944e+00
1.325377623493598223e-01 -2.026447344911321835e-01 1.842757868729077431e-01 1.594141484783995200e-01 -1.584422454506813072e-01 4.835819129342557865e-01 8.489430113956342172e-02 3.323558888272177825e-01 -2.891785073383577043e-01 6.296590200553442429e-01 1.514557200984908647e+00 -1.777798126139902291e+00 4.009153448285740495e-01 2.328202059436259574e+00 -2.019233377405047491e-01 -4.373945618832095761e-01 3.684437066723980081e+00 4.393987636545650943e-01 -3.576857582394913138e+00
1.247722950395440400e-01 -1.787266917726219595e-01 1.760179195361892823e-01 1.698595332150723003e-01 -1.595908264383860686e-02 5.648734974686884236e-01 9.308240076078819203e-02 -1.583140593301416210e+00 -4.614872962673262080e-01 8.340600797070729655e-01 1.730180862894092897e-01 -1.797443161879423101e+00 3.638017606424703843e-02 1.600791546050180258e+00 -6.236326625758428222e-01 -6.399347772410033386e-01 1.067354037503157826e+00 2.813979665001551389e+00 -2.251681943540566166e+00
1.150297369727318331e-01 -1.518348020119902886e-01 1.736758593197409717e-01 1.773221401076804371e-01 -1.170676640437381399e-01 5.363805104885077668e-01 8.315455843882879616e-02 -1.254637782039374372e+00 -2.485657059076604725e-01 -7.877775593740654614e-02 8.945753822400073219e-01 -2.506983926515633510e+00 3.950957500395819721e-01 1.213052698950269459e+00 -8.838599753278746363e-01 9.247397615078334354e-02 1.216644652205095767e+00 1.974572027475320901e+00 -2.268588929625156680e+00
1.179029929418742295e-01 -1.783046216871553846e-01 1.752058277624256311e-01 1.662302990447482864e-01 -1.716600257699266718e-01 5.099847519682150221e-01 8.382700395941661276e-02 -2.156902352807072987e-01 1.117468303413757802e+00 3.408439769146385245e-01 1.928341982303494184e+00 -1.010602595797520653e+00 9.453313061881498669e-01 1.996779782559965355e+00 5.799921567287080748e-01 9.146016514736032832e-01 1.819992847492787114e+00 3.084450624504027516e+00 -4.661897727313994544e+00
1.129990125542705559e-01 -1.548829463574213916e-01 1.717070326109558231e-01 1.791434829721786359e-01 -8.195066973413112077e-02 4.903119463722243054e-01 9.014261511503368629e-02 -6.224693153462492745e-01 -6.810406189257633969e-02 1.401909908257582771e+00 5.034843570912093114e-01 -8.945946633831010075e-01 2.922322872762883605e-01 2.382244427069926118e+00 -6.728021806609811861e-01 3.312289272158563946e-01 2.871484527204875015e+00 1.676324516165380807e+00 -3.875418855020495545e+00
1.280526636590063605e-01 -2.053634080142567875e-01 1.811350302473212770e-01 1.474268900723024744e-01 -2.115720890963834755e-01 4.761501334909477023e-01 8.271532205466274046e-02 3.640311132277194162e-01 -1.239764244739057553e+00 1.052089300575782538e+00 1.606049579398867166e-01 -1.149632021399171755e+00 -3.310720120516696952e-01 1.938672007998429869e+00 -3.689040851974736412e-01 -8.410157392020121137e-01 2.653604346797266089e+00 2.495654466131602689e-01 -2.673594529650792584e+00
1.241401773783758211e-01 -1.642701200670360628e-01 1.818748002971398436e-01 1.498823269250119106e-01 -1.487407189188838519e-01 4.779600144404536621e-01 8.694453348328362585e-02 1.531529191151665081e+00 -1.084958204069753407e+00 2.330722505064766636e+00 5.673077338005931836e-01 -2.041226736333676683e-01 6.522359921942877392e-01 2.351012057819167111e+00 4.764243410715485183e-01 1.899397647815845858e-01 3.201053483179608250e+00 1.736152189457240702e+00 -4.747019230821666547e+00
1.166370654403694196e-01 -1.828201603991795876e-01 1.751431977825903541e-01 1.726066819076145231e-01 -7.332054580345426231e-02 5.061899602622732530e-01 7.860510677128554335e-02 1.354561607216830943e+00 -7.150574950501908944e-01 1.167014724182305230e+00 8.127199621986482825e-01 -4.800161311289610211e-01 4.571833605012241009e-01 1.724514068757314611e+00 8.866866894132527932e-01 -9.573336521039950142e-01 3.745472552349204065e+00 1.333756353097603764e+00 -3.961026743565339459e+00
1.161405721522448808e-01 -1.679003399575003663e-01 1.787474956599011122e-01 1.698375763666386540e-01 -2.567779407686184845e-01 3.748126398567608319e-01 9.049430920604888129e-02 -4.160571022704839805e-01 -8.282333425367669477e-01 1.372620151016928247e+00 4.664323818349913608e-03 -9.188827579969744974e-01 -5.049019296905932208e-02 1.737389829862689972e+00 -2.772233556265408794e-01 -1.297195361900822519e-01 1.765688587228353867e+00 1.834190935484469875e+00 -3.014890315377968033e+00
1.147132839898100665e-01 -1.511996672894035387e-01 1.750758283851544528e-01 1.716192820424808918e-01 -8.054130044243767994e-02 4.880907851052502799e-01 8.183174348532240572e-02 5.017976255902407701e-01 -9.187990866014157376e-01 9.922768741265262094e-01 2.766755088628851666e-01 -7.929050077786516937e-01 -2.021888352883500772e-01 2.148887607359382557e+00 -3.249865874190103199e-01 -3.783571102041811685e-01 2.158886869123231911e+00 2.116096279636122901e+00 -3.177547113154881586e+00
1.226699985564196627e-01 -1.797137630989855128e-01 1.803814885962571890e-01 1.598118544921145467e-01 -1.067843152641825277e-01 5.639859461331995227e-01 7.827994415245505266e-02 1.361328022131580440e-02 -1.172753201380480892e+00 5.805243369982022728e-01 4.928253296417084428e-01 -2.279396097258871823e+00 3.523975754695864993e-01 1.111727288381172407e+00 -6.481652360163963067e-01 1.642691421067157265e-01 1.570467976448139957e+00 1.846003318395673887e+00 -2.318856236681685168e+00
1.208484343016366924e-01 -2.057611554523071651e-01 1.757698784217215093e-01 1.626736701034255939e-01 -2.459690492204780199e-02 5.530227384239521093e-01 8.319610855932002558e-02 3.377906387926010723e-02 -4.022841897138338396e-01 2.424528906559011432e-01 1.338707496771118777e+00 -2.121655132378082342e+00 1.090356742460669714e+00 6.400952553901371189e-01 1.066560197943379862e+00 -1.698991677985770554e+00 2.459427262189372243e+00 2.797384990761175416e+00 -3.082973835249780858e+00
1.205037649925607690e-01 -1.807295992440645649e-01 1.728649004501285613e-01 1.760590194182117818e-01 -2.071086491456369805e-01 4.810086724128832536e-01 9.085425754601603177e-02 3.048722520032187688e-01 -1.155003688307117748e+00 1.476027276756699536e+00 4.801922157664986202e-01 -1.283805327904845583e+00 4.318833659814460546e-01 1.925720716713135161e+00 -6.893078660406271041e-01 2.553955047881366625e-01 2.323687940685807085e+00 1.941080074176340098e+00 -3.344329633901246268e+00
1.238867087667457068e-01 -1.708155171313498477e-01 1.806410334275420637e-01 1.464550253593153162e-01 -1.245655617563438122e-01 5.766796908038931413e-01 9.216487054853808591e-02 4.269913970376322254e-01 1.225829929378718930e-02 1.295748151177743779e+00 1.589942369506448294e+00 -1.000337571459408714e+00 5.719462809532780412e-01 2.683467234349744324e+00 3.502882270203606652e-01 -1.949725034922700218e-02 2.165625744223258486e+00 3.153491664963434360e+00 -4.696887931222774704e+00
1.232108786696274605e-01 -1.806116304387354599e-01 1.757234605524468640e-01 1.707000743903548390e-01 -1.336491269852104757e-01 4.678456357025493340e-01 9.144766853818750429e-02 -7.964207630597321952e-01 -7.715625034086119882e-01 7.444121354024630932e-01 9.544714304121626469e-04 -1.616701249676590901e+00 2.206487538029549000e-01 1.132967044366932186e+00 -4.893593215445815048e-01 -6.229750512981873101e-01 2.146249943320956532e+00 8.179581696673441371e-01 -2.268777551886765664e+00
1.250664309012919639e-01 -2.039804612793681415e-01 1.817552700256052367e-01 1.530643742793148521e-01 -1.704560101990053589e-01 6.243969176169401614e-01 8.587991213912649080e-02 -8.939282637921515118e-01 -5.004543889622068420e-01 1.254692769078253889e-01 4.391284096960115235e-01 -1.529578996001992319e+00 -4.445056139489542701e-01 1.344487147668900207e+00 2.790208031543262024e-02 -2.167691068148110300e+00 3.238463059536362820e+00 1.061285601123334033e+00 -2.145141079759812719e+00
1.224521031143821492e-01 -2.083493846493540413e-01 1.798375196487189687e-01 1.519963056678609314e-01 -5.396538036199549637e-02 4.044936844145849975e-01 8.670835171222204818e-02 8.846431433795940436e-01 -1.675919212527352542e-01 1.284805269771435832e+00 1.045277863854241929e+00 -5.680174415042840153e-01 3.513067158851770344e-01 2.153977366650047465e+00 6.901315517321755522e-01 -2.585312524744152185e-01 1.965884323519386356e+00 3.785766590893544503e+00 -4.385681404965119157e+00
1.171860659545918559e-01 -1.538002772026457743e-01 1.766208312229337607e-01 1.783326797592592605e-01 -6.116552275357212132e-02 6.250048206586287236e-01 8.369207211563582660e-02 5.924486243523592321e-01 6.391492354649219720e-02 1.264775287258677494e+00 1.265610557528789926e+00 -8.976214873536960681e-01 7.067040703013729441e-01 2.417414940876145835e+00 3.525489401615411467e-01 3.420118288992677336e-01 1.755277031218693828e+00 3.463649353669783437e+00 -4.591983368887923689e+00
1.108534887287241089e-01 -1.698628372094208028e-01 1.704453769843784217e-01 1.837884719290735491e-01 -1.730087859261764116e-03 6.653840350445814344e-01 8.839661548220489884e-02 3.689093462837291781e-01 -1.043309073452620250e+00 1.558632710146536482e+00 4.995707062190435366e-01 -1.192619775822756356e+00 6.442818864016865987e-01 1.484629005805532032e+00 3.772800216985130461e-01 -5.134791423052256221e-01 2.018822871814003328e+00 2.856231627608437407e+00 -3.628999972776339344e+00
1.303727305322117946e-01 -1.824395291006738473e-01 1.815568254410588611e-01 1.404369825827489482e-01 -1.996833763714556120e-01 5.194388200611763651e-01 8.169535207401411314e-02 1.560917170756739303e+00 -2.778698031239219546e-01 1.499978592972846414e+00 1.490342918784952175e+00 -5.982982041218836144e-01 1.012155998801568479e+00 2.221485437511388383e+00 6.166649069771521496e-01 7.610421218085949846e-01 2.577211817864654364e+00 2.858196549609866466e+00 -4.892093513521007075e+00
1.076127334504400068e-01 -1.632529813409621111e-01 1.718834557821333486e-01 1.703990377878192852e-01 -6.478565499425559260e-02 6.064214558388343335e-01 8.332366414912956154e-02 -3.473145182257688646e-01 -1.351875523274030932e+00 2.110450961218779398e-01 8.880704452096699342e-01 -2.597910497963523468e+00 5.655560647767288174e-03 1.103700163404791823e+00 -2.447560987686365763e-01 -1.458064532174480732e+00 2.583129544531042932e+00 1.158347697963410639e+00 -2.017789087291279149e+00
1.287950867036780911e-01 -2.196669919115079028e-01 1.826232748325779809e-01 1.479700788422599889e-01 -1.567208481699370326e-01 5.916893555131137461e-01 8.362742618524152127e-02 1.756489821745122804e+00 -5.922244925234663171e-01 2.071154760565057096e+00 9.970303223669851889e-01 -2.865793278299779701e-01 7.923229009160461800e-01 2.629779058627388366e+00 6.356517406520598712e-01 -4.508144605584796238e-02 3.223288336816665378e+00 3.127696903900098135e+00 -4.989179821669257109e+00
1.104356082623170476e-01 -1.705110339999388325e-01 1.754817756753241087e-01 1.912660910328817243e-01 -1.177732998994897029e-01 6.844318554581851899e-01 8.663937848388680862e-02 8.662860582170672785e-02 1.162819664973904210e-01 9.481649862938130724e-01 1.216597496598856409e+00 -9.660426046473045147e-01 3.847308149070816086e-01 2.196745515615087463e+00 3.590250912020822582e-01 -2.842790013662765958e-01 2.649786982820718784e+00 2.343601035133286992e+00 -4.295710598415908521e+00
1.194525860904830650e-01 -1.696478905335021548e-01 1.724580926926974900e-01 1.680108818238550406e-01 -4.057640685616170639e-02 6.055065369735053160e-01 8.405946238921853386e-02 2.101759902286520543e+00 -9.998136054198871747e-01 2.065926088288313700e+00 9.021334708232764399e-01 -1.453380772256913644e-01 3.546248605255684083e-01 2.750476409996203131e+00 1.962261363409014692e-01 3.875462068813160244e-01 3.032813372703701660e+00 3.105269678323431037e+00 -4.917456793893457245e+00
1.174504856700882560e-01 -1.701564544975847637e-01 1.789742189123759708e-01 1.682069928948118909e-01 -1.513858401031041856e-01 5.899177066004153147e-01 8.475081746398502314e-02 1.324846770810641061e+00 -1.548810734786179477e+00 1.675194947009734925e+00 5.954909501348293333e-01 -1.137198297428239968e+00 2.729814769655378726e-01 2.358127825035994718e+00 -8.105541719966122827e-01 9.751844282095873950e-01 1.538324253842054290e+00 3.294568007861196079e+00 -3.615872210935290987e+00
1.171081194622069777e-01 -1.922859047511417119e-01 1.782234853311325251e-01 1.459058133573990501e-01 -1.461479866805593941e-01 4.996736943516717488e-01 8.255203486415232939e-02 7.078981920991971322e-01 -2.907617486173297294e-01 1.777846996337948404e+00 9.138041377051200342e-01 -2.381488203551720417e-01 2.513860412308686065e-01 2.720262582449200828e+00 5.486749135525004206e-01 -2.170363109883242103e-01 2.852103037873310321e+00 2.816150734994081972e+00 -4.645856054381935607e+00
1.285182256069827555e-01 -1.794714344002056317e-01 1.843639789879909230e-01 1.339873758600672593e-01 -7.987477639316875599e-02 5.962123062638435833e-01 8.254425139486272489e-02 -6.665933263655610119e-03 -1.375027116910870095e+00 8.133144351666841132e-01 1.579130214012334221e-01 -1.581470433740594039e+00 -1.978487675653486377e-01 1.526344950627455788e+00 -3.510197147383511407e-01 -5.835046278725961599e-01 1.447514669188518788e+00 1.746073022442343969e+00 -2.248266670843683368e+00
1.092541793751799772e-01 -1.611366951865650377e-01 1.758221180508082460e-01 1.749885917046697381e-01 -2.146818297265469244e-01 5.302408433490737316e-01 8.811800524655100109e-02 3.617173619346489843e-01 -5.179445964145488190e-01 9.848625211499406618e-01 1.698536042091467024e+00 -2.011382816928466433e+00 8.947087152318911052e-01 2.076413447894152497e+00 7.837504319145871534e-02 -2.972997923537645804e-01 2.705793609478599038e+00 1.767647033586245975e+00 -4.032288749637999103e+00
1.135284514599617378e-01 -1.574119645904880627e-01 1.726352723689710544e-01 1.734425883330172891e-01 -2.131420237181208543e-01 5.744885675962869698e-01 8.424903962767925358e-02 1.109223091216007262e-01 3.832646122927680921e-01 6.365249822743219710e-01 1.570578084390099605e+00 -7.526053652087529855e-01 1.425464122344566320e-01 2.567390287991095477e+00 3.871594607969637281e-01 -3.755468371952845885e-01 3.310915255294506920e+00 1.980111154795991979e+00 -4.356968495806954778e+00
1.239404714820224462e-01 -1.848135773443169150e-01 1.770978740362379733e-01 1.629135056762076594e-01 -1.827493925327896562e-01 5.011154945769256130e-01 7.757932081536653146e-02 1.451504317768652186e+00 -7.655132646054525480e-01 1.162506342802557491e+00 1.438188667616367766e+00 -1.665170511730448055e+00 1.519294510072125348e+00 1.350666105259921146e+00 6.402003545050884981e-01 5.471301937397754500e-02 3.669793476909962493e+00 1.174967095728267630e+00 -4.033838050306923328e+00
1.294478105891074260e-01 -1.737934197618132837e-01 1.845978134393929937e-01 1.534379740384159696e-01 -1.792699128423322907e-01 5.638791801604678966e-01 8.167815746206197325e-02 8.659549744551542361e-01 2.139365807403814657e-01 1.069601309374535347e+00 1.866092245273181405e+00 -1.158388451840337563e+00 1.240411079281161122e+00 2.518543985103532279e+00 2.901374023362377486e-01 5.758421987508075546e-01 3.725767996339069299e+00 6.460240712945335417e-01 -4.822822278293081411e+00
1.136573250816280967e-01 -1.905678465176271486e-01 1.747127265303166088e-01 1.790712200449783298e-01 6.094382878691906313e-04 6.090636052165177006e-01 9.470631477415170085e-02 -1.666763779105116861e+00 -2.466888219407579186e-01 4.960706254260971448e-01 3.015610330898743641e-01 -1.659176884558995368e+00 -3.214267172825548968e-01 1.622555835221893616e+00 -5.396309494704594201e-01 -1.076469102674330713e+00 1.376058077836854743e+00 2.193113659049408248e+00 -2.257795419127117231e+00
1.171118768995042803e-01 -1.831011257250031443e-01 1.744392217342097817e-01 1.854865069818583123e-01 -1.673488553057570494e-01 4.658183139593732314e-01 8.364682959669091089e-02 1.762587061341354122e+00 -2.871441658155982068e-01 1.200973914734035475e+00 2.151776319984373131e+00 -1.837314127300990307e+00 2.203788121605572137e+00 1.400937921514454843e+00 1.012252502715162983e+00 5.385029715957561081e-01 2.513657199359577987e+00 2.758949192381686899e+00 -4.947567215268430907e+00
1.130033135457789162e-01 -1.843159393818995517e-01 1.723042343377446106e-01 1.676889996792330084e-01 -1.942662885066426259e-01 5.310617189067903254e-01 8.869356524962020150e-02 -1.666048643950078123e+00 -1.974986132837228681e-01 2.101290439168757018e-01 5.928179828499242632e-01 -1.812041646848792986e+00 -4.437352509578706972e-01 1.973753461881779359e+00 -8.848466029019821377e-01 -5.933081937914099768e-01 1.161017978716262888e+00 2.913072406519477298e+00 -2.321916828070254013e+00
1.100150523615884002e-01 -1.447157536975824943e-01 1.729773781894163309e-01 1.787093517199292991e-01 -2.610497327179928106e-02 5.271439539926854323e-01 8.493900521576795704e-02 -3.409633122772817160e-01 -7.252671730162827402e-01 4.006510200369124419e-01 7.576113933670214351e-01 -1.966090521703512728e+00 5.625780335872754279e-02 1.715587996582370600e+00 -9.657796896096382255e-01 2.682421579503380116e-01 1.787894732514593521e+00 6.227403299379634660e-01 -2.548290226661479085e+00
1.175191749048164758e-01 -1.789002460713146614e-01 1.755467127638705438e-01 1.849203376359127571e-01 -1.377148062241588811e-01 5.387944534081121617e-01 8.167960981467764503e-02 -6.083819079539809493e-01 -6.595948329528074083e-01 3.891581577561478156e-01 2.056751409547192821e-01 -1.377979359409333693e+00 -2.580681225638521425e-01 1.288093250309049864e+00 -6.710067693360954877e-01 2.581624482109745600e-04 1.057449044963725271e+00 2.479829164453950519e+00 -2.321120677446856018e+00
1.188273731784092180e-01 -1.608138576049722990e-01 1.778687135844553013e-01 1.728363443461825577e-01 -1.966237362590790294e-01 6.323260284195537650e-01 8.319129566421773481e-02 1.546416686915939032e+00 -9.926275321279023345e-01 1.501152395366489145e+00 1.426163641518919611e+00 -1.514327491804734915e+00 1.095995428466719268e+00 1.886651051315610950e+00 6.113524015930966726e-01 9.721459844220436963e-02 2.192918540443788977e+00 2.926939287914086307e+00 -4.325135466738193379e+00
1.202217409327466513e-01 -1.706621585404254349e-01 1.808834294334698833e-01 1.636067940060840220e-01 -1.640867245872426050e-01 4.542391203135256461e-01 8.868104613617500132e-02 -5.751159554716167577e-01 -1.243336117570587263e+00 8.283350305677226189e-01 5.334121208765605360e-01 -1.933192182399703807e+00 -7.445080517201496662e-02 1.693115521551846747e+00 -1.107471692529178764e+00 1.615161712915629266e-01 1.743919322422389229e+00 1.268443522914125765e+00 -2.315412772217719350e+00
1.169273151163855995e-01 -1.956298962041453926e-01 1.771310836877354467e-01 1.505552204408627803e-01 -1.438031886462450837e-01 5.527207839647574339e-01 7.541145166002596878e-02 -7.956959349984362717e-01 5.304982078125970446e-01 2.436211761468518588e-01 9.871677607460851434e-01 -1.142838263852552938e+00 6.253023180092842637e-01 1.225034952281034428e+00 7.459536908293928903e-01 -9.462992271343377837e-01 3.111285069958116267e+00 1.738498413906421902e+00 -3.446829758617399264e+00
1.149219035283452761e-01 -1.718139221359933355e-01 1.730584860755492449e-01 1.621278137791746232e-01 -1.178421398912066209e-01 5.356023091225492472e-01 8.908320222587404191e-02 -1.179149567401851506e+00 -1.849041673561409027e-01 2.256730072550983124e-01 9.387039119355211625e-01 -2.333133442789531831e+00 6.405600639214057423e-01 1.316253575540641485e+00 -5.605140637390801928e-01 1.067760392625078936e-01 1.247685354121546020e+00 1.504241554986159635e+00 -2.539932406523675468e+00
1.236788605216460335e-01 -1.766048739603469642e-01 1.786428121517361634e-01 1.614885858961609966e-01 -1.133280978561677088e-01 5.356220215558735731e-01 9.344165894010539319e-02 1.084861290139730983e+00 -1.150375724339966155e+00 1.806284324987109002e+00 4.896738903173218915e-01 -7.167845831356380870e-01 9.379170787013091370e-02 2.660522600280819105e+00 -4.459557060524375061e-01 4.895760573870964194e-01 1.928959111297312568e+00 2.612872458169871237e+00 -3.994643312768231258e+00
1.184025668094645656e-01 -1.717827001929866926e-01 1.783291794164932054e-01 1.536289630085676539e-01 -4.416915418466238474e-02 6.068348352363508447e-01 8.775170499683188075e-02 1.660341567506014471e+00 -1.227238319226353180e+00 1.701986656492069372e+00 1.167247078599984889e+00 -9.778392919198353184e-01 4.022889056995531121e-01 2.209499205049994863e+00 6.555674139588898441e-01 -9.305560377746902034e-01 3.176114602214930471e+00 2.822818760821879103e+00 -4.293134398989013611e+00
1.217709586753878415e-01 -1.931202271273854132e-01 1.784226059424124655e-01 1.661668250455806684e-01 -6.957395710309677295e-02 4.456300936084902631e-01 8.648363425696806162e-02 -6.257660689963344680e-01 -6.878686428545393028e-01 1.547042553589239589e-01 5.842326639451567161e-01 -1.467198349033930427e+00 -1.242952474013253372e+00 2.758191202765011951e+00 -1.598326129882442714e+00 -4.989628381554265246e-01 2.565111421933091940e+00 7.378292602245686282e-01 -2.129236978170084615e+00
1.060954319807268786e-01 -1.578959513710104789e-01 1.692246313304421879e-01 1.843781832609023841e-01 -1.259850161594197049e-01 5.913855372571692470e-01 8.941334593273769782e-02 -6.569848310322701224e-01 -8.570821965138231135e-01 3.615608443877800227e-01 7.263344977997610030e-01 -2.195148886305998914e+00 -3.490368342202376795e-01 2.351864703380592836e+00 -1.686735770891962805e+00 -3.407463718444825318e-01 1.689701105352297006e+00 2.070995628259195698e+00 -2.263357107721242212e+00
1.209145471496138047e-01 -2.017174883169459143e-01 1.775797858535171914e-01 1.678749294719458218e-01 -6.959925535091926463e-02 5.404573889423605060e-01 8.171264979779406523e-02 -5.655472595540427250e-01 -5.047192063886107860e-01 -1.935705808277976558e-02 4.263839541732981075e-01 -1.264346930156297066e+00 -6.977220129932089066e-01 1.705855645991764646e+00 -2.857274103453129044e-01 -1.307871180696022151e+00 2.469134133231232653e+00 3.464397212562815298e-01 -2.212670518766878480e+00
1.209145471496138047e-01 -2.017174883169459143e-01 1.775797858535171914e-01 1.678749294719458218e-01 -6.959925535091926463e-02 5.404573889423605060e-01 8.171264979779406523e-02 -5.655472595540427250e-01 -5.047192063886107860e-01 -1.935705808277976558e-02 4.263839541732981075e-01 -1.264346930156297066e+00 -6.977220129932089066e-01 1.705855645991764646e+00 -2.857274103453129044e-01 -1.307871180696022151e+00 2.469134133231232653e+00 3.464397212562815298e-01 -2.212670518766878480e+00
1.094462024076264528e-01 -1.750280956238204344e-01 1.705330227662288922e-01 1.876549752302293372e-01 -3.610412752437885953e-02 6.736513216418584804e-01 8.955752664323946011e-02 2.022799553623055857e-02 -5.495919240335229716e-01 9.373835827696952450e-01 9.261389458912825390e-01 -1.341067148241968709e+00 -1.052797618877976404e-01 2.251908245430659150e+00 1.739822484921971224e-01 -1.226091620439659913e+00 2.416724275274770406e+00 2.902293329788916409e+00 -3.506505947484784613e+00
1.163547362823261211e-01 -1.616748448969977936e-01 1.793955951746253885e-01 1.587446723483271205e-01 -5.229634235515656648e-02 5.097614874834173193e-01 8.335395113761112640e-02 2.563577201641553671e-01 -1.125641364680466161e+00 6.504636677383990317e-01 1.078927945808313638e+00 -2.025837352998293817e+00 -4.179799518715299200e-02 2.175169951625177234e+00 -7.780388338829844486e-01 -2.751438853877532509e-01 2.912578681350403542e+00 5.606147563641252773e-01 -2.793169129889269353e+00
1.181600460223624360e-01 -1.813648623602119314e-01 1.792246804109786651e-01 1.489032132937750941e-01 -1.208326497991893955e-01 6.739633055703206921e-01 8.165159063604650325e-02 2.603423731153249321e-01 -1.101867707483506820e+00 9.943363878780360210e-01 5.132607214608224666e-01 -1.613964175198273843e+00 -1.170215665623999257e-01 2.263967360565228404e+00 -1.114567924492731343e+00 9.017745692228906762e-02 2.321209596326712976e+00 1.041969922437118612e+00 -2.898956735002631291e+00
1.171832338060780077e-01 -1.670645570782400835e-01 1.738686252749979400e-01 1.696051164350845797e-01 -1.286925249655139769e-01 4.991150512702522413e-01 8.305222581642045243e-02 9.500132493135815537e-01 -6.630860583906716954e-01 2.030338977921017474e+00 7.453392984454971781e-01 -7.706165772734587804e-01 7.877694928473140124e-01 2.106770799036564945e+00 4.108479015111203836e-01 4.995506414751069713e-01 2.663578956216046123e+00 2.352151365538449390e+00 -4.576787512917729117e+00
1.190054231192462231e-01 -1.930209677185832917e-01 1.757955482641652134e-01 1.604311973376600919e-01 -3.080792618846595055e-02 6.068370259525193156e-01 8.309861805846753546e-02 -6.424307785658518455e-01 -6.570390586287651047e-01 1.819379580657400908e-01 5.709819711383445906e-01 -1.423935142048556202e+00 -7.540706608968319458e-01 2.167740778891403153e+00 -7.197588021967629146e-01 -1.663784835572490017e+00 3.412200337027107011e+00 5.615786210710247417e-01 -2.307337653247165221e+00
1.173146390697597519e-01 -1.670827393609755074e-01 1.747306329905109479e-01 1.733748862683713865e-01 -1.821587340957431245e-02 5.876325944786744415e-01 8.935600686967129502e-02 -8.187448537094823564e-01 -2.504801878485691802e-01 2.452320672376870903e-01 8.797167710182840494e-01 -1.846306156849732982e+00 -2.470655813726949646e-01 2.446733125647655882e+00 -1.498824010906230519e+00 6.869618980729663704e-01 8.443751423061272021e-01 2.106482499395503361e+00 -2.708264679219382298e+00
1.218532710103198136e-01 -2.122351434591024377e-01 1.798538750561064492e-01 1.492084802589354053e-01 -1.842832710897757131e-01 4.951894172587727461e-01 8.943945779887270409e-02 -7.474631424961426518e-01 -5.258325586786769534e-01 2.475629892664343856e-02 6.475943381669679866e-01 -1.314597720829638661e+00 -7.524906097134422822e-01 2.224636596653814635e+00 -1.133851877178781553e+00 -6.939189340971116948e-01 1.673116524898458302e+00 1.729371138457945989e+00 -2.237145922156514199e+00
1.132615554935506308e-01 -1.809474958680321044e-01 1.727460099232333290e-01 1.661245741884531668e-01 -1.179210021944833153e-01 5.696772423660618756e-01 8.284337382148837525e-02 -1.153897624009345702e+00 -6.658463656793243146e-01 3.864558779868065841e-01 1.809030075812820826e-01 -1.747355097595036266e+00 4.571899746698004918e-02 1.173997333035938340e+00 -4.633019462640275421e-01 -1.458839584776444376e+00 2.816318220756772739e+00 9.686296761700941005e-01 -2.085154625826849184e+00
1.148883501362458481e-01 -1.830994110762365623e-01 1.801942857688473565e-01 1.501500756423493899e-01 -1.328307907703835111e-01 4.254511296202623249e-01 9.116343864349182868e-02 1.391964788969481503e+00 -6.743581879733806517e-01 1.593924755036009167e+00 1.479305340343102237e+00 -1.220447701444398625e+00 1.088211357007478952e+00 2.319710735023912562e+00 3.567820232416130111e-01 1.904937552883811946e-02 2.827040629980589692e+00 2.304710826186028072e+00 -4.755387302027466845e+00
1.136189197606261303e-01 -1.897544499327833423e-01 1.790086502941473368e-01 1.734753171810862193e-01 -1.142747485267358032e-01 5.073179853722522559e-01 9.087625088954576213e-02 -6.412804447348587900e-01 2.971379349247467161e-01 5.267691188339806985e-01 1.550100153720592289e+00 -1.856466276630666101e+00 6.301858040055252630e-01 1.938928821005707626e+00 -1.237569821681505644e-01 -3.208808294873213285e-01 1.996815807907076135e+00 2.253759295420945996e+00 -3.697363065410923966e+00
1.197149625498133141e-01 -1.725356487233943859e-01 1.759587534019871613e-01 1.677452854263647986e-01 -5.628844550155887028e-03 5.301037111649411493e-01 8.864772181858934785e-02 1.607313886789816237e-01 -4.925498980073284017e-01 1.572735200253974064e+00 7.428237920889841917e-01 -1.069335607489232398e+00 5.223445952519334412e-01 2.353897664247257993e+00 -1.515788494181204982e-01 -4.149894683952606300e-01 2.527487129715475511e+00 2.222331356240713873e+00 -3.997548846357293684e+00
1.210815885192015051e-01 -1.801890120745769375e-01 1.785493835690219466e-01 1.537675989466643633e-01 -1.853791459837167421e-01 5.135040017755136965e-01 8.296346782915006712e-02 6.936615982896814359e-01 -9.403623051731315741e-01 1.316894673881760625e+00 8.626998829099079558e-01 -1.242770288253122857e+00 9.357138454159859009e-01 1.325622655785604564e+00 3.949550795018827998e-01 -6.306242032344115955e-01 3.636013048799153324e+00 8.888853167172392489e-01 -3.710944260557800689e+00
1.255686643811948777e-01 -1.977502355601458706e-01 1.763301434206466789e-01 1.810254405432163427e-01 -1.029085105062438332e-01 5.958184459663113941e-01 9.610795687998711923e-02 -1.106480863111207746e+00 -6.982980340070010783e-01 6.219952210096790779e-01 5.056545340693467949e-01 -1.869005056648723517e+00 -1.246172319708023224e-01 1.659341775156757848e+00 -5.394755623015834445e-01 -1.031789698192275839e+00 2.052148925893365394e+00 1.086404416159489905e+00 -2.229022784675627200e+00
1.164874881665829420e-01 -1.853368762194624875e-01 1.773658735171819711e-01 1.575039819973639288e-01 -1.235225989779763500e-01 5.746990939081006999e-01 8.173167384286289527e-02 2.398673602687830808e-01 -1.341545219307566761e+00 9.065705070343650362e-01 1.372123211810816201e-01 -1.309468824002916421e+00 1.771728725102672541e-02 1.514390634722166951e+00 -3.699361140852639451e-01 -1.005040729724273607e+00 3.323587920239171822e+00 3.800992288275164555e-01 -2.525944573464684595e+00
1.164874881665829420e-01 -1.853368762194624875e-01 1.773658735171819711e-01 1.575039819973639288e-01 -1.235225989779763500e-01 5.746990939081006999e-01 8.173167384286289527e-02 2.398673602687830808e-01 -1.341545219307566761e+00 9.065705070343650362e-01 1.372123211810816201e-01 -1.309468824002916421e+00 1.771728725102672541e-02 1.514390634722166951e+00 -3.699361140852639451e-01 -1.005040729724273607e+00 3.323587920239171822e+00 3.800992288275164555e-01 -2.525944573464684595e+00
1.188232982692996043e-01 -1.918377343695965576e-01 1.768571017125814548e-01 1.644685413001688579e-01 -9.896585959676107436e-02 6.018140080386751301e-01 8.885544492605107481e-02 8.493547564366501490e-01 -1.636255158693735723e-01 1.071615182139447064e+00 1.289500389856859108e+00 -1.226740336219886096e+00 1.038034713631351025e+00 1.931460964781095413e+00 3.453149833964239690e-01 -1.996195505412217130e-01 2.469034266716532144e+00 2.323006434181080770e+00 -4.372797345403428793e+00
1.267702085580575955e-01 -1.949224571076593193e-01 1.805239818886285041e-01 1.524206306297054558e-01 -1.042977395435414900e-01 5.312027540994597175e-01 8.409253076068731736e-02 -4.665545711782623783e-01 -1.127317947231307738e+00 7.401842577419817104e-01 6.740993544937312620e-01 -2.125189300524583214e+00 4.601972308953206081e-01 1.043628450106610650e+00 -1.500955013369811297e-01 -7.257056868905173985e-01 2.842802290444426561e+00 3.629685578962602577e-01 -2.447809321750361811e+00
1.266580005061397340e-01 -1.768506682052627399e-01 1.801444938331067946e-01 1.655444238942491708e-01 -8.878249547816574605e-02 4.957231809654523147e-01 8.376530167399581783e-02 -1.260772608107922466e+00 2.938787206442974309e-01 -3.666255897176640133e-01 1.456377195462873253e+00 -2.305997483886895516e+00 6.946422343913329911e-01 1.217597776290225475e+00 -2.392177333930085581e-01 -7.348135409975693477e-01 2.674860988298094711e+00 8.329083910747847597e-01 -2.594039639234448913e+00
1.230266326713494729e-01 -1.982629473986659008e-01 1.809379926544109340e-01 1.667526143239366210e-01 -4.109126270565977013e-02 6.039342068707016509e-01 8.846360686029708376e-02 9.084568178124374782e-01 -4.246019186982739058e-01 1.785948258601854910e+00 9.667162276702612189e-01 -6.046367241173955520e-01 4.403285562577883283e-01 2.550872277272031141e+00 2.533352125934120735e-01 7.006857239802144477e-01 1.147697510316909586e+00 4.101404401571203451e+00 -4.650862363342048944e+00
1.190763144267754647e-01 -1.573022542445398630e-01 1.803005612553356951e-01 1.632350181059210037e-01 -1.377709114762113440e-01 4.770093959529990713e-01 8.406043938775908941e-02 -1.587697060961446027e-01 -9.054272045382720790e-01 3.497585362314872270e-01 7.965444387160882656e-01 -2.223524472713518385e+00 6.724664405108429222e-01 9.890158360043175279e-01 -2.988157982196915086e-01 -5.430822453590584686e-01 1.916991796401713799e+00 1.892357363108075674e+00 -2.469975947122046822e+00
1.121890759025436224e-01 -1.558780251361423508e-01 1.765825891522068147e-01 1.594038879632015959e-01 -7.574375831072144294e-02 5.028433813781711947e-01 8.683704043015294527e-02 4.238855208505931671e-01 -1.294809763179959106e+00 1.239315590890153196e+00 1.130716115334936767e+00 -2.180461266737973691e+00 1.034784339012304599e+00 1.113601800699183464e+00 5.232843691057977864e-01 -8.265943044416843577e-01 2.593112158523595667e+00 1.923595275424363038e+00 -3.320072850021621669e+00
1.267961877679035509e-01 -1.995936883190939648e-01 1.839231437837230698e-01 1.425023637400544274e-01 -1.802237628410676695e-01 5.576968063618297222e-01 9.795879512193451932e-02 -3.465279781123191682e-01 -3.578518538657249337e-01 5.085054115962854837e-01 1.273453006513650898e+00 -1.902069356344177731e+00 4.486909524151432294e-01 1.893746969847576622e+00 -3.316495869054296719e-01 -7.418433220986635490e-01 2.027293279833200401e+00 2.408306117922692557e+00 -3.111872225333221387e+00
1.228046057285632764e-01 -1.961365278920930155e-01 1.819359681026636311e-01 1.581554434080350013e-01 -2.238646429196000653e-01 5.802433593624236607e-01 9.188181823616745070e-02 -1.417284662267411122e+00 -4.910403627715353991e-02 5.741008100944284820e-01 8.008804926339498920e-01 -1.715531297656612164e+00 1.470405495920878991e-02 2.051370823582026048e+00 -7.316227049121648562e-01 -6.173520890527122162e-01 2.024464287898912751e+00 1.828891187851834133e+00 -2.833923180310650825e+00
1.305813086733016160e-01 -2.040521684046898709e-01 1.869902691926458582e-01 1.393736445699627069e-01 -1.151783960536079121e-01 4.514802999739129241e-01 8.537454071608582828e-02 -1.369174420676344539e-02 -8.937877612337441491e-02 6.076653632998940679e-02 1.826878106765370546e+00 -2.145738853785064126e+00 5.005697698682309849e-01 2.312206115278547358e+00 -9.316687048137763938e-01 -1.070024923541401662e-01 2.796869641380428817e+00 1.431736568552838484e+00 -3.252534909637573080e+00
1.305813086733016160e-01 -2.040521684046898709e-01 1.869902691926458582e-01 1.393736445699627069e-01 -1.151783960536079121e-01 4.514802999739129241e-01 8.537454071608582828e-02 -1.369174420676344539e-02 -8.937877612337441491e-02 6.076653632998940679e-02 1.826878106765370546e+00 -2.145738853785064126e+00 5.005697698682309849e-01 2.312206115278547358e+00 -9.316687048137763938e-01 -1.070024923541401662e-01 2.796869641380428817e+00 1.431736568552838484e+00 -3.252534909637573080e+00
1.259063205418959053e-01 -1.973960101687768920e-01 1.820339931642331599e-01 1.553329979796874705e-01 -1.292124683954454234e-01 5.573958349439456228e-01 8.525789506397311868e-02 5.931344562073377347e-01 -1.745588673468416285e+00 1.422838052942946518e+00 -2.843491536950626397e-01 -5.029804093401333276e-01 -1.167015020987421270e+00 2.653495362275750225e+00 -1.025378698347503281e+00 -2.816042643945015911e-01 2.531703485285676791e+00 4.330382888992501123e-01 -2.594304774529540225e+00
1.190867409824093448e-01 -1.866657453273259382e-01 1.838156667461385563e-01 1.504548826767546643e-01 -1.073455510528414925e-01 4.994908056083078307e-01 8.534758201535214139e-02 7.307759178652695198e-02 -1.346125721587406510e+00 4.244278964059589043e-01 1.098726454235262828e+00 -2.930963139673755435e+00 8.204489884414831735e-01 7.193007563415676486e-01 1.868608047494637603e-01 -1.420162857482758501e+00 1.776577887101701059e+00 2.176506506224967552e+00 -2.221972303775765933e+00
1.190867409824093448e-01 -1.866657453273259382e-01 1.838156667461385563e-01 1.504548826767546643e-01 -1.073455510528414925e-01 4.994908056083078307e-01 8.534758201535214139e-02 7.307759178652695198e-02 -1.346125721587406510e+00 4.244278964059589043e-01 1.098726454235262828e+00 -2.930963139673755435e+00 8.204489884414831735e-01 7.193007563415676486e-01 1.868608047494637603e-01 -1.420162857482758501e+00 1.776577887101701059e+00 2.176506506224967552e+00 -2.221972303775765933e+00
1.205366284916695729e-01 -1.798016893694270868e-01 1.724787667417014558e-01 1.671274966121459871e-01 -1.142282632402427112e-01 5.350659042946026567e-01 8.678215832481959990e-02 -4.254769852288395882e-01 1.052908841939065532e+00 -9.222680038668507052e-02 1.960766159662964192e+00 -1.331998854171266622e+00 5.293903805249353667e-01 2.322848364675259347e+00 -3.012875157498928758e-02 -5.174736751696329407e-04 2.888222867871348853e+00 1.562057572601118771e+00 -4.139242371112269225e+00
1.211521872721915694e-01 -1.764012554419100987e-01 1.798295713714820332e-01 1.703329825682924348e-01 -8.795450299691376372e-02 5.764805948645106426e-01 9.477245515168483680e-02 5.233267094977565037e-01 -3.988008092086534617e-01 1.706248184737547469e+00 9.622937420292725363e-01 -9.031398344964589597e-01 2.208606012615099701e-01 2.632408640805482314e+00 3.491984283325830773e-01 -2.722497757208302005e-01 2.669149688050810099e+00 3.017873225452992969e+00 -4.507058039717202647e+00
1.164331990846073084e-01 -1.834094187889355188e-01 1.772248828467698489e-01 1.693243214989355039e-01 -1.781420549828568456e-01 4.667541263543117935e-01 9.780607113190098456e-02 -2.384759429404414988e-01 -5.181454222145109867e-02 4.319626927374287106e-01 1.576509089293052668e+00 -1.998953357702260014e+00 6.782332708742160321e-01 2.021945391835123118e+00 -8.539541242936010690e-02 -8.489018084900337158e-01 2.309512719995386654e+00 2.527285161874064379e+00 -3.537129538580924049e+00
1.223622717007119831e-01 -1.863488255677503425e-01 1.831391387707822782e-01 1.526494673261925561e-01 -2.029515647894665209e-01 6.042641832425936776e-01 8.567365547904695622e-02 -6.105605567005421008e-01 -1.044269306914712203e+00 2.574519229653731145e-01 8.356202203130251860e-01 -2.352394123924177904e+00 -3.608979541458365858e-01 1.911305314422515167e+00 -9.378226326803442703e-01 -6.922883178205694321e-01 1.088546064962137017e+00 2.474521800727189635e+00 -2.033522676499176285e+00
1.198987104332077114e-01 -1.934335573155211430e-01 1.766242927448809230e-01 1.534751001758718481e-01 -1.349376565979341080e-01 6.520124139117049467e-01 8.444873507580996641e-02 2.238039434478364953e-01 -1.006614526880733163e+00 7.248647740346498836e-01 8.490963949549783507e-01 -1.991886999350183096e+00 8.939602439328941941e-01 7.825746766824188683e-01 7.223291230793549289e-02 -3.613714629184343607e-01 1.341201554218432790e+00 2.775042377612406241e+00 -2.811347862986652846e+00
1.112762504240361883e-01 -1.766860287008834574e-01 1.725496145586827013e-01 1.845990592044289835e-01 -1.642860945735791223e-01 5.171816444915084965e-01 8.843950201431938218e-02 3.347180450070332824e-01 -1.083827776149368205e+00 1.310313717377593612e+00 1.431470612740426418e-01 -8.139988860689957306e-01 -1.330827901372479971e-01 1.763511190370323334e+00 1.416859631929936469e-01 -7.950909184040790834e-01 1.128776932664568911e+00 3.951103375983691990e+00 -3.148262516337032579e+00
1.081973428579030283e-01 -1.563287534377417742e-01 1.715742068144219812e-01 1.663961877108487419e-01 -1.291697049144641118e-01 4.943072726055732780e-01 9.070202502057969629e-02 4.373025816546949329e-01 -1.249070009757252464e+00 1.240440774711503380e+00 1.022883715710535490e+00 -1.843695221981596521e+00 7.157376310667986630e-01 1.583449273884481201e+00 -1.539570924006170571e-01 -1.995970000828108937e-01 1.431071693662461897e+00 2.324863355339738646e+00 -3.362536633947554421e+00
1.256293314326285826e-01 -2.028676662940543940e-01 1.773780910215555784e-01 1.584237359084107455e-01 -1.018470974783164396e-01 4.948762670503707994e-01 8.306998385005903707e-02 2.637939319287775142e+00 -1.791263399809881030e+00 2.477984059799679173e+00 6.507142102947742757e-01 -5.212587007963174202e-01 8.458480455857939617e-01 2.077937401135089068e+00 7.828119989335338147e-01 -3.326986413876431570e-01 3.491337853152375104e+00 2.067829477322953302e+00 -4.592756326688597568e+00
1.272516829157638307e-01 -2.008278568249936558e-01 1.804369930228892638e-01 1.464753814780558328e-01 -8.922316218008929933e-02 5.469264849940076445e-01 9.103870088969324981e-02 7.361122510541378006e-01 -1.658815861640970724e+00 1.118182085187036101e+00 1.058884068717404148e+00 -1.967801339106680647e+00 6.119649902124990604e-02 1.812641255667887030e+00 -6.658015781653947585e-02 -6.963900198243289097e-01 1.388382486617389056e+00 3.158036281571739323e+00 -2.868196956133470366e+00
1.267328581956353450e-01 -1.930918030947355590e-01 1.818554716541987415e-01 1.656389899488976969e-01 -1.180946478754651974e-01 4.524580581017314529e-01 9.307390791302014299e-02 2.191286038753741394e-01 -5.725944128734825611e-01 7.587754995415538772e-01 1.249325806789030047e+00 -1.645433157391851697e+00 6.159004887965942032e-01 1.915703800382790867e+00 -3.428672344381293868e-01 -1.151122682049550150e-01 1.601561323205502596e+00 1.877874369196924853e+00 -3.416621070426586471e+00
1.237905710834365791e-01 -1.859090565608272350e-01 1.793834920433189650e-01 1.434478276119119933e-01 -1.143594767334371598e-01 5.060036678070156668e-01 9.228717610152481488e-02 -1.099632406889705649e-01 -1.623571445498386279e+00 1.731783507198673355e+00 -4.293410105292787549e-01 -1.209147794273863763e+00 5.870973205713170273e-03 1.101472810514355416e+00 1.637672523069211294e-01 -1.252923471241905951e+00 1.885838749411932191e+00 2.081193573137279706e+00 -2.413149084404966338e+00
1.274319809228986744e-01 -2.238859685519327125e-01 1.785002330671759674e-01 1.677042793960136224e-01 -1.735709560834046705e-01 5.272625881564110273e-01 8.646549220687663184e-02 1.629106184774542498e-02 -1.142467855321229742e+00 1.084621800134287994e+00 1.143907383679927392e-01 -1.103372240630412726e+00 -2.180676895246067559e-01 1.989394078039692815e+00 -6.914790821287963851e-01 -2.932340183298940417e-01 1.869791826119792333e+00 1.555916010148665762e+00 -2.694722257884963224e+00
1.274319809228986744e-01 -2.238859685519327125e-01 1.785002330671759674e-01 1.677042793960136224e-01 -1.735709560834046705e-01 5.272625881564110273e-01 8.646549220687663184e-02 1.629106184774542498e-02 -1.142467855321229742e+00 1.084621800134287994e+00 1.143907383679927392e-01 -1.103372240630412726e+00 -2.180676895246067559e-01 1.989394078039692815e+00 -6.914790821287963851e-01 -2.932340183298940417e-01 1.869791826119792333e+00 1.555916010148665762e+00 -2.694722257884963224e+00
1.236223449196968693e-01 -1.987494146208206303e-01 1.807489423917967575e-01 1.547718291020341308e-01 2.709230436408116560e-02 5.362508933139427114e-01 8.608572299596034538e-02 9.247403103974916050e-01 -8.026437368262664407e-01 1.303312522624270109e+00 1.145697149532873382e+00 -1.300123494937250879e+00 7.991549280872334293e-02 2.924509465175880507e+00 -7.481633646771355117e-01 2.688020470071101897e-01 1.945887708818880846e+00 3.444110180595602699e+00 -3.935009812329690604e+00
1.171692835674639221e-01 -1.500789379259579448e-01 1.750059594433387156e-01 1.703462704919984638e-01 -1.383338903495627825e-01 4.156099775286525855e-01 8.473783245656088536e-02 -2.652249550358520835e-01 -5.091771548451724527e-01 3.487202288356003876e-01 9.706599967147599983e-01 -1.836653789597608721e+00 4.095100009840502153e-01 1.354929407282988052e+00 -1.422293908284908426e-01 -3.942049248075978340e-01 1.928343915218801108e+00 2.498367580335704830e+00 -2.796390796619375507e+00
1.171692835674639221e-01 -1.500789379259579448e-01 1.750059594433387156e-01 1.703462704919984638e-01 -1.383338903495627825e-01 4.156099775286525855e-01 8.473783245656088536e-02 -2.652249550358520835e-01 -5.091771548451724527e-01 3.487202288356003876e-01 9.706599967147599983e-01 -1.836653789597608721e+00 4.095100009840502153e-01 1.354929407282988052e+00 -1.422293908284908426e-01 -3.942049248075978340e-01 1.928343915218801108e+00 2.498367580335704830e+00 -2.796390796619375507e+00
1.177226218901163690e-01 -1.942678898977910906e-01 1.727168900310671329e-01 1.589774394212402076e-01 -1.350024115315158202e-01 6.419884205993917625e-01 8.986837589287374750e-02 -3.255843793944510622e-01 -1.144282967146277308e+00 1.746318986756589808e-01 8.084149047825031076e-01 -2.301792812827090362e+00 -1.813477632863786937e-01 1.810056766805764994e+00 -9.790777906594030355e-01 -1.294266458835791056e+00 2.453751042385099446e+00 8.231393663885322454e-01 -2.023664693252341884e+00
1.167573733289800908e-01 -1.930996914754957716e-01 1.788443089529291041e-01 1.790305449980297281e-01 -3.911214069137347593e-02 5.985783424430262123e-01 8.444853897353730987e-02 2.423737108286427855e-01 -5.178283964206249479e-01 6.517167878357348343e-01 1.051165912668623470e+00 -1.539285840377477843e+00 1.413824305360673605e-01 2.075506151989210402e+00 -6.741184041058048138e-01 -1.755898034414311581e-01 2.572560954419906842e+00 1.439074322587501342e+00 -3.302408657971522832e+00
1.167573733289800908e-01 -1.930996914754957716e-01 1.788443089529291041e-01 1.790305449980297281e-01 -3.911214069137347593e-02 5.985783424430262123e-01 8.444853897353730987e-02 2.423737108286427855e-01 -5.178283964206249479e-01 6.517167878357348343e-01 1.051165912668623470e+00 -1.539285840377477843e+00 1.413824305360673605e-01 2.075506151989210402e+00 -6.741184041058048138e-01 -1.755898034414311581e-01 2.572560954419906842e+00 1.439074322587501342e+00 -3.302408657971522832e+00
1.158627144950374888e-01 -1.796422839227290735e-01 1.758322399408399628e-01 1.710836198778880046e-01 -8.506600543393649794e-02 4.250560709535351478e-01 8.583060225156316503e-02 -5.288210989881410029e-01 3.181446685225699511e-01 9.196491481067798901e-01 6.408347778437786246e-01 -4.578300943244553167e-01 -2.846217573201634821e-01 2.829466887922269080e+00 -7.458675337162148367e-01 6.092048121248758719e-01 1.687827098144831339e+00 3.509005401726604134e+00 -3.826895396325317833e+00
1.195667647722861715e-01 -1.895046329097070936e-01 1.762966721415323013e-01 1.783404677047093490e-01 -2.353014809890248138e-01 4.936258717073362945e-01 9.246252547258269894e-02 2.218074755325085690e-01 -8.366999445130005597e-01 1.139632900430918028e+00 1.066698567739498671e+00 -1.759889724292462265e+00 6.217301952070855009e-01 2.023531847551673479e+00 -4.131614726405095084e-01 1.065253671545942638e-01 1.476381128232510775e+00 1.993223154002853548e+00 -3.443758923549785411e+00
1.195667647722861715e-01 -1.895046329097070936e-01 1.762966721415323013e-01 1.783404677047093490e-01 -2.353014809890248138e-01 4.936258717073362945e-01 9.246252547258269894e-02 2.218074755325085690e-01 -8.366999445130005597e-01 1.139632900430918028e+00 1.066698567739498671e+00 -1.759889724292462265e+00 6.217301952070855009e-01 2.023531847551673479e+00 -4.131614726405095084e-01 1.065253671545942638e-01 1.476381128232510775e+00 1.993223154002853548e+00 -3.443758923549785411e+00
1.212488191395059145e-01 -1.654424127226667984e-01 1.775699578326023209e-01 1.770247042236318125e-01 -1.248928345212111379e-01 5.303522864128673575e-01 8.790302128324301023e-02 8.396554011958201613e-02 2.913908746118556436e-01 8.974006849204556602e-01 1.736612754880454190e+00 -1.570396958625938311e+00 1.282814660312753929e+00 1.940388809259959046e+00 2.227965559800857420e-01 4.688020133364068087e-01 1.985035961773400359e+00 2.595140735060770254e+00 -4.375723145579722306e+00
1.317270669215439560e-01 -2.234303267761321710e-01 1.813548112230489173e-01 1.450420149725887287e-01 -1.551792725414612439e-01 5.602527714213882959e-01 8.628190066379104461e-02 1.248880499978659131e+00 -1.283875585900486449e+00 1.137245252408487062e+00 1.219310203754695010e+00 -1.701245852391081392e+00 4.959291751556076377e-01 2.072146482676496149e+00 -5.664730132190420875e-02 -7.423158493803736491e-01 2.930425619011679750e+00 1.432998456602014414e+00 -3.506810123135943869e+00
1.121218342192211170e-01 -1.521150942352015867e-01 1.761870302625447027e-01 1.702912843261492615e-01 -2.204013834715581321e-01 5.723638764337328766e-01 8.531849947868076767e-02 2.621213416250860462e-01 -5.200285808725251258e-01 9.010197995036506313e-01 1.227575545425373171e+00 -1.687289137473155787e+00 1.065949861841398061e+00 1.635117243047603530e+00 -2.739325695830299168e-01 6.039987504103745408e-01 1.792208508296685210e+00 2.783460947592173440e+00 -3.767142418944956717e+00
1.209518507067273152e-01 -1.766024274314652587e-01 1.749112474608373047e-01 1.639593500684862759e-01 -1.313495259768938661e-01 6.589465294527112604e-01 8.838066680865766522e-02 2.189467328842198413e-02 -1.538759461096805836e-02 1.555086868087185437e+00 6.178682150449326116e-01 -1.645563283375537367e-01 8.019040711393454757e-02 2.668128389084307273e+00 1.365443976032034712e-01 1.744686840041858034e-01 1.924294353888766018e+00 4.150526028057115013e+00 -4.504870158380570366e+00
1.234476517728292366e-01 -1.930748165888178103e-01 1.779619096823521485e-01 1.632104814665390480e-01 -1.756974474222302574e-01 4.802042709597467152e-01 8.650689546496123650e-02 9.948386202706371861e-01 -1.560610858644726040e+00 6.834261203300462384e-01 1.111000249735747403e+00 -2.260355890983736238e+00 7.895720164375505945e-01 1.075553544558838226e+00 -1.201084968398635766e-01 1.194858982490343280e-01 7.943593944336333479e-01 3.235720580557444492e+00 -2.703142841333331603e+00
1.210954615351321761e-01 -1.775926219505638004e-01 1.716324667744262567e-01 1.810264608731996239e-01 -4.579557886219509655e-02 5.217155882881314710e-01 8.669478011683356966e-02 -5.621978921733354895e-01 -8.116306002870441461e-01 5.766737550296321402e-01 2.781657956255587649e-01 -1.773018691304386607e+00 1.899964622667260628e-01 9.716715784188112437e-01 2.230545631433127340e-01 -9.600530188766960293e-01 1.128185972425638006e+00 2.399718409047092216e+00 -2.332136201140631027e+00
1.176397507362313688e-01 -1.610037873194245517e-01 1.742204816460888317e-01 1.722717404420572862e-01 -7.661044669142291763e-02 5.536737786669991834e-01 8.167948632054330971e-02 5.759782985931982680e-01 -1.150683048557223032e+00 1.769556665780673832e+00 2.707268810892848876e-02 -3.434769791084013590e-01 -5.178375540840640667e-02 2.208502805604917185e+00 3.538622089718046482e-02 -7.208321904316843387e-01 3.529393698804067725e+00 1.069530867150938036e+00 -3.622971085427396432e+00
1.176397507362313688e-01 -1.610037873194245517e-01 1.742204816460888317e-01 1.722717404420572862e-01 -7.661044669142291763e-02 5.536737786669991834e-01 8.167948632054330971e-02 5.759782985931982680e-01 -1.150683048557223032e+00 1.769556665780673832e+00 2.707268810892848876e-02 -3.434769791084013590e-01 -5.178375540840640667e-02 2.208502805604917185e+00 3.538622089718046482e-02 -7.208321904316843387e-01 3.529393698804067725e+00 1.069530867150938036e+00 -3.622971085427396432e+00
1.210161027256843880e-01 -1.673411045599648705e-01 1.827125911492827048e-01 1.651932078605334864e-01 -1.151837413560077295e-01 5.388952788172027830e-01 9.126813258926333439e-02 -6.759875825179104680e-01 -4.195069656213137321e-01 2.682116804557646006e-01 6.314120881422020659e-01 -1.530137481537527933e+00 -2.957045585783628638e-01 1.975553918044187895e+00 -7.967931320836134645e-01 -3.594040768124928675e-01 1.498799211796465691e+00 2.248314805008465811e+00 -2.531729591436140847e+00
1.135346933363947930e-01 -1.726041152610612306e-01 1.744385087640754894e-01 1.770443744619204507e-01 -1.967342254158082060e-01 4.921401291599925010e-01 9.335100817331315470e-02 2.935187763356150725e-01 -8.613290389200916053e-01 4.286883706621580359e-01 1.401839152414748213e+00 -2.093882271385584914e+00 4.842946912414092253e-01 1.501744457512710795e+00 2.429749706462782655e-01 -1.096150137489954268e+00 1.824527024326888736e+00 1.977660145684195570e+00 -2.989729565341400885e+00
1.150467297794923738e-01 -1.752191514194582078e-01 1.762709200338775650e-01 1.758040154294502333e-01 -5.951715345792785161e-02 6.796618321659639861e-01 8.968731497789649010e-02 -7.902771329488906815e-01 -3.427268421844154034e-03 3.847625543616306487e-01 1.008523382133646784e+00 -1.498571888054045065e+00 1.433747874693196422e-01 1.848796285998128397e+00 -2.644826474756589718e-01 -4.925382446652868396e-01 1.977835997400672063e+00 3.252229289690589553e+00 -3.201406954023700457e+00
1.209086175273688113e-01 -1.847725270394338648e-01 1.777268452201693216e-01 1.567499197876678352e-01 -1.388095337913120009e-01 4.540827625296612879e-01 7.953990380676802252e-02 7.657253225131395169e-01 -1.085745201496493451e+00 7.814551595674421591e-01 1.079903670290455864e+00 -1.834194538940052688e+00 5.525861070031270472e-01 1.695733594848977788e+00 -7.768538301217393638e-01 9.479867440230984599e-01 1.605848843630766076e+00 1.910395400590597426e+00 -3.137430113680467425e+00
1.269139751814243600e-01 -2.109456499034516042e-01 1.838591430502451163e-01 1.487921174776748456e-01 -1.145083470719963081e-01 4.751158976888905094e-01 8.670021014186690689e-02 -6.410550302565667380e-01 -4.263037663855939741e-01 4.536775257503036229e-01 4.858409257298470507e-01 -9.981494877089964746e-01 -7.682421708618285550e-01 2.587226879314544092e+00 -1.217263711029257234e+00 -8.785727109706620297e-02 1.543098143887577933e+00 2.844489666982104481e+00 -2.594671255309174640e+00
1.150066525488991909e-01 -1.751288866388399645e-01 1.773725866673378226e-01 1.514093347675949941e-01 -1.437472417554306325e-01 5.834155449851667896e-01 8.626228379591030504e-02 -8.486180952267217137e-01 -1.131239537524714400e+00 9.470310701484363491e-01 -7.892731646309059101e-02 -1.526419368956500655e+00 -2.516367433891613103e-01 1.291212824364571077e+00 7.464606294278919307e-02 -1.762714530389754231e+00 1.690418644307324136e+00 2.001583302747808268e+00 -2.168672941940783971e+00
1.248346367917049227e-01 -1.965731907028053782e-01 1.780978611439583970e-01 1.530104194629927639e-01 -5.754158894645022837e-02 6.146805121314793396e-01 8.367973566211790726e-02 -5.694049785536208219e-01 -5.809431164617491206e-01 1.742855113118153554e-01 3.888163449047628006e-01 -1.454462422739388749e+00 -5.380514055272467289e-01 1.686729522704145445e+00 -3.145051039430306616e-01 -1.071726104416037550e+00 1.986001042068830102e+00 2.133815646805682142e+00 -2.189919782184849506e+00
1.059289410098883666e-01 -1.587658579363450118e-01 1.710001528284140482e-01 1.891408099494523709e-01 -1.072582474124523788e-01 6.261115866737014812e-01 8.145092184878226227e-02 5.940709587686932025e-01 -1.118114559825036380e-01 7.764033054434795744e-01 1.678127043682038355e+00 -1.621460346242612260e+00 1.151312234368116805e+00 1.989020648321375262e+00 -4.882937190389036175e-02 2.970154736323689093e-01 2.666681355082473281e+00 2.668965352547516545e+00 -4.274696586682359190e+00
1.059289410098883666e-01 -1.587658579363450118e-01 1.710001528284140482e-01 1.891408099494523709e-01 -1.072582474124523788e-01 6.261115866737014812e-01 8.145092184878226227e-02 5.940709587686932025e-01 -1.118114559825036380e-01 7.764033054434795744e-01 1.678127043682038355e+00 -1.621460346242612260e+00 1.151312234368116805e+00 1.989020648321375262e+00 -4.882937190389036175e-02 2.970154736323689093e-01 2.666681355082473281e+00 2.668965352547516545e+00 -4.274696586682359190e+00
1.106477131277082415e-01 -1.502315392523151383e-01 1.699496245935318561e-01 1.899977580212696138e-01 -6.607157675166874800e-02 5.872873867353920474e-01 8.277101231415641414e-02 -3.663064247018299469e-01 -7.519892529138356707e-01 5.962636537405030523e-01 5.815547959657161314e-01 -1.759822550903403560e+00 3.042102822408772056e-01 1.129063211933843291e+00 2.982618402506904687e-01 -1.427107813818258464e+00 2.954686625919751286e+00 1.701134428283872069e+00 -2.729301613778206903e+00
1.106477131277082415e-01 -1.502315392523151383e-01 1.699496245935318561e-01 1.899977580212696138e-01 -6.607157675166874800e-02 5.872873867353920474e-01 8.277101231415641414e-02 -3.663064247018299469e-01 -7.519892529138356707e-01 5.962636537405030523e-01 5.815547959657161314e-01 -1.759822550903403560e+00 3.042102822408772056e-01 1.129063211933843291e+00 2.982618402506904687e-01 -1.427107813818258464e+00 2.954686625919751286e+00 1.701134428283872069e+00 -2.729301613778206903e+00
1.164388196303167977e-01 -1.908413841774638797e-01 1.810674589373670873e-01 1.338598247784825723e-01 -1.473760659352311153e-01 4.671781040183189404e-01 8.218812005421873013e-02 2.136087533416821671e-01 -4.446724397906676174e-01 3.244702293560415285e-01 1.398089165573683346e+00 -1.955740099684229349e+00 8.048070079300178037e-01 1.185280300304565770e+00 4.579683850821494318e-01 -7.505275993948643531e-01 2.185877495156455019e+00 2.528464776057659513e+00 -3.172547577844902822e+00
1.164388196303167977e-01 -1.908413841774638797e-01 1.810674589373670873e-01 1.338598247784825723e-01 -1.473760659352311153e-01 4.671781040183189404e-01 8.218812005421873013e-02 2.136087533416821671e-01 -4.446724397906676174e-01 3.244702293560415285e-01 1.398089165573683346e+00 -1.955740099684229349e+00 8.048070079300178037e-01 1.185280300304565770e+00 4.579683850821494318e-01 -7.505275993948643531e-01 2.185877495156455019e+00 2.528464776057659513e+00 -3.172547577844902822e+00
1.263673114118375185e-01 -1.773900579438591474e-01 1.825827697621056067e-01 1.621995397820535922e-01 -9.363551804892611408e-02 5.321992781141746676e-01 8.733755170696255732e-02 -6.144879879041997839e-02 3.979561034412419929e-01 1.136256068302181177e+00 1.042610241157788664e+00 -6.908068110941654183e-01 3.029002714232067461e-01 2.703171821439514844e+00 2.777084249763470680e-01 -1.074786755474086419e-01 2.357552683674592586e+00 2.500564232644379992e+00 -4.391058743638280859e+00
1.172954575522098808e-01 -1.742052385368111356e-01 1.767314653080320486e-01 1.743551964917083863e-01 -7.895317148494351844e-02 6.225961428753756799e-01 8.548515393124572759e-02 1.101685979373318247e+00 -7.354056699717750334e-01 8.537193603790935725e-01 1.617015847196557665e+00 -1.887553774002161511e+00 1.332224999448667013e+00 1.607532770256330679e+00 -3.933356762283013452e-01 1.036713923693735495e+00 1.312475795524631117e+00 2.806064239292336282e+00 -3.920413823529758535e+00
1.143649893699450748e-01 -1.677165746837544491e-01 1.779647272533934343e-01 1.590291768266943739e-01 -3.933730492528897393e-02 5.546679023339775583e-01 8.467604137507656059e-02 2.836632026223862013e-01 -1.060208865389319577e+00 7.389067762401646533e-01 7.806687679940846891e-01 -1.741969911056676423e+00 2.396922556436269502e-01 1.134421991839467125e+00 6.331589246805062743e-01 -1.490908643733868999e+00 2.509325848444834861e+00 2.340329166690088059e+00 -2.910585691888675441e+00
1.135317193133717206e-01 -1.753144660185344539e-01 1.772773192435242728e-01 1.624749933747058339e-01 -6.775385410254919361e-02 6.678614945906407030e-01 8.273899373202459051e-02 -6.503603760644791620e-01 -9.160699255373012662e-01 5.864656590755448207e-01 6.588292644724855762e-01 -2.041634241674021855e+00 1.911164290670566146e-01 1.296901586999092970e+00 -5.441298133424714578e-01 -4.133154334405384489e-01 1.408862030811082633e+00 2.748216004132415513e+00 -2.545836119523686047e+00
1.156554153005297236e-01 -1.827104461398827429e-01 1.758125674635362679e-01 1.644977240248913786e-01 -1.469207914667026715e-01 4.740481750498104496e-01 8.328210267758721919e-02 8.425232116950649441e-01 -2.183661114445891727e-01 1.757543349030530777e+00 6.732702074463468023e-01 -2.722129007518496735e-01 8.467908658530660659e-01 1.890691331943827436e+00 6.170993728600118189e-01 4.503811036653893041e-01 1.774218962934554611e+00 3.280665260829456642e+00 -4.628178490476443585e+00
1.233961032327770269e-01 -1.798257392342949013e-01 1.807097597690548452e-01 1.584559659230072581e-01 -1.022342683106720607e-01 5.558718379751881322e-01 9.197585358852923554e-02 -1.895115875791084648e-01 -1.358604874190295853e+00 1.085706958998526872e+00 2.072221603302191184e-01 -1.694980483721250764e+00 1.976618789567741175e-01 1.308094062161289095e+00 -8.375351674413611391e-02 -1.144037481751964513e+00 2.050181672552435330e+00 1.433794038203147991e+00 -2.486908788015215421e+00
1.221302930576896317e-01 -1.856965500258679347e-01 1.798119054506166492e-01 1.496559712953474675e-01 -1.738585105379649720e-01 4.286273237196240871e-01 9.120808197036467391e-02 2.696152256924833068e-02 -7.520767944829369611e-01 8.103981073947448266e-01 8.337874104902942562e-01 -1.287961633088867242e+00 -4.220764807203334357e-01 2.932829048697067620e+00 -1.263120545848427589e+00 1.072734081688189178e-01 2.092065137339440994e+00 2.479696575371860945e+00 -3.106553942220705800e+00
1.243298375223027552e-01 -1.773671820596079973e-01 1.781538539575640845e-01 1.708309725422423320e-01 -1.820262446207790985e-01 4.979802393253907056e-01 8.647073232584298608e-02 -5.258068774940216628e-01 -4.154250043203582266e-01 -6.541700983486187226e-02 8.441246438972305199e-01 -1.830859477670436775e+00 -2.958889352794713545e-02 1.332680940047038298e+00 -1.938789855535993922e-01 -2.958624487678109816e-01 1.142626626683629354e+00 1.292506482750405361e+00 -2.318925749133026848e+00
1.243298375223027552e-01 -1.773671820596079973e-01 1.781538539575640845e-01 1.708309725422423320e-01 -1.820262446207790985e-01 4.979802393253907056e-01 8.647073232584298608e-02 -5.258068774940216628e-01 -4.154250043203582266e-01 -6.541700983486187226e-02 8.441246438972305199e-01 -1.830859477670436775e+00 -2.958889352794713545e-02 1.332680940047038298e+00 -1.938789855535993922e-01 -2.958624487678109816e-01 1.142626626683629354e+00 1.292506482750405361e+00 -2.318925749133026848e+00
1.101233764272638860e-01 -1.722415425106024744e-01 1.777952064678208488e-01 1.608332431504300164e-01 -8.441538423850070139e-02 5.843974574568955305e-01 8.622109063925198491e-02 -1.121528866309615680e-01 -1.238916164032739520e+00 6.293624023866968287e-01 8.668500727224852653e-01 -2.258705053717840361e+00 2.911868592339006412e-01 1.157289574384810393e+00 3.131431667448945078e-01 -1.279380375810594828e+00 1.980075307029808940e+00 2.573161008091350510e+00 -2.527056604745172130e+00
1.281743733557885734e-01 -2.081546734618773820e-01 1.853393903712098889e-01 1.523167614437227479e-01 -7.441890760648983694e-02 6.018459261019364348e-01 8.519767647994254400e-02 4.264202563774430743e-01 -7.430045782456140557e-01 1.224677374682946684e+00 8.658443366446295641e-01 -1.186128026394021262e+00 -1.643446370901529008e-01 2.521307139152399124e+00 -1.218754403547617216e-01 -6.512952776512159758e-01 2.533985603693063027e+00 1.848978505168612507e+00 -3.550090894794526442e+00
1.244276497932177428e-01 -1.809952793861013820e-01 1.818052806496975871e-01 1.489340304619128919e-01 -2.032497226506294608e-01 5.738820527569234997e-01 8.227828343840684622e-02 -8.096674680082536213e-01 -1.192598676280933745e-01 8.255278678221440458e-01 2.250439500130516635e-01 -5.151116769769341630e-01 -4.777941414243862539e-01 2.437106958164154236e+00 -6.055824497695363462e-01 3.309689520220970849e-02 2.277170581216163114e+00 1.474088002120197416e+00 -3.164280246135266594e+00
1.229609245483655466e-01 -1.898229313585128586e-01 1.792192175517581809e-01 1.705095314476070545e-01 -6.304509028962690387e-02 6.198446190505833009e-01 8.457581638551915637e-02 8.641692704205317099e-01 -1.562733752598948200e-01 1.472106346566100399e+00 8.666746677664161069e-01 -2.237436213122290241e-01 1.996151639324903471e-01 2.546078324698974882e+00 8.292796892605363013e-01 -8.753401281338115680e-01 2.893604874165134788e+00 3.400211266052078685e+00 -4.561626134048407444e+00
1.229609245483655466e-01 -1.898229313585128586e-01 1.792192175517581809e-01 1.705095314476070545e-01 -6.304509028962690387e-02 6.198446190505833009e-01 8.457581638551915637e-02 8.641692704205317099e-01 -1.562733752598948200e-01 1.472106346566100399e+00 8.666746677664161069e-01 -2.237436213122290241e-01 1.996151639324903471e-01 2.546078324698974882e+00 8.292796892605363013e-01 -8.753401281338115680e-01 2.893604874165134788e+00 3.400211266052078685e+00 -4.561626134048407444e+00
1.271399434467999912e-01 -2.066811794371480882e-01 1.797388041070037135e-01 1.442886461728726255e-01 -1.407708099007473068e-01 5.363429973382292104e-01 9.373075964141344696e-02 6.697934955528577206e-01 -1.143254282510080877e+00 1.708412020201586223e+00 7.085824659594983643e-01 -1.222500830175932585e+00 1.791392111099465723e-02 2.784766689765373116e+00 -5.373141348065129108e-01 -3.749291525749489651e-01 1.950471099781059259e+00 2.631169482618691546e+00 -3.683957095251384928e+00
1.271399434467999912e-01 -2.066811794371480882e-01 1.797388041070037135e-01 1.442886461728726255e-01 -1.407708099007473068e-01 5.363429973382292104e-01 9.373075964141344696e-02 6.697934955528577206e-01 -1.143254282510080877e+00 1.708412020201586223e+00 7.085824659594983643e-01 -1.222500830175932585e+00 1.791392111099465723e-02 2.784766689765373116e+00 -5.373141348065129108e-01 -3.749291525749489651e-01 1.950471099781059259e+00 2.631169482618691546e+00 -3.683957095251384928e+00
1.262782654231016655e-01 -2.024473471583721484e-01 1.830393169657802688e-01 1.357789841367249561e-01 -1.487911191626225538e-01 5.824073306634556246e-01 8.594276840323045175e-02 7.850518890045936615e-01 -7.982076502087380732e-01 9.020121478946379057e-01 1.253747852958804643e+00 -1.380400671769541621e+00 5.765489412799400526e-01 1.667524451496317894e+00 6.872670566842300488e-01 -1.252130475916750640e+00 3.081262130759082396e+00 2.868511545312577127e+00 -3.675008100328417626e+00
1.262782654231016655e-01 -2.024473471583721484e-01 1.830393169657802688e-01 1.357789841367249561e-01 -1.487911191626225538e-01 5.824073306634556246e-01 8.594276840323045175e-02 7.850518890045936615e-01 -7.982076502087380732e-01 9.020121478946379057e-01 1.253747852958804643e+00 -1.380400671769541621e+00 5.765489412799400526e-01 1.667524451496317894e+00 6.872670566842300488e-01 -1.252130475916750640e+00 3.081262130759082396e+00 2.868511545312577127e+00 -3.675008100328417626e+00
1.101165535844828014e-01 -1.605393301059650502e-01 1.745888586257672015e-01 1.749562600935302692e-01 -9.876668738213068011e-02 4.184000378998349312e-01 8.642257553417195814e-02 1.617509860999401639e+00 -8.117429433115113113e-01 1.829569570929835187e+00 1.501241956922088505e+00 -1.078347231380840654e+00 8.645666192894418955e-01 2.598422846666199604e+00 4.058645680169608028e-01 2.306948855081980554e-02 3.655417968378385396e+00 1.933711747806910353e+00 -4.916409338233727944e+00
1.194010659844934874e-01 -1.696233597434231299e-01 1.828526117324092704e-01 1.565231439466405750e-01 -1.691993423086739501e-01 5.432430649626454056e-01 8.356239729678802131e-02 1.258841888440677792e+00 -1.193022616138346148e+00 1.338926598117591737e+00 1.197243582705026732e+00 -1.790028161176108412e+00 1.079075518049465998e+00 1.358486863500825592e+00 6.734549872945443383e-01 -7.531876400308306074e-01 2.928197017342464292e+00 1.801263482437026830e+00 -3.747545961442213525e+00
1.151184681668886711e-01 -1.789526413299478147e-01 1.772693694427485700e-01 1.475461879012693878e-01 -1.165530629397214524e-01 6.237507648474265309e-01 8.406476354730496592e-02 -1.113812455059104423e-02 -7.011265630009066996e-02 3.020707927723549346e-01 1.663545389127826013e+00 -1.805156457487262500e+00 9.240061732306390496e-01 1.320947425353020677e+00 6.166647290952607108e-01 -2.758838089553696804e-01 1.877085571894467897e+00 2.739156310339556200e+00 -3.661062091450298261e+00
1.203438280034756502e-01 -1.962449366991445010e-01 1.805439925495565812e-01 1.410095818653894773e-01 -6.641855105435590101e-02 6.808645918739126834e-01 8.366644729100322642e-02 1.000670971843355517e+00 -9.461874105455194695e-01 1.209103374477228598e+00 9.933676988793447293e-01 -1.095845717820709719e+00 2.319256241013878395e-01 2.315331981057426880e+00 -1.686584616069906062e-01 -5.208803627645561818e-01 2.612897265613989717e+00 2.627256152487196239e+00 -3.826805054762344227e+00
1.205249242918614849e-01 -1.975958973197775581e-01 1.802637070848106537e-01 1.400316537403067940e-01 -1.777411933356207729e-01 4.079172109368101040e-01 8.266737872167646828e-02 4.286743453571109086e-01 -5.463953733984450167e-02 1.391733935310446313e+00 1.128092823440195680e+00 -9.201697451970103359e-01 1.109701241367523572e+00 1.637703448704113107e+00 8.191466910839961812e-01 -8.941286485018551389e-02 2.371090807614320894e+00 3.134180410398698768e+00 -4.415513475027422530e+00
1.133648105573654974e-01 -1.769038818832516236e-01 1.767845626559968741e-01 1.600374226648010323e-01 -2.001708722656030393e-01 4.995730988081086288e-01 8.085352086619350398e-02 -8.382008680612260676e-01 -2.423691089140413979e-01 -2.803331820864203294e-01 1.104877642229491030e+00 -2.022020352606117566e+00 -4.237155802746714883e-01 1.853804100033000779e+00 -7.179909125303822748e-01 -5.232212004520517823e-01 2.159921589072912873e+00 1.048916650084199986e+00 -2.401240633677862668e+00
1.133065944904805555e-01 -1.708585155743418404e-01 1.788192189392999731e-01 1.586603279360158103e-01 -1.481725264728754876e-01 4.433551048334614109e-01 8.816542771081853358e-02 -1.339870433846881426e-01 -2.719575413578407819e-01 1.083214926258726507e+00 5.201372880798285081e-01 -6.582628003753621115e-01 -2.099650058426041355e-01 2.094422330777005570e+00 4.196863751480792715e-01 -1.298587795536052081e+00 2.505430319839307529e+00 2.840139561649386302e+00 -3.536275172040470149e+00
1.133065944904805555e-01 -1.708585155743418404e-01 1.788192189392999731e-01 1.586603279360158103e-01 -1.481725264728754876e-01 4.433551048334614109e-01 8.816542771081853358e-02 -1.339870433846881426e-01 -2.719575413578407819e-01 1.083214926258726507e+00 5.201372880798285081e-01 -6.582628003753621115e-01 -2.099650058426041355e-01 2.094422330777005570e+00 4.196863751480792715e-01 -1.298587795536052081e+00 2.505430319839307529e+00 2.840139561649386302e+00 -3.536275172040470149e+00
1.278517635917059969e-01 -1.619051191865024109e-01 1.819003431625364764e-01 1.754957366808195252e-01 -1.391743510514695803e-01 4.542648273281586491e-01 8.577540152355800362e-02 1.240746627603344088e+00 -1.763333536457656336e-01 1.408852439028924763e+00 1.486817914015756692e+00 -6.948354964376584064e-01 8.651796979494701390e-01 2.285443840943377936e+00 8.075147934689477225e-01 3.179098699738709399e-01 2.932306028515517582e+00 1.790996901866213520e+00 -4.865585663105458814e+00
1.278517635917059969e-01 -1.619051191865024109e-01 1.819003431625364764e-01 1.754957366808195252e-01 -1.391743510514695803e-01 4.542648273281586491e-01 8.577540152355800362e-02 1.240746627603344088e+00 -1.763333536457656336e-01 1.408852439028924763e+00 1.486817914015756692e+00 -6.948354964376584064e-01 8.651796979494701390e-01 2.285443840943377936e+00 8.075147934689477225e-01 3.179098699738709399e-01 2.932306028515517582e+00 1.790996901866213520e+00 -4.865585663105458814e+00
1.205800491723944823e-01 -2.013622206513773216e-01 1.794061966263076902e-01 1.481723253533409057e-01 -8.741573357875087602e-02 6.001784022848992706e-01 9.022347683508311067e-02 5.930235867722366550e-02 -1.440088484312660455e-01 7.586284295512237819e-01 1.183144869605030181e+00 -1.615610393414273815e+00 7.317951006813325776e-01 1.707363155524499021e+00 3.752324074995634362e-01 -5.319994823654461413e-01 1.885890519480986072e+00 2.360460215067760714e+00 -3.715794283326761871e+00
1.216005079581917725e-01 -1.748369736012543307e-01 1.767419626343705308e-01 1.545359778568783371e-01 -1.751830562091997168e-01 5.289650427297050150e-01 8.196573237873416851e-02 1.579684151990288221e+00 -1.074343455209973541e+00 1.302723829397606004e+00 1.551535838555693658e+00 -1.753608329488854700e+00 1.052395481688606083e+00 2.166189768576400887e+00 -1.738193685832563062e-01 2.996076922554626876e-01 3.385957320740910603e+00 1.449755133656067230e+00 -4.100634317004717921e+00
1.216005079581917725e-01 -1.748369736012543307e-01 1.767419626343705308e-01 1.545359778568783371e-01 -1.751830562091997168e-01 5.289650427297050150e-01 8.196573237873416851e-02 1.579684151990288221e+00 -1.074343455209973541e+00 1.302723829397606004e+00 1.551535838555693658e+00 -1.753608329488854700e+00 1.052395481688606083e+00 2.166189768576400887e+00 -1.738193685832563062e-01 2.996076922554626876e-01 3.385957320740910603e+00 1.449755133656067230e+00 -4.100634317004717921e+00
1.151296861310866781e-01 -1.901436939629178591e-01 1.756229667271279882e-01 1.778134001260069930e-01 -5.703276723595285258e-02 6.163180883064560689e-01 8.960489684307669511e-02 -6.853832866856901518e-02 -9.782751479296276642e-01 1.282027745931558549e+00 6.159628938702912393e-01 -1.471427927317022100e+00 -1.448419458694569784e-01 2.268346427186371805e+00 -6.483569534753739205e-01 -1.252558707946942462e-01 1.216800200294477108e+00 2.530807409643061945e+00 -3.164109239351816871e+00
1.151296861310866781e-01 -1.901436939629178591e-01 1.756229667271279882e-01 1.778134001260069930e-01 -5.703276723595285258e-02 6.163180883064560689e-01 8.960489684307669511e-02 -6.853832866856901518e-02 -9.782751479296276642e-01 1.282027745931558549e+00 6.159628938702912393e-01 -1.471427927317022100e+00 -1.448419458694569784e-01 2.268346427186371805e+00 -6.483569534753739205e-01 -1.252558707946942462e-01 1.216800200294477108e+00 2.530807409643061945e+00 -3.164109239351816871e+00
1.146107282030665586e-01 -1.848245793979196860e-01 1.736729751688399215e-01 1.746331465651919101e-01 -7.212402094538072905e-02 6.377322308461219613e-01 8.885143302115296182e-02 3.697720203621015500e-01 -5.764857073390299291e-01 6.998877253152011590e-01 1.162787522590191358e+00 -1.681790358540494523e+00 5.016071235112757876e-01 1.879831477424191988e+00 1.832071143702744820e-01 -7.789371181817275058e-01 2.627894344960793660e+00 2.199397963030151892e+00 -3.481788185998481389e+00
1.146107282030665586e-01 -1.848245793979196860e-01 1.736729751688399215e-01 1.746331465651919101e-01 -7.212402094538072905e-02 6.377322308461219613e-01 8.885143302115296182e-02 3.697720203621015500e-01 -5.764857073390299291e-01 6.998877253152011590e-01 1.162787522590191358e+00 -1.681790358540494523e+00 5.016071235112757876e-01 1.879831477424191988e+00 1.832071143702744820e-01 -7.789371181817275058e-01 2.627894344960793660e+00 2.199397963030151892e+00 -3.481788185998481389e+00
1.144581109230672356e-01 -1.805588998447911764e-01 1.733832709260961780e-01 1.467884335133864404e-01 -7.707460290912959699e-02 6.032961597184893776e-01 8.882195471527756792e-02 -1.121354245288964435e+00 -9.417885247536954552e-01 6.574263378250657652e-01 2.016907771140106220e-01 -1.588572494557564774e+00 -5.478013997981578953e-01 1.717418844683714418e+00 -8.472637712731199144e-01 -8.303224639107300575e-01 1.461251206466947394e+00 1.875363939140262559e+00 -2.131807355149793359e+00
1.144581109230672356e-01 -1.805588998447911764e-01 1.733832709260961780e-01 1.467884335133864404e-01 -7.707460290912959699e-02 6.032961597184893776e-01 8.882195471527756792e-02 -1.121354245288964435e+00 -9.417885247536954552e-01 6.574263378250657652e-01 2.016907771140106220e-01 -1.588572494557564774e+00 -5.478013997981578953e-01 1.717418844683714418e+00 -8.472637712731199144e-01 -8.303224639107300575e-01 1.461251206466947394e+00 1.875363939140262559e+00 -2.131807355149793359e+00
1.216792986529183496e-01 -2.056344741438376200e-01 1.777009468291944894e-01 1.534224345954054991e-01 -1.103537220852858214e-01 5.022822777070827804e-01 7.908694831920384805e-02 -2.279138734067709393e-01 -4.058867163024348912e-01 -8.546863895899736718e-02 1.322414592506877540e+00 -2.570609842171708070e+00 1.261500275681186167e+00 4.796473633176843165e-01 2.442956046123470060e-01 -2.758208509627468885e-01 1.221510522427760037e+00 2.669576188928585836e+00 -2.656678757725608353e+00
1.216792986529183496e-01 -2.056344741438376200e-01 1.777009468291944894e-01 1.534224345954054991e-01 -1.103537220852858214e-01 5.022822777070827804e-01 7.908694831920384805e-02 -2.279138734067709393e-01 -4.058867163024348912e-01 -8.546863895899736718e-02 1.322414592506877540e+00 -2.570609842171708070e+00 1.261500275681186167e+00 4.796473633176843165e-01 2.442956046123470060e-01 -2.758208509627468885e-01 1.221510522427760037e+00 2.669576188928585836e+00 -2.656678757725608353e+00
1.198843223269097369e-01 -1.850377612693157037e-01 1.705854662027121715e-01 1.664558164483981306e-01 -1.842769569697628729e-01 4.652019692814857166e-01 8.438913985966464693e-02 6.494821389868485895e-01 1.375353731629367360e-01 8.415251852391438803e-01 1.497023163707142501e+00 -1.003415309825979040e+00 6.700874409304802271e-01 2.209223874790142261e+00 3.261123887433559076e-01 -8.123616691257495859e-02 3.004513026859211067e+00 2.803467666432723604e+00 -4.401310288287209715e+00
1.198843223269097369e-01 -1.850377612693157037e-01 1.705854662027121715e-01 1.664558164483981306e-01 -1.842769569697628729e-01 4.652019692814857166e-01 8.438913985966464693e-02 6.494821389868485895e-01 1.375353731629367360e-01 8.415251852391438803e-01 1.497023163707142501e+00 -1.003415309825979040e+00 6.700874409304802271e-01 2.209223874790142261e+00 3.261123887433559076e-01 -8.123616691257495859e-02 3.004513026859211067e+00 2.803467666432723604e+00 -4.401310288287209715e+00
1.169266290751646287e-01 -1.987643199427902574e-01 1.764576048645768169e-01 1.546360636908193920e-01 -7.360783800044068403e-02 6.986369927677205105e-01 8.515415793599712124e-02 -7.014338855345325641e-01 -7.978698266371262449e-01 6.028160419935790770e-01 5.342924025992603632e-01 -1.689117864116935763e+00 -7.195204074324657029e-02 1.882238834779881742e+00 -1.022605286017523873e+00 -5.218044189095518703e-01 1.938472222080655172e+00 1.963908006559128339e+00 -2.556400904628660875e+00
1.166756891925034012e-01 -1.807302007772371710e-01 1.716834119232389100e-01 1.599423000998240196e-01 -1.053066698461800899e-01 5.208759915216707448e-01 8.280606535804066470e-02 -2.727695299316623689e-01 -4.242958845725768313e-01 7.206866541282650473e-01 8.465703347875619400e-01 -1.839142608911368271e+00 6.937109388621420791e-01 1.527468978898577134e+00 7.153577456937476597e-02 -7.222080437451436907e-01 2.508776269563667505e+00 1.513903346187708721e+00 -3.183746431324075310e+00
1.242244617513437732e-01 -1.716291715896983150e-01 1.786784231550674062e-01 1.694420703353667346e-01 -2.053655593570057336e-01 6.294222827420017374e-01 8.148780847720429876e-02 7.997117749098103801e-01 -5.167370849402264099e-01 1.482677383521928682e+00 1.050443202616735405e+00 -1.221814858618466282e+00 1.013563908957274329e+00 1.975132453431300839e+00 1.249025993656971423e-01 6.979956239010558505e-01 2.593182637056303363e+00 1.691980517081899116e+00 -4.240224588434809760e+00
1.239743689764838674e-01 -2.018745307570190550e-01 1.775680369961280813e-01 1.512122247150857746e-01 -1.811378082082800711e-01 3.931981036815948016e-01 8.414271989907987082e-02 -3.800751117946612467e-01 -8.300760957330401979e-01 4.691606358196960258e-01 3.668750247425567323e-01 -1.354340793900331796e+00 -7.601418311514684945e-02 1.277094627640581237e+00 -3.217348396896930751e-01 -8.034130872332037043e-01 1.393295289974172846e+00 2.321733020040571915e+00 -2.346167790893336935e+00
1.224456889207536370e-01 -1.843725532427752944e-01 1.804815641236420798e-01 1.538867502218294048e-01 -1.913992045289114596e-01 4.837335816122325660e-01 9.151784723692377166e-02 5.073746917427488512e-01 -6.089488892282943766e-01 1.153708603515748443e+00 1.039955545512302848e+00 -1.573765649126211308e+00 1.151233928214030477e+00 1.186177186288082552e+00 6.250972812338400075e-01 -8.949967748604397144e-01 2.583858659852116268e+00 2.893813376874289744e+00 -3.721401971772125172e+00
1.251760911264453158e-01 -1.924571472713785814e-01 1.812541354803798854e-01 1.528895669433415483e-01 -8.279524174276076121e-02 6.417879956562457799e-01 8.549075721904750291e-02 -7.275880665830261051e-01 1.247752416270024867e-01 3.758465492166269684e-01 7.503571456509572357e-01 -1.088118540168894199e+00 -4.399157218597000707e-01 2.607450207387493890e+00 -1.143820101323129279e+00 4.436640663925182082e-01 2.078282208234329076e+00 2.054108790213539315e+00 -3.079213181890511741e+00
1.132451487005593782e-01 -1.580581350064184099e-01 1.703341086440896268e-01 1.816900126846590080e-01 -2.082501909647427318e-01 5.155508879832142455e-01 8.631715120782681994e-02 6.776451530439224769e-01 1.871013714972828978e-01 1.070190103850494623e+00 1.675555233379312448e+00 -1.423714672210340204e+00 1.285818827013303078e+00 2.323165534482361849e+00 1.389264457981305156e-01 5.376808832406085870e-01 2.666654917242473388e+00 2.530323370679024464e+00 -4.720943387342230402e+00
1.132451487005593782e-01 -1.580581350064184099e-01 1.703341086440896268e-01 1.816900126846590080e-01 -2.082501909647427318e-01 5.155508879832142455e-01 8.631715120782681994e-02 6.776451530439224769e-01 1.871013714972828978e-01 1.070190103850494623e+00 1.675555233379312448e+00 -1.423714672210340204e+00 1.285818827013303078e+00 2.323165534482361849e+00 1.389264457981305156e-01 5.376808832406085870e-01 2.666654917242473388e+00 2.530323370679024464e+00 -4.720943387342230402e+00
1.204206384108071348e-01 -1.700587763427608978e-01 1.754263569589747107e-01 1.624100624044612085e-01 -9.238151307261910361e-02 4.381773874423635640e-01 8.010681963447183196e-02 -2.369112624329616779e-02 -6.821422383418269675e-01 4.543947443644693607e-01 1.106585371225490277e+00 -2.035779389067523759e+00 5.528556825768387029e-01 1.618462981208700135e+00 -3.165760276770912540e-01 -3.882969963733460261e-01 2.007180802402544373e+00 2.303563642513248411e+00 -2.916950530446725587e+00
1.268442398863580123e-01 -1.959602605033439748e-01 1.775330251886897970e-01 1.601638823130990819e-01 -1.702057715688357620e-01 5.197304503404107656e-01 8.674566171469549891e-02 -4.133363123319835353e-01 5.868796128463547035e-01 1.427538356360003036e-02 1.867442344191672099e+00 -1.719693090382425904e+00 6.811789400723613497e-01 2.123606104938568606e+00 -2.061295324945815466e-01 1.925217153372917878e-01 1.220024081337434119e+00 4.068710930125163827e+00 -3.727133835271143614e+00
1.200132076040846818e-01 -1.888921191106517350e-01 1.782044144959438192e-01 1.705414907962500282e-01 -1.017552542678360483e-01 4.298376636397973627e-01 8.468206798627105070e-02 1.991229629266930701e-01 -1.403738643226928318e-01 8.659744935946385169e-01 9.416022942418855735e-01 -1.308634464102659045e+00 8.465431570401849015e-01 1.780315659553121321e+00 -1.715587598331502761e-02 -6.595135246467620505e-02 2.146164012011368527e+00 2.001372406081265432e+00 -3.696720465108325193e+00
1.150855442020453923e-01 -1.881477100257486490e-01 1.799821214429726257e-01 1.617978392705671231e-01 -2.086354029327999182e-01 5.680094293646185122e-01 8.666768348254620669e-02 8.902655372345069651e-01 -1.139118818591237314e+00 7.932655040686098502e-01 1.210888753849795663e+00 -1.650531309710092209e+00 3.074978711184979119e-01 2.027631381115957865e+00 -8.020539146135359232e-01 3.091369964313148699e-01 1.525922176955500476e+00 2.401416346717944350e+00 -3.260880475394603017e+00
1.150855442020453923e-01 -1.881477100257486490e-01 1.799821214429726257e-01 1.617978392705671231e-01 -2.086354029327999182e-01 5.680094293646185122e-01 8.666768348254620669e-02 8.902655372345069651e-01 -1.139118818591237314e+00 7.932655040686098502e-01 1.210888753849795663e+00 -1.650531309710092209e+00 3.074978711184979119e-01 2.027631381115957865e+00 -8.020539146135359232e-01 3.091369964313148699e-01 1.525922176955500476e+00 2.401416346717944350e+00 -3.260880475394603017e+00
1.150455467592605419e-01 -1.679327005147706053e-01 1.750293744299849519e-01 1.601850602371204246e-01 -1.134898595447864089e-01 5.669131754397804812e-01 8.328899925618635236e-02 -9.607742434520138985e-01 -8.352762142738567874e-01 8.387421451588394916e-02 9.120355887607258794e-01 -2.403487458306442726e+00 4.844765291345618508e-01 7.555968028820361226e-01 -4.947306160974562772e-02 -1.442795867995727566e+00 2.337003629805529670e+00 1.544452778651804969e+00 -2.106452100607016042e+00
1.150455467592605419e-01 -1.679327005147706053e-01 1.750293744299849519e-01 1.601850602371204246e-01 -1.134898595447864089e-01 5.669131754397804812e-01 8.328899925618635236e-02 -9.607742434520138985e-01 -8.352762142738567874e-01 8.387421451588394916e-02 9.120355887607258794e-01 -2.403487458306442726e+00 4.844765291345618508e-01 7.555968028820361226e-01 -4.947306160974562772e-02 -1.442795867995727566e+00 2.337003629805529670e+00 1.544452778651804969e+00 -2.106452100607016042e+00
1.188725049089995600e-01 -1.898702655128431394e-01 1.738890775906549446e-01 1.681678329315001719e-01 -5.324421934792444855e-02 4.295681497650245539e-01 9.229796256430702894e-02 -3.211471055791648155e-02 -3.930624057232829927e-01 1.024993393373177852e+00 1.119792679938376168e+00 -1.589243657522120934e+00 9.458233352865574872e-01 1.524456404074515881e+00 3.621005130456156351e-01 -3.675686478465802765e-01 2.032734640465900355e+00 2.440557532299630239e+00 -3.701357109673280021e+00
1.167419857807731054e-01 -1.667869524866554820e-01 1.743190199425168341e-01 1.568954910105111455e-01 -1.027675408773928156e-01 4.675072573654910357e-01 8.929506681633622711e-02 1.259967930382595469e+00 -6.760366773380219740e-01 1.442595232059816546e+00 1.203707090435180760e+00 -6.648511961594030240e-01 1.246936951684576300e-01 2.749924462450917595e+00 3.241357042653234544e-01 1.108500169921757816e-01 1.957012219044225176e+00 3.738789565620786348e+00 -4.514099167395310808e+00
1.167419857807731054e-01 -1.667869524866554820e-01 1.743190199425168341e-01 1.568954910105111455e-01 -1.027675408773928156e-01 4.675072573654910357e-01 8.929506681633622711e-02 1.259967930382595469e+00 -6.760366773380219740e-01 1.442595232059816546e+00 1.203707090435180760e+00 -6.648511961594030240e-01 1.246936951684576300e-01 2.749924462450917595e+00 3.241357042653234544e-01 1.108500169921757816e-01 1.957012219044225176e+00 3.738789565620786348e+00 -4.514099167395310808e+00
1.233636325690707636e-01 -1.922547243202446521e-01 1.787193868686346998e-01 1.498356209095982328e-01 -7.274935748175392902e-02 5.301731020644315784e-01 9.449166670004428836e-02 -3.191506777789232530e-02 4.784315610982581291e-02 1.095740938737042036e+00 1.418265571689816262e+00 -1.061250416143989739e+00 2.671443172837708602e-01 2.587768967108186935e+00 -4.847830077210080191e-02 -9.601972147227400001e-02 2.800184032669156053e+00 2.018165206000701595e+00 -4.355369759003920649e+00
1.233636325690707636e-01 -1.922547243202446521e-01 1.787193868686346998e-01 1.498356209095982328e-01 -7.274935748175392902e-02 5.301731020644315784e-01 9.449166670004428836e-02 -3.191506777789232530e-02 4.784315610982581291e-02 1.095740938737042036e+00 1.418265571689816262e+00 -1.061250416143989739e+00 2.671443172837708602e-01 2.587768967108186935e+00 -4.847830077210080191e-02 -9.601972147227400001e-02 2.800184032669156053e+00 2.018165206000701595e+00 -4.355369759003920649e+00
1.171070104427273662e-01 -1.801668862702052731e-01 1.771607396926261624e-01 1.753359471953354065e-01 -3.134275865631086511e-02 4.974805545362901427e-01 9.393812509077553718e-02 2.728532341018530261e-01 -6.641640707713527547e-01 1.483168544721872095e+00 9.170755152889187301e-01 -1.003939689376189381e+00 -1.080106538874296973e-01 2.597222871013597612e+00 -5.194388798863869283e-02 -4.869322826030586526e-02 1.237732286626488154e+00 3.504316854990246810e+00 -3.959704932662237997e+00
1.153986449775614431e-01 -1.762965986256606610e-01 1.766806839888484248e-01 1.497624576727690782e-01 -5.192164915308139506e-02 5.416114893378454198e-01 8.696756824742182812e-02 1.059518956119171129e+00 -1.310563215593166575e+00 1.735758202582076137e+00 7.732230282218193196e-01 -8.561812427826858141e-01 -2.545353566264010325e-01 2.932460027117162582e+00 -5.415833076913809663e-01 -2.236957030530302148e-01 2.443861242849317605e+00 3.240687164191665914e+00 -3.887394281099399773e+00
1.177911196766059099e-01 -2.009653484949694979e-01 1.797944288277662783e-01 1.403016241147838628e-01 -1.285212165751971058e-01 5.552247253037618790e-01 8.393398224769797744e-02 1.078472139998636337e+00 -1.741368927271089717e-01 1.231572286875815436e+00 1.636592580036615452e+00 -1.085207061810691265e+00 1.269030467352767033e+00 1.893713909884233715e+00 5.910766747643236840e-01 -3.003183680207470729e-01 3.359677588546315263e+00 2.451228870532164095e+00 -4.701006899530381311e+00
1.177911196766059099e-01 -2.009653484949694979e-01 1.797944288277662783e-01 1.403016241147838628e-01 -1.285212165751971058e-01 5.552247253037618790e-01 8.393398224769797744e-02 1.078472139998636337e+00 -1.741368927271089717e-01 1.231572286875815436e+00 1.636592580036615452e+00 -1.085207061810691265e+00 1.269030467352767033e+00 1.893713909884233715e+00 5.910766747643236840e-01 -3.003183680207470729e-01 3.359677588546315263e+00 2.451228870532164095e+00 -4.701006899530381311e+00
1.312697669495068997e-01 -1.978897906774162441e-01 1.858423159273663861e-01 1.453895682264844114e-01 -7.137006916668919843e-02 5.186334462073678431e-01 8.596599142096199297e-02 -4.710906732992388157e-01 -6.787876009575750658e-01 4.440618642692228946e-01 7.295742392180626368e-01 -1.937482434446473611e+00 -4.544313320298165593e-02 2.020705356345891879e+00 -1.447318648320301548e+00 9.338773085732583468e-01 9.771965371322206551e-01 1.766814222153868741e+00 -2.451219324558191026e+00
1.071583086900885495e-01 -1.558585234289033838e-01 1.728469621907139653e-01 1.791923651329537792e-01 -8.169064916840951263e-02 5.455132322937026323e-01 8.462653378692669426e-02 1.777676511446575347e-01 8.240928281693271629e-02 5.321449924380932117e-01 1.653795168579950570e+00 -1.799029486728145333e+00 7.654450782697814759e-01 1.932772119388848076e+00 2.782024579891970717e-01 -2.647555498580498323e-01 3.007415092966695624e+00 2.248333571104804918e+00 -3.956385012045125382e+00
1.071583086900885495e-01 -1.558585234289033838e-01 1.728469621907139653e-01 1.791923651329537792e-01 -8.169064916840951263e-02 5.455132322937026323e-01 8.462653378692669426e-02 1.777676511446575347e-01 8.240928281693271629e-02 5.321449924380932117e-01 1.653795168579950570e+00 -1.799029486728145333e+00 7.654450782697814759e-01 1.932772119388848076e+00 2.782024579891970717e-01 -2.647555498580498323e-01 3.007415092966695624e+00 2.248333571104804918e+00 -3.956385012045125382e+00
1.218806543433370027e-01 -1.859599413829245984e-01 1.766484489436924155e-01 1.695935232575310758e-01 -1.345321294155029657e-01 5.260163132880326664e-01 8.191113293254270733e-02 4.944652692048538967e-01 5.841879050657148298e-01 4.426130284139233595e-01 1.891083710266522111e+00 -1.294555890436667411e+00 7.397302777416818742e-01 2.794360424392889897e+00 -6.143065878751752251e-01 1.035267778454523224e+00 2.123306369254073012e+00 3.123980875966864801e+00 -4.381377484196844918e+00
1.261353703172856389e-01 -1.952569738910499564e-01 1.825232656954749177e-01 1.495905262423987692e-01 -1.558788408359813582e-01 4.991215432331084223e-01 8.776602684726682313e-02 1.610340841460749850e+00 -1.924317258582458834e+00 1.162998738320361269e+00 8.695296104539229631e-01 -1.763738015377300350e+00 3.589871920110399017e-01 1.880338370630129319e+00 -3.801040488251548055e-01 -4.582361207231704370e-01 2.177305031969742011e+00 2.556429488855560095e+00 -3.006513046008161716e+00
1.112625908955004184e-01 -1.648803970415519959e-01 1.715028675397758662e-01 1.748294105931488263e-01 -2.255071885128927534e-01 4.617212751566435180e-01 8.716712684679434053e-02 8.274294633019918521e-01 -1.829470155487711747e+00 1.409652346115955801e+00 3.136130973839836855e-01 -1.426776577225697284e+00 1.526192976617899433e-01 1.890210272973997796e+00 -8.083321589852872080e-01 1.416643930272423191e-01 1.114164678690215737e+00 2.848729464618369178e+00 -2.886079252381619664e+00
1.112625908955004184e-01 -1.648803970415519959e-01 1.715028675397758662e-01 1.748294105931488263e-01 -2.255071885128927534e-01 4.617212751566435180e-01 8.716712684679434053e-02 8.274294633019918521e-01 -1.829470155487711747e+00 1.409652346115955801e+00 3.136130973839836855e-01 -1.426776577225697284e+00 1.526192976617899433e-01 1.890210272973997796e+00 -8.083321589852872080e-01 1.416643930272423191e-01 1.114164678690215737e+00 2.848729464618369178e+00 -2.886079252381619664e+00
1.147693957890781047e-01 -1.808318790324353609e-01 1.755618218112802165e-01 1.729027742873691098e-01 -1.087446105319811451e-02 6.075262777300318717e-01 8.602348267088279210e-02 4.081991409238234780e-01 -9.811694007646032389e-02 1.329000770250057251e+00 1.295966186286876543e+00 -6.347701938918204334e-01 5.042000967101625264e-01 2.398624194984697588e+00 2.120620990194579392e-01 1.866637443346270686e-01 2.192941929948071689e+00 3.625162230947157838e+00 -4.611904174865681050e+00
1.179991269024752432e-01 -1.769425816381273719e-01 1.780596919663250399e-01 1.516669819091424065e-01 -1.683883553363663133e-02 5.238143327615412126e-01 8.547488588829177392e-02 -5.548245211357318851e-01 -4.690272785333595706e-01 5.039143514595370021e-01 1.041571747394922198e+00 -1.608817784777032411e+00 1.366084205581135080e-01 1.848618390661043165e+00 -6.904366770118937069e-01 2.676213656151391618e-01 1.496736565836574329e+00 2.064727960418323072e+00 -2.970553020231759600e+00
1.173560347436731210e-01 -1.605576312245214354e-01 1.751791189824203621e-01 1.808801166120138637e-01 -6.218734804697056973e-02 4.852842891491397914e-01 8.618730184739982481e-02 9.127232418781616730e-02 -1.760420948728085744e+00 6.843497367572464185e-01 6.415743584078450468e-01 -2.477817315378424645e+00 3.683121988995097240e-01 1.268525617274524286e+00 -1.094671136756820928e+00 3.975760546164188725e-01 9.881694560217590961e-01 1.757852056354989756e+00 -2.082892968336284234e+00
1.317460048732563560e-01 -1.861374954820468330e-01 1.823855719176932511e-01 1.652900063495941207e-01 -8.432472476884045332e-02 6.261521419675530886e-01 8.754109235422177782e-02 -3.264322577415139648e-01 -1.152237780416736079e+00 3.750274874313630491e-01 6.368045124539669644e-01 -2.167429500247604057e+00 3.273002049203990182e-01 1.135174814003719668e+00 -5.415607713358205899e-01 -3.570968863535455284e-01 1.722298894668012892e+00 2.499003905188867947e-01 -2.084601445634517880e+00
1.240137614084797224e-01 -1.805940420823495818e-01 1.786997387684835237e-01 1.585817679375945977e-01 -1.264783511611365929e-01 4.688689730024759861e-01 7.851946743201214385e-02 -1.906956106252888361e-02 4.848446965728614444e-01 1.980894958831003194e-01 1.583505133445466839e+00 -1.375533141054536834e+00 5.701955898667998568e-01 1.835847979078649495e+00 5.175776862482965868e-01 -4.745968546611214478e-01 2.628324040657663119e+00 2.362404665990921693e+00 -3.741641867538263000e+00
1.240137614084797224e-01 -1.805940420823495818e-01 1.786997387684835237e-01 1.585817679375945977e-01 -1.264783511611365929e-01 4.688689730024759861e-01 7.851946743201214385e-02 -1.906956106252888361e-02 4.848446965728614444e-01 1.980894958831003194e-01 1.583505133445466839e+00 -1.375533141054536834e+00 5.701955898667998568e-01 1.835847979078649495e+00 5.175776862482965868e-01 -4.745968546611214478e-01 2.628324040657663119e+00 2.362404665990921693e+00 -3.741641867538263000e+00
1.130839909551655253e-01 -1.782859653655103349e-01 1.739044618663131425e-01 1.824345903155755177e-01 -1.664757398498424301e-01 6.176153610878758471e-01 8.403927042453490648e-02 -2.088632173677957837e-01 -1.256215714883346823e+00 9.044466796758596772e-01 2.755940965148919730e-01 -1.896853818940783754e+00 -1.647245905869434424e-01 1.813096151482753271e+00 -9.625720897351808247e-01 -3.781682904791718869e-01 2.004418282898723369e+00 1.111578435217506211e+00 -2.412393719817954363e+00
1.130839909551655253e-01 -1.782859653655103349e-01 1.739044618663131425e-01 1.824345903155755177e-01 -1.664757398498424301e-01 6.176153610878758471e-01 8.403927042453490648e-02 -2.088632173677957837e-01 -1.256215714883346823e+00 9.044466796758596772e-01 2.755940965148919730e-01 -1.896853818940783754e+00 -1.647245905869434424e-01 1.813096151482753271e+00 -9.625720897351808247e-01 -3.781682904791718869e-01 2.004418282898723369e+00 1.111578435217506211e+00 -2.412393719817954363e+00
1.159722611150065252e-01 -1.822765502936860571e-01 1.779164253936608431e-01 1.724587981517204938e-01 -1.199979713969199224e-01 4.256588495174193909e-01 8.219985078177208249e-02 -5.684427019233950773e-02 -8.050835852104354373e-01 4.800926922702846156e-01 5.056538667973207168e-01 -1.059829725362677610e+00 -3.227729081113057674e-01 1.512972412568345248e+00 -5.107931223092343487e-02 -4.815468588985192255e-01 1.531753347333022930e+00 2.130009471769785279e+00 -2.644891504099047275e+00
1.152417548738042807e-01 -1.787231530753186637e-01 1.760409952658956723e-01 1.613941798950371265e-01 -1.832954499222184674e-01 4.647192124471088981e-01 9.306439514520831180e-02 3.711438536406532762e-01 -2.064652607216206803e+00 1.636165643100283340e+00 -8.596173267205919899e-02 -1.391266870386467236e+00 -6.580383211568285873e-02 1.443340486487613816e+00 3.278642914325047286e-02 -1.365967652102342722e+00 1.493060781497492329e+00 2.715472342565716346e+00 -2.431775503013997586e+00
1.294269633921965312e-01 -1.912880830658257314e-01 1.826139247292835333e-01 1.536450665277021566e-01 -1.701279062194761549e-01 4.801475228198666123e-01 8.932031423236547196e-02 9.412188486151640276e-01 -4.567615900395143314e-01 8.976044685147144264e-01 1.604858791428450004e+00 -1.143832039628761343e+00 2.894837732817236997e-01 2.811451939915747822e+00 -5.545330423776215767e-01 1.935343857369256071e-01 2.699347621184056578e+00 2.728839916697540779e+00 -4.109420914638003630e+00
1.194065543970266874e-01 -2.093473914921726298e-01 1.777716462723498425e-01 1.440238279841971059e-01 -1.673645753669497083e-01 5.165658459964816984e-01 8.656488462474268286e-02 2.804612055622532907e-01 -1.351343238279823389e+00 9.273545816991699553e-01 5.489683298232153064e-01 -1.662738485839515334e+00 1.122348858856181408e-02 1.777468620916563324e+00 -2.795189776347930533e-01 -1.438681672367497555e+00 2.527496005100563714e+00 1.731159138708106227e+00 -2.629233710667537860e+00
1.189212491634808466e-01 -1.748891234952992813e-01 1.837736230854994934e-01 1.524301815975042107e-01 -1.338671355802405483e-01 5.959899318079289188e-01 8.924653296624010523e-02 -3.059599319154706620e-01 -5.121352886034449270e-01 1.117241143232861944e+00 5.963530937955958677e-01 -1.148844590617362549e+00 2.565456623069550801e-02 2.394944338236415504e+00 -1.097264129601914107e+00 8.070867864809443404e-01 1.681821924918367017e+00 2.026011871339433057e+00 -3.346676383708481417e+00
1.235778409268273592e-01 -1.694839853177824152e-01 1.768135448825841616e-01 1.644095617161771550e-01 -9.424414502534683713e-02 6.159776424050109611e-01 8.049088037996740552e-02 2.730789436799749836e-01 -1.310428388562724145e+00 9.688199183362673494e-01 1.325646862493412570e-01 -1.296307436765358201e+00 -2.016923591176658093e-01 1.753231860302336464e+00 -6.302934820857908349e-01 4.235802410491551484e-02 1.305009334028928158e+00 3.083547773068946896e+00 -2.605646684565344984e+00
1.209047005513392281e-01 -1.912520603728587454e-01 1.852289810043388774e-01 1.548010746945772675e-01 -1.086235824998363908e-01 4.765476821030998344e-01 8.867641949939053525e-02 8.853946936415866276e-01 -1.389309127955608680e+00 1.516026463823348713e+00 5.673441136128936080e-01 -1.026865781220375862e+00 -5.924652235463589989e-02 2.469012624754087781e+00 -6.054245106818836319e-01 -3.412989139794477822e-01 2.720893953489634143e+00 1.628794526602696635e+00 -3.440082404447728504e+00
1.209047005513392281e-01 -1.912520603728587454e-01 1.852289810043388774e-01 1.548010746945772675e-01 -1.086235824998363908e-01 4.765476821030998344e-01 8.867641949939053525e-02 8.853946936415866276e-01 -1.389309127955608680e+00 1.516026463823348713e+00 5.673441136128936080e-01 -1.026865781220375862e+00 -5.924652235463589989e-02 2.469012624754087781e+00 -6.054245106818836319e-01 -3.412989139794477822e-01 2.720893953489634143e+00 1.628794526602696635e+00 -3.440082404447728504e+00
1.044677771659276444e-01 -1.532938004824271339e-01 1.721712733486646663e-01 1.763157735410876281e-01 -1.548399796422752495e-01 4.900758794530020168e-01 8.619207274197557278e-02 -2.927037461674295571e-01 -2.407466484253770744e-01 8.262517636711343982e-01 9.037175140768924919e-01 -1.532115443209751682e+00 4.460153663603625418e-01 2.125643056305045242e+00 -6.584514342988070368e-01 3.381499748964964525e-01 1.352552346165736274e+00 3.026389299353535733e+00 -3.485806670232088234e+00
1.044677771659276444e-01 -1.532938004824271339e-01 1.721712733486646663e-01 1.763157735410876281e-01 -1.548399796422752495e-01 4.900758794530020168e-01 8.619207274197557278e-02 -2.927037461674295571e-01 -2.407466484253770744e-01 8.262517636711343982e-01 9.037175140768924919e-01 -1.532115443209751682e+00 4.460153663603625418e-01 2.125643056305045242e+00 -6.584514342988070368e-01 3.381499748964964525e-01 1.352552346165736274e+00 3.026389299353535733e+00 -3.485806670232088234e+00
1.123966665108144525e-01 -1.760742137662834050e-01 1.719578371468765410e-01 1.728839357026050738e-01 -1.454139672210712497e-01 4.800119343058160126e-01 8.774053935061242038e-02 -1.498689845664493703e-01 -1.217883012344913585e+00 1.445344487406457823e+00 -7.104773666002461852e-02 -8.255324290162944223e-01 -2.807828099048972348e-01 1.934897816517641367e+00 -1.236347982709151694e-02 -1.165184284967789807e+00 2.560245236845836381e+00 1.889515595960600258e+00 -2.972593120060130101e+00
1.270307030816335558e-01 -1.956329954922222392e-01 1.795640554468302119e-01 1.549379499730764165e-01 -1.076752248965632264e-01 5.533872835255113642e-01 7.406854754281123887e-02 8.171861397235344882e-01 -5.645309308759713929e-01 1.025213384897783797e+00 6.024701285903102388e-01 -7.373232001483396303e-01 1.359240076129690777e-01 2.015096768714348840e+00 2.623021404057563899e-01 -1.740909332467026616e-01 3.178994810459412790e+00 1.658939700049403498e+00 -3.519790454887867348e+00
1.280483146305523012e-01 -1.739391477956924170e-01 1.802260101395904979e-01 1.615067683103352802e-01 -7.414520704140148410e-02 5.416694826516255112e-01 8.086310657486442399e-02 5.258457663734583676e-01 7.374745002855291887e-01 7.379835219337227414e-01 1.755240410676295326e+00 -5.102779270993078597e-01 7.581356025909782304e-01 2.471199508374073872e+00 4.914724167298878399e-01 9.049245733306392481e-01 2.494394217472109432e+00 2.878369073621053431e+00 -4.851701949980935957e+00
1.151482761262533072e-01 -1.654239914288475610e-01 1.768152416277129768e-01 1.643329142520580932e-01 -1.241448989290638849e-01 4.262902958134415776e-01 8.106225784696577397e-02 2.851201082388232777e-02 -7.165433007734680615e-01 8.420581408863441197e-01 7.306531431127494258e-01 -1.438904011439751329e+00 3.065251190095565903e-01 1.831774618364349294e+00 -2.589281502366569399e-01 -7.900843989674033452e-02 1.721880869295716820e+00 2.959675759793690908e+00 -3.083741898995922437e+00
1.151482761262533072e-01 -1.654239914288475610e-01 1.768152416277129768e-01 1.643329142520580932e-01 -1.241448989290638849e-01 4.262902958134415776e-01 8.106225784696577397e-02 2.851201082388232777e-02 -7.165433007734680615e-01 8.420581408863441197e-01 7.306531431127494258e-01 -1.438904011439751329e+00 3.065251190095565903e-01 1.831774618364349294e+00 -2.589281502366569399e-01 -7.900843989674033452e-02 1.721880869295716820e+00 2.959675759793690908e+00 -3.083741898995922437e+00
1.305213419945046305e-01 -2.044806226768572377e-01 1.820348638642015349e-01 1.578748281005440957e-01 -1.361234012223022649e-01 5.039904703036053313e-01 8.767525297017536579e-02 -1.000801144838932455e+00 -3.324210218656311611e-01 6.562356467432604035e-01 4.244358002049501977e-01 -1.230741067155527002e+00 -4.591900376801119066e-01 2.070609613250854686e+00 -3.600316471157221088e-01 -7.042862026834111333e-01 1.216168106354329481e+00 2.732956410018283933e+00 -2.622254421402315572e+00
1.305213419945046305e-01 -2.044806226768572377e-01 1.820348638642015349e-01 1.578748281005440957e-01 -1.361234012223022649e-01 5.039904703036053313e-01 8.767525297017536579e-02 -1.000801144838932455e+00 -3.324210218656311611e-01 6.562356467432604035e-01 4.244358002049501977e-01 -1.230741067155527002e+00 -4.591900376801119066e-01 2.070609613250854686e+00 -3.600316471157221088e-01 -7.042862026834111333e-01 1.216168106354329481e+00 2.732956410018283933e+00 -2.622254421402315572e+00
1.241680434251014320e-01 -1.948036368910612270e-01 1.789811376719920299e-01 1.438472661528840124e-01 -6.676428543472223698e-02 5.018332791815245386e-01 8.887047611836984551e-02 2.909239955680753553e-02 -6.951794262520536449e-01 2.548144913866243755e-01 1.426165768873848272e+00 -2.432938312949836757e+00 9.076339815125518129e-01 1.127403579746609097e+00 1.883095581510829675e-02 -9.791130456048087183e-01 2.689439702193184623e+00 1.158403807853373380e+00 -2.745148239517900102e+00
1.241680434251014320e-01 -1.948036368910612270e-01 1.789811376719920299e-01 1.438472661528840124e-01 -6.676428543472223698e-02 5.018332791815245386e-01 8.887047611836984551e-02 2.909239955680753553e-02 -6.951794262520536449e-01 2.548144913866243755e-01 1.426165768873848272e+00 -2.432938312949836757e+00 9.076339815125518129e-01 1.127403579746609097e+00 1.883095581510829675e-02 -9.791130456048087183e-01 2.689439702193184623e+00 1.158403807853373380e+00 -2.745148239517900102e+00
1.217172366102115266e-01 -2.023476936759084910e-01 1.757243634962037115e-01 1.660230814380784237e-01 -1.546416569159160259e-01 4.536455487437800471e-01 8.842143573586193350e-02 -1.066903966691711947e+00 -2.127189852789861391e-01 5.047443878990769406e-01 1.064295019073036030e-01 -1.041323002989260171e+00 -3.777278649374293806e-01 1.510962819754137598e+00 -2.244987166843506188e-01 -4.565771729035486004e-01 1.168242663592158337e+00 2.199884978893265952e+00 -2.450387596828218495e+00
1.217172366102115266e-01 -2.023476936759084910e-01 1.757243634962037115e-01 1.660230814380784237e-01 -1.546416569159160259e-01 4.536455487437800471e-01 8.842143573586193350e-02 -1.066903966691711947e+00 -2.127189852789861391e-01 5.047443878990769406e-01 1.064295019073036030e-01 -1.041323002989260171e+00 -3.777278649374293806e-01 1.510962819754137598e+00 -2.244987166843506188e-01 -4.565771729035486004e-01 1.168242663592158337e+00 2.199884978893265952e+00 -2.450387596828218495e+00
1.148375609956810706e-01 -1.830099820743467665e-01 1.730788058434007126e-01 1.739769844548517685e-01 -8.938187291719712491e-02 5.195800500209815098e-01 8.702211667624275282e-02 8.475440055861840349e-01 -1.748455445640830774e-01 5.556806025362126533e-01 1.957322372936188160e+00 -1.887794330977670576e+00 5.651554560773313085e-01 2.902720998569038535e+00 -6.626320249541981511e-01 4.763432354970120741e-03 2.697507999011854452e+00 2.626251974866866234e+00 -4.139782344898692124e+00
1.148375609956810706e-01 -1.830099820743467665e-01 1.730788058434007126e-01 1.739769844548517685e-01 -8.938187291719712491e-02 5.195800500209815098e-01 8.702211667624275282e-02 8.475440055861840349e-01 -1.748455445640830774e-01 5.556806025362126533e-01 1.957322372936188160e+00 -1.887794330977670576e+00 5.651554560773313085e-01 2.902720998569038535e+00 -6.626320249541981511e-01 4.763432354970120741e-03 2.697507999011854452e+00 2.626251974866866234e+00 -4.139782344898692124e+00
1.268717769755076386e-01 -1.928640447672695935e-01 1.782701448120339871e-01 1.741824970381612436e-01 -1.557780421278779359e-01 5.272504677255422934e-01 8.439475922803904573e-02 5.231938291675506392e-01 1.732594035085943673e-01 5.450188224925582858e-01 1.721001083342277305e+00 -1.360160213654947992e+00 1.136579898739898731e+00 1.630307875468497869e+00 4.590680390093027086e-01 2.192671460582271692e-01 2.920849305763992376e+00 1.932445924444864183e+00 -4.220739820693983901e+00
1.268717769755076386e-01 -1.928640447672695935e-01 1.782701448120339871e-01 1.741824970381612436e-01 -1.557780421278779359e-01 5.272504677255422934e-01 8.439475922803904573e-02 5.231938291675506392e-01 1.732594035085943673e-01 5.450188224925582858e-01 1.721001083342277305e+00 -1.360160213654947992e+00 1.136579898739898731e+00 1.630307875468497869e+00 4.590680390093027086e-01 2.192671460582271692e-01 2.920849305763992376e+00 1.932445924444864183e+00 -4.220739820693983901e+00
1.175427920458697317e-01 -1.888115278783140116e-01 1.802526041339055363e-01 1.590377935654376795e-01 -1.833569751570517381e-01 5.929089182151296988e-01 8.222735415444255846e-02 3.592418550244769193e-01 -5.152438876652611910e-01 1.470817903800788251e+00 5.048863597627928357e-01 -8.437085048844128465e-01 4.365299877743575863e-01 2.145486437645511835e+00 -9.177327628542286675e-03 -9.499970500383003724e-02 2.344788950426400120e+00 2.429280394466180049e+00 -3.852191131294818938e+00
1.169841271721721865e-01 -1.837946484013935899e-01 1.792555074526810954e-01 1.570075090164959608e-01 -1.975058977239665392e-01 5.889589266116104227e-01 7.955948731868890678e-02 1.618931806927237815e+00 -6.928069099542764064e-01 1.666367428094643444e+00 1.399180489075527944e+00 -1.214358562383772266e+00 1.533127834972666470e+00 1.802933965293246565e+00 6.302040917311106938e-01 3.085175723716915286e-01 3.021738409399652880e+00 2.031658652401054255e+00 -4.647906505286917067e+00
1.214490613467234248e-01 -1.772733836066742175e-01 1.770565236996282377e-01 1.715980257852793844e-01 -1.726286295419751093e-01 5.664125931801771152e-01 7.870130459606078377e-02 3.621278915266312737e-01 1.236763472525499452e-01 1.363185462151146332e+00 1.031013474847926048e+00 -5.355075154108970281e-01 5.288769332285987446e-01 2.542768656372106584e+00 -1.873802297396487404e-02 9.751169027685904211e-01 3.044848547713026932e+00 2.215630796083295273e+00 -4.509995982440486273e+00
1.214490613467234248e-01 -1.772733836066742175e-01 1.770565236996282377e-01 1.715980257852793844e-01 -1.726286295419751093e-01 5.664125931801771152e-01 7.870130459606078377e-02 3.621278915266312737e-01 1.236763472525499452e-01 1.363185462151146332e+00 1.031013474847926048e+00 -5.355075154108970281e-01 5.288769332285987446e-01 2.542768656372106584e+00 -1.873802297396487404e-02 9.751169027685904211e-01 3.044848547713026932e+00 2.215630796083295273e+00 -4.509995982440486273e+00
1.177318547459394182e-01 -1.708097972901538308e-01 1.802691493758264707e-01 1.648983232969077894e-01 -1.517650862508859166e-01 5.523532146589706926e-01 8.943941612054959189e-02 7.796327998031848949e-02 -5.300682835276084859e-01 1.175838661045647271e+00 9.263428706159961834e-01 -1.421050602938125351e+00 1.063193598187375244e+00 1.000920349442317558e+00 6.844362477181817894e-01 -2.440756157966106343e-02 1.945838788690036125e+00 2.574693414039335160e+00 -3.713987071497623305e+00
1.178948020938504759e-01 -1.815861661510985714e-01 1.747336547622913572e-01 1.597169402526528170e-01 -3.090433619677279697e-02 6.302701244501411892e-01 8.772737650586884262e-02 8.665609278359642786e-01 -1.081674782662016554e-01 1.313093011508877694e+00 1.923027023465619934e+00 -1.468361845325005799e+00 1.406833083271338047e+00 1.953720122970505457e+00 1.096771952121454063e+00 -7.592629881714803020e-01 3.157881713308402283e+00 2.921282527131245921e+00 -4.978641045577854918e+00
1.181339158843059678e-01 -1.768840786031999346e-01 1.744265253036087204e-01 1.621478701983795068e-01 -1.407152396941471206e-01 6.000277865735368366e-01 8.503009799535782287e-02 -7.380419730112910415e-01 -6.214861949508563299e-01 5.059399669519741849e-01 3.073362265749155497e-01 -1.221349069522585928e+00 -8.172911147690156142e-01 2.456904920712950968e+00 -1.145632945186252805e+00 -6.527883273955854548e-01 2.078260739339250485e+00 2.897476741931908073e+00 -2.506035968844146478e+00
1.181339158843059678e-01 -1.768840786031999346e-01 1.744265253036087204e-01 1.621478701983795068e-01 -1.407152396941471206e-01 6.000277865735368366e-01 8.503009799535782287e-02 -7.380419730112910415e-01 -6.214861949508563299e-01 5.059399669519741849e-01 3.073362265749155497e-01 -1.221349069522585928e+00 -8.172911147690156142e-01 2.456904920712950968e+00 -1.145632945186252805e+00 -6.527883273955854548e-01 2.078260739339250485e+00 2.897476741931908073e+00 -2.506035968844146478e+00
1.152794826563060260e-01 -1.726528477440154030e-01 1.795435427332106315e-01 1.693025999658753777e-01 -2.162983004974956547e-01 4.983213689422090198e-01 8.720541638382833804e-02 1.022529806856451451e+00 -2.126999477937348004e-01 1.163004113790174543e+00 1.497973637196898800e+00 -5.950285467452935961e-01 2.960693516374321987e-01 2.714041774399822415e+00 8.924192037123113153e-02 8.158745980054078473e-01 2.107882586927587454e+00 2.727490449797604022e+00 -4.692260724108237468e+00
1.152794826563060260e-01 -1.726528477440154030e-01 1.795435427332106315e-01 1.693025999658753777e-01 -2.162983004974956547e-01 4.983213689422090198e-01 8.720541638382833804e-02 1.022529806856451451e+00 -2.126999477937348004e-01 1.163004113790174543e+00 1.497973637196898800e+00 -5.950285467452935961e-01 2.960693516374321987e-01 2.714041774399822415e+00 8.924192037123113153e-02 8.158745980054078473e-01 2.107882586927587454e+00 2.727490449797604022e+00 -4.692260724108237468e+00
1.175517489235116120e-01 -1.736133378798375149e-01 1.797604178966692723e-01 1.685955429624660384e-01 -1.738650458413711908e-01 4.844452990148635507e-01 9.277540400492531592e-02 -3.695994676930336453e-01 -1.583789558006518661e-01 1.169821818161430826e+00 4.815089748815353232e-01 -7.248415194604671541e-01 4.498214253438881371e-02 1.851371449633183452e+00 1.926698919328462267e-01 -3.890091503900316994e-01 1.670292577801095746e+00 2.742848676076303782e+00 -3.653393639518192515e+00
1.233071076985190473e-01 -1.967660011910338791e-01 1.811503599452070623e-01 1.693120996182496674e-01 -1.033656711044564913e-01 6.862004989169725455e-01 8.406004536084085710e-02 1.651587473015876384e-01 -1.238107647558335245e+00 5.697346678971149103e-01 6.788945731604520972e-01 -1.726123419445616314e+00 3.014258315508300257e-02 1.516558043606855755e+00 -2.851078131147186667e-01 -7.283489556545621468e-01 1.583457006228602637e+00 2.696208769160460150e+00 -2.519383115723421440e+00
1.233071076985190473e-01 -1.967660011910338791e-01 1.811503599452070623e-01 1.693120996182496674e-01 -1.033656711044564913e-01 6.862004989169725455e-01 8.406004536084085710e-02 1.651587473015876384e-01 -1.238107647558335245e+00 5.697346678971149103e-01 6.788945731604520972e-01 -1.726123419445616314e+00 3.014258315508300257e-02 1.516558043606855755e+00 -2.851078131147186667e-01 -7.283489556545621468e-01 1.583457006228602637e+00 2.696208769160460150e+00 -2.519383115723421440e+00
1.226255898092727670e-01 -1.936858819666372744e-01 1.810224578084935476e-01 1.410327833406437303e-01 -1.118858569366339983e-01 4.703543865196095908e-01 8.589063198277765987e-02 -1.390370406736443520e+00 5.396639112397938476e-01 2.414248475190294840e-01 7.788439713329511349e-01 -8.691981540854083477e-01 -2.938690850319067849e-01 2.002727864772272603e+00 6.663584621360918447e-02 -9.587173915912234889e-01 2.116854980385570073e+00 2.811321351275275049e+00 -3.136930014410195700e+00
1.186365189963065891e-01 -2.072367471517960746e-01 1.756096446360871366e-01 1.513832630705993498e-01 -7.391290887745971538e-02 5.078247169525238469e-01 8.811019220020394060e-02 -6.028670265342563894e-01 -4.080973887386623034e-01 7.109578078261691303e-02 1.019987743282165127e+00 -1.835592444781698696e+00 -2.732207934688624107e-02 1.974833895128925931e+00 -8.311660302811922918e-01 -6.092395195457784851e-01 1.717035367583534367e+00 1.953118522111262578e+00 -2.564774478705038607e+00
1.186365189963065891e-01 -2.072367471517960746e-01 1.756096446360871366e-01 1.513832630705993498e-01 -7.391290887745971538e-02 5.078247169525238469e-01 8.811019220020394060e-02 -6.028670265342563894e-01 -4.080973887386623034e-01 7.109578078261691303e-02 1.019987743282165127e+00 -1.835592444781698696e+00 -2.732207934688624107e-02 1.974833895128925931e+00 -8.311660302811922918e-01 -6.092395195457784851e-01 1.717035367583534367e+00 1.953118522111262578e+00 -2.564774478705038607e+00
1.223472781169626933e-01 -1.789773212320664997e-01 1.823341081167582090e-01 1.449320799871117726e-01 -1.193120044551849723e-01 5.509571556812060678e-01 8.044328631033431654e-02 -2.792460874712308083e-01 -5.490076622860398103e-01 6.424645015934506986e-01 6.729122440654169424e-01 -1.799992621189932418e+00 6.700106326888040087e-01 1.402533557158363031e+00 -3.336264883469493014e-01 7.237240755704377193e-02 1.996168829218890828e+00 2.263936431629064217e+00 -2.903923621937523514e+00
1.223472781169626933e-01 -1.789773212320664997e-01 1.823341081167582090e-01 1.449320799871117726e-01 -1.193120044551849723e-01 5.509571556812060678e-01 8.044328631033431654e-02 -2.792460874712308083e-01 -5.490076622860398103e-01 6.424645015934506986e-01 6.729122440654169424e-01 -1.799992621189932418e+00 6.700106326888040087e-01 1.402533557158363031e+00 -3.336264883469493014e-01 7.237240755704377193e-02 1.996168829218890828e+00 2.263936431629064217e+00 -2.903923621937523514e+00
1.180967617499769362e-01 -1.939176923561358734e-01 1.746243289126178933e-01 1.648419154449705104e-01 -1.671484725524082782e-01 4.465274055329091496e-01 8.836933738479713085e-02 1.341927295697216138e+00 -1.397113155874476931e+00 1.537689836793437514e+00 1.004549313464772275e+00 -1.224077843833338619e+00 5.402261302420665601e-01 2.088939518414624885e+00 -2.300104104763249779e-01 -5.478831162214170547e-02 2.452765295209347052e+00 1.905036024763601787e+00 -3.838624724541038091e+00
1.180967617499769362e-01 -1.939176923561358734e-01 1.746243289126178933e-01 1.648419154449705104e-01 -1.671484725524082782e-01 4.465274055329091496e-01 8.836933738479713085e-02 1.341927295697216138e+00 -1.397113155874476931e+00 1.537689836793437514e+00 1.004549313464772275e+00 -1.224077843833338619e+00 5.402261302420665601e-01 2.088939518414624885e+00 -2.300104104763249779e-01 -5.478831162214170547e-02 2.452765295209347052e+00 1.905036024763601787e+00 -3.838624724541038091e+00
1.239017765129620252e-01 -1.722733546928762460e-01 1.775885554309443448e-01 1.525056306292280617e-01 -1.092557068991013569e-01 4.140014377636842546e-01 9.065676210357366538e-02 -1.927860994685559604e-02 -2.128648895000262442e-01 6.500570493652899629e-01 1.467778748077419593e+00 -1.646724368404487215e+00 2.578957335624165736e-01 2.586252278056635490e+00 -4.534452831736848211e-01 -3.585697975970383311e-01 2.465261924987716569e+00 2.639334515668553038e+00 -3.601447384806800933e+00
1.239017765129620252e-01 -1.722733546928762460e-01 1.775885554309443448e-01 1.525056306292280617e-01 -1.092557068991013569e-01 4.140014377636842546e-01 9.065676210357366538e-02 -1.927860994685559604e-02 -2.128648895000262442e-01 6.500570493652899629e-01 1.467778748077419593e+00 -1.646724368404487215e+00 2.578957335624165736e-01 2.586252278056635490e+00 -4.534452831736848211e-01 -3.585697975970383311e-01 2.465261924987716569e+00 2.639334515668553038e+00 -3.601447384806800933e+00
1.295923455243191136e-01 -1.861496596086393840e-01 1.853476181598524564e-01 1.387920268522526701e-01 -1.385427035167107190e-01 4.437752822603830971e-01 8.548720082764590944e-02 5.636556457867127889e-01 -4.905860126504482110e-01 8.905737348060860370e-01 8.755319743183944681e-01 -8.998856873937723932e-01 2.089647594916925755e-01 2.223585450678594810e+00 -2.102595068190833416e-01 -5.335270466161290415e-02 2.446128749519889567e+00 1.803761328624043259e+00 -3.599167014007607079e+00
1.295923455243191136e-01 -1.861496596086393840e-01 1.853476181598524564e-01 1.387920268522526701e-01 -1.385427035167107190e-01 4.437752822603830971e-01 8.548720082764590944e-02 5.636556457867127889e-01 -4.905860126504482110e-01 8.905737348060860370e-01 8.755319743183944681e-01 -8.998856873937723932e-01 2.089647594916925755e-01 2.223585450678594810e+00 -2.102595068190833416e-01 -5.335270466161290415e-02 2.446128749519889567e+00 1.803761328624043259e+00 -3.599167014007607079e+00
1.283476763855505853e-01 -2.035134776183499250e-01 1.858673329744159053e-01 1.384460208724868080e-01 -2.781212654916354055e-02 4.977521717125044098e-01 8.892937525502694895e-02 -9.004809568501936923e-02 -2.769067082490241916e-01 6.910176156949718873e-01 1.411562037935089720e+00 -1.733190775069362477e+00 3.331724792613268704e-01 2.284736076267863680e+00 -2.405254046570224347e-01 -6.812241282492479399e-01 2.314546163011563351e+00 3.289510390147583507e+00 -3.514060228302506861e+00
1.283476763855505853e-01 -2.035134776183499250e-01 1.858673329744159053e-01 1.384460208724868080e-01 -2.781212654916354055e-02 4.977521717125044098e-01 8.892937525502694895e-02 -9.004809568501936923e-02 -2.769067082490241916e-01 6.910176156949718873e-01 1.411562037935089720e+00 -1.733190775069362477e+00 3.331724792613268704e-01 2.284736076267863680e+00 -2.405254046570224347e-01 -6.812241282492479399e-01 2.314546163011563351e+00 3.289510390147583507e+00 -3.514060228302506861e+00
1.143106031889101482e-01 -1.724931193857641709e-01 1.715934723945510831e-01 1.800892269362475151e-01 -5.869866849409555165e-02 6.689510587258267194e-01 9.080567111684256787e-02 -4.447554170008611862e-01 -9.617698830684346945e-01 4.044396056156287500e-01 9.299138098727608437e-01 -2.468743965175918653e+00 5.542199019250926284e-01 1.131247041487765337e+00 -2.181041351204360268e-01 -7.244570259912244126e-01 1.013955938232379062e+00 2.329969076169983389e+00 -2.422187869453519937e+00
1.143106031889101482e-01 -1.724931193857641709e-01 1.715934723945510831e-01 1.800892269362475151e-01 -5.869866849409555165e-02 6.689510587258267194e-01 9.080567111684256787e-02 -4.447554170008611862e-01 -9.617698830684346945e-01 4.044396056156287500e-01 9.299138098727608437e-01 -2.468743965175918653e+00 5.542199019250926284e-01 1.131247041487765337e+00 -2.181041351204360268e-01 -7.244570259912244126e-01 1.013955938232379062e+00 2.329969076169983389e+00 -2.422187869453519937e+00
1.140476596416698796e-01 -1.548098673697582139e-01 1.752441419911917597e-01 1.578415439284768240e-01 -1.308211872712666812e-01 4.477866282512885654e-01 8.293887671831534636e-02 5.949542991974539063e-01 -9.555130816408574645e-02 9.233915562008299105e-01 1.377442140974932450e+00 -1.063336868684151781e+00 6.518724366385182378e-01 2.265577693894719857e+00 2.828751620164009495e-01 4.223100827383285960e-01 2.254319364632630496e+00 2.667144110572635896e+00 -4.274307547228037407e+00
1.140476596416698796e-01 -1.548098673697582139e-01 1.752441419911917597e-01 1.578415439284768240e-01 -1.308211872712666812e-01 4.477866282512885654e-01 8.293887671831534636e-02 5.949542991974539063e-01 -9.555130816408574645e-02 9.233915562008299105e-01 1.377442140974932450e+00 -1.063336868684151781e+00 6.518724366385182378e-01 2.265577693894719857e+00 2.828751620164009495e-01 4.223100827383285960e-01 2.254319364632630496e+00 2.667144110572635896e+00 -4.274307547228037407e+00
1.067767639741589447e-01 -1.651240718252297013e-01 1.740701108091038674e-01 1.683694896247681649e-01 -9.733432605835645735e-02 6.151701236951696572e-01 8.710862162808064024e-02 1.615564016774619915e-01 -5.799169547488345344e-01 1.246035287772900624e+00 9.386735917699864373e-01 -9.528271371640428811e-01 7.377123903853011200e-02 2.357278356310422929e+00 2.980242577063973997e-01 -1.118017540258727571e+00 3.009568158499311252e+00 2.840114667336866461e+00 -3.953530986087045562e+00
1.067767639741589447e-01 -1.651240718252297013e-01 1.740701108091038674e-01 1.683694896247681649e-01 -9.733432605835645735e-02 6.151701236951696572e-01 8.710862162808064024e-02 1.615564016774619915e-01 -5.799169547488345344e-01 1.246035287772900624e+00 9.386735917699864373e-01 -9.528271371640428811e-01 7.377123903853011200e-02 2.357278356310422929e+00 2.980242577063973997e-01 -1.118017540258727571e+00 3.009568158499311252e+00 2.840114667336866461e+00 -3.953530986087045562e+00
1.093138357853845610e-01 -1.738373952060023875e-01 1.750803524248877308e-01 1.699499861812890922e-01 -1.344163445992627715e-01 4.808268570207938630e-01 8.914710363069633381e-02 1.752847771534487009e-01 -3.874169950019838993e-01 1.862926526128518390e+00 7.550505763256492031e-01 -9.074415367174051283e-01 8.885292585577451163e-01 1.898442222846798977e+00 3.084690101749476554e-01 1.838059766789390537e-01 2.236782835244097711e+00 3.079452410815829211e+00 -4.473198174005180050e+00
1.093138357853845610e-01 -1.738373952060023875e-01 1.750803524248877308e-01 1.699499861812890922e-01 -1.344163445992627715e-01 4.808268570207938630e-01 8.914710363069633381e-02 1.752847771534487009e-01 -3.874169950019838993e-01 1.862926526128518390e+00 7.550505763256492031e-01 -9.074415367174051283e-01 8.885292585577451163e-01 1.898442222846798977e+00 3.084690101749476554e-01 1.838059766789390537e-01 2.236782835244097711e+00 3.079452410815829211e+00 -4.473198174005180050e+00
1.126571964070858800e-01 -1.724852872954770744e-01 1.774689162831018241e-01 1.729956036355774218e-01 -1.533449036740033300e-01 4.135540124507470772e-01 9.126738833956853092e-02 1.082554670693225418e-01 -7.724459132713521470e-01 1.758395359823863302e+00 4.878623294002535360e-01 -1.104030498454622755e+00 3.488834762629133834e-01 2.263949432388908889e+00 -1.350570607782000110e-01 -1.330304802635762229e-02 2.069716180507388259e+00 2.267854427969862030e+00 -3.836216133605547363e+00
1.126571964070858800e-01 -1.724852872954770744e-01 1.774689162831018241e-01 1.729956036355774218e-01 -1.533449036740033300e-01 4.135540124507470772e-01 9.126738833956853092e-02 1.082554670693225418e-01 -7.724459132713521470e-01 1.758395359823863302e+00 4.878623294002535360e-01 -1.104030498454622755e+00 3.488834762629133834e-01 2.263949432388908889e+00 -1.350570607782000110e-01 -1.330304802635762229e-02 2.069716180507388259e+00 2.267854427969862030e+00 -3.836216133605547363e+00
1.145727471501488681e-01 -1.926168497631282062e-01 1.758471603668784466e-01 1.643088145722712001e-01 -1.784905312988391834e-01 4.898236113263711999e-01 9.144365716142387190e-02 4.622863656926394782e-01 -9.658010228188684820e-01 1.530121595863693784e+00 5.790893638340612881e-01 -9.602638814828665659e-01 4.236050106975746132e-01 1.644763972345671732e+00 3.975378906070599072e-01 -7.595326908280135569e-01 1.990854172916874276e+00 2.539617300274613854e+00 -3.718754783614551584e+00
1.145727471501488681e-01 -1.926168497631282062e-01 1.758471603668784466e-01 1.643088145722712001e-01 -1.784905312988391834e-01 4.898236113263711999e-01 9.144365716142387190e-02 4.622863656926394782e-01 -9.658010228188684820e-01 1.530121595863693784e+00 5.790893638340612881e-01 -9.602638814828665659e-01 4.236050106975746132e-01 1.644763972345671732e+00 3.975378906070599072e-01 -7.595326908280135569e-01 1.990854172916874276e+00 2.539617300274613854e+00 -3.718754783614551584e+00
1.234015630966767141e-01 -2.012239071574211113e-01 1.827243597528609986e-01 1.518034794513783980e-01 -2.222747984307659186e-01 4.792524434900040653e-01 8.497292880940916782e-02 2.102141753592512430e-02 -1.465230119271760945e+00 5.189998966725584140e-01 5.489711547354794163e-01 -2.117345001924706427e+00 3.347208268453556457e-01 1.052880058579183320e+00 -7.936879680028656736e-01 -4.727695408712389025e-01 1.283855060845665363e+00 2.548780109978574515e+00 -2.075913825808697322e+00
1.234015630966767141e-01 -2.012239071574211113e-01 1.827243597528609986e-01 1.518034794513783980e-01 -2.222747984307659186e-01 4.792524434900040653e-01 8.497292880940916782e-02 2.102141753592512430e-02 -1.465230119271760945e+00 5.189998966725584140e-01 5.489711547354794163e-01 -2.117345001924706427e+00 3.347208268453556457e-01 1.052880058579183320e+00 -7.936879680028656736e-01 -4.727695408712389025e-01 1.283855060845665363e+00 2.548780109978574515e+00 -2.075913825808697322e+00
1.119997980659376835e-01 -1.731937909237544759e-01 1.782863950659349939e-01 1.563111327006539986e-01 -1.234570511932645553e-01 5.102168274367429035e-01 8.593062388887688641e-02 2.932262110016505829e-01 -6.987355557480015023e-01 8.131293135104478154e-01 1.542899444567194855e+00 -2.265995120759155768e+00 1.484136476475860889e+00 1.092254330579342181e+00 4.315434235583106570e-01 -5.708489824520928124e-01 2.446164086784126113e+00 2.087972144324400148e+00 -3.550399096927158382e+00
1.225280889443775556e-01 -1.980876414490251869e-01 1.783837064182442200e-01 1.489475110970837068e-01 -7.244512816342463246e-02 6.160374395152281579e-01 8.622258257112246083e-02 -8.355518609391596740e-01 -1.103752206526249502e+00 6.622417534879998513e-01 3.198520468272745276e-01 -2.015827318551488556e+00 -9.141514432210762209e-02 1.557286695526426179e+00 -8.706521181835498169e-01 -4.929380081521559376e-01 9.393287475817313492e-01 1.821478577655261333e+00 -2.027362148339265868e+00
1.225280889443775556e-01 -1.980876414490251869e-01 1.783837064182442200e-01 1.489475110970837068e-01 -7.244512816342463246e-02 6.160374395152281579e-01 8.622258257112246083e-02 -8.355518609391596740e-01 -1.103752206526249502e+00 6.622417534879998513e-01 3.198520468272745276e-01 -2.015827318551488556e+00 -9.141514432210762209e-02 1.557286695526426179e+00 -8.706521181835498169e-01 -4.929380081521559376e-01 9.393287475817313492e-01 1.821478577655261333e+00 -2.027362148339265868e+00
1.237830868652560479e-01 -1.925208463482298571e-01 1.833246095629764705e-01 1.445808826599997987e-01 -1.709793932494804158e-01 4.793447532680850109e-01 8.888915664011816375e-02 -7.967353417746085853e-01 8.089734319064518786e-01 4.668824695860074314e-02 1.735430642788741373e+00 -1.311365687590423157e+00 3.583563017394713057e-01 2.314261427540929006e+00 -2.139423363369115094e-01 1.093040498419659556e-01 1.726642590890909545e+00 3.222685332099011646e+00 -3.803168979559842455e+00
1.237830868652560479e-01 -1.925208463482298571e-01 1.833246095629764705e-01 1.445808826599997987e-01 -1.709793932494804158e-01 4.793447532680850109e-01 8.888915664011816375e-02 -7.967353417746085853e-01 8.089734319064518786e-01 4.668824695860074314e-02 1.735430642788741373e+00 -1.311365687590423157e+00 3.583563017394713057e-01 2.314261427540929006e+00 -2.139423363369115094e-01 1.093040498419659556e-01 1.726642590890909545e+00 3.222685332099011646e+00 -3.803168979559842455e+00
1.163968910455671357e-01 -1.739176606253476365e-01 1.750863551118853889e-01 1.542794600062509236e-01 -4.921300021615515607e-02 5.326985351872521868e-01 8.308945151569281651e-02 -2.531654075766613943e-01 -1.093777771864966830e+00 7.233365135088050124e-01 3.446372497413996427e-02 -9.912351692886565147e-01 -4.236418615433867885e-01 1.672456816877128993e+00 -4.412232765541794777e-01 -1.047110151863979155e+00 1.928540259892414177e+00 2.683737019724704354e+00 -2.421780922555721194e+00
1.286645704076065932e-01 -1.998953661227050871e-01 1.832689117033146353e-01 1.596878485848123308e-01 -1.477504057730201215e-01 4.332803928613708777e-01 8.334869654702413422e-02 8.059843778108266577e-01 -1.292747726039762401e+00 9.619129931886716278e-01 3.855299848787643313e-01 -1.177346753359533871e+00 1.774511091720043510e-02 1.616198975873218480e+00 -4.321095775396042171e-01 1.542577964161129245e-02 1.444501474383383943e+00 1.947605330127945678e+00 -2.746505992028223098e+00
1.227440013236255900e-01 -1.810001108605698295e-01 1.791489263915816699e-01 1.482454361075085103e-01 -1.037210585648300487e-01 5.834535182553524102e-01 8.585514010331232737e-02 2.899184370539487077e-01 8.519532598494183873e-01 8.340137065701895835e-01 1.719962963042316773e+00 -7.849741709381872212e-01 4.206405226265346187e-01 3.167847488658194877e+00 -5.345603213322291936e-02 4.570811064747335450e-01 2.365115311136127829e+00 3.567624412988410043e+00 -4.908200342521751303e+00
1.227440013236255900e-01 -1.810001108605698295e-01 1.791489263915816699e-01 1.482454361075085103e-01 -1.037210585648300487e-01 5.834535182553524102e-01 8.585514010331232737e-02 2.899184370539487077e-01 8.519532598494183873e-01 8.340137065701895835e-01 1.719962963042316773e+00 -7.849741709381872212e-01 4.206405226265346187e-01 3.167847488658194877e+00 -5.345603213322291936e-02 4.570811064747335450e-01 2.365115311136127829e+00 3.567624412988410043e+00 -4.908200342521751303e+00
1.326599044927238846e-01 -1.984259746674846281e-01 1.842486507552539010e-01 1.529273776925604844e-01 -4.400954490710640155e-02 4.441414485305470450e-01 8.439741360479531551e-02 4.839649591563954800e-02 -3.926146822552833981e-01 9.585284530666102754e-01 9.705664122621691092e-01 -1.462562187080003184e+00 4.522737247397410343e-01 2.119351237058588744e+00 -2.713842766895444569e-01 -1.642563889337722571e-01 2.715964733093070294e+00 1.423601518236779384e+00 -3.466819745352371029e+00
1.326599044927238846e-01 -1.984259746674846281e-01 1.842486507552539010e-01 1.529273776925604844e-01 -4.400954490710640155e-02 4.441414485305470450e-01 8.439741360479531551e-02 4.839649591563954800e-02 -3.926146822552833981e-01 9.585284530666102754e-01 9.705664122621691092e-01 -1.462562187080003184e+00 4.522737247397410343e-01 2.119351237058588744e+00 -2.713842766895444569e-01 -1.642563889337722571e-01 2.715964733093070294e+00 1.423601518236779384e+00 -3.466819745352371029e+00
1.162398658537464879e-01 -1.821144086604658541e-01 1.758045343910555058e-01 1.722353735879105230e-01 -2.233722996278723061e-01 5.775650306546449286e-01 9.349469328715830085e-02 -3.616732683253864877e-02 -6.367660247276374363e-01 1.074060964653565264e+00 9.601087425073897563e-01 -1.888066700528910236e+00 6.595789309233008879e-01 1.780355315079191314e+00 1.301246890303362491e-01 -9.241820456128202466e-01 2.038153709495487576e+00 2.339857776709775017e+00 -3.392786138796508588e+00
1.162398658537464879e-01 -1.821144086604658541e-01 1.758045343910555058e-01 1.722353735879105230e-01 -2.233722996278723061e-01 5.775650306546449286e-01 9.349469328715830085e-02 -3.616732683253864877e-02 -6.367660247276374363e-01 1.074060964653565264e+00 9.601087425073897563e-01 -1.888066700528910236e+00 6.595789309233008879e-01 1.780355315079191314e+00 1.301246890303362491e-01 -9.241820456128202466e-01 2.038153709495487576e+00 2.339857776709775017e+00 -3.392786138796508588e+00
1.119342535939139016e-01 -1.798901143664157765e-01 1.759155887365472515e-01 1.722378720516306583e-01 -1.395646452999834697e-01 5.282646213784798483e-01 8.994021468852142487e-02 2.875793089202449693e-01 -6.569658296064275760e-01 7.566117956021569668e-01 1.066882959290760269e+00 -1.270590944689440338e+00 -1.668303347429196393e-01 2.477325964178673345e+00 -8.203851274417717221e-01 2.227234399664759223e-01 1.766997474358321440e+00 1.359494032256875151e+00 -3.421908706366364683e+00
1.154606884844285031e-01 -1.892862589695165632e-01 1.752360622763815823e-01 1.714639589972015710e-01 -1.719872216600754067e-01 4.946673932300340581e-01 7.803601738155138690e-02 -2.189743769451730770e-01 -1.935447416860291980e-01 2.002852975044788764e-01 1.021455501618341088e+00 -1.639528654644909267e+00 7.295760386520822038e-01 1.117424383750945438e+00 1.554897929534693191e-01 -1.353780261932371332e-01 1.259674972660881132e+00 2.584601924509797755e+00 -3.036892757793476783e+00
1.154606884844285031e-01 -1.892862589695165632e-01 1.752360622763815823e-01 1.714639589972015710e-01 -1.719872216600754067e-01 4.946673932300340581e-01 7.803601738155138690e-02 -2.189743769451730770e-01 -1.935447416860291980e-01 2.002852975044788764e-01 1.021455501618341088e+00 -1.639528654644909267e+00 7.295760386520822038e-01 1.117424383750945438e+00 1.554897929534693191e-01 -1.353780261932371332e-01 1.259674972660881132e+00 2.584601924509797755e+00 -3.036892757793476783e+00
1.159214129194467424e-01 -1.787731667260619717e-01 1.772583562439888072e-01 1.787915081347992707e-01 -1.120167168494202725e-01 5.299563526498394239e-01 8.843049008655273768e-02 -1.206110617891251735e-01 -8.045643154986361623e-01 7.286286950220111081e-01 4.095411189220730108e-01 -1.353657071762320641e+00 -1.359652893505263194e-01 1.786834300544866139e+00 -8.614384068989444643e-01 -1.892791559120317046e-01 2.286854612488486538e+00 7.888135819061670162e-01 -2.666530900132692672e+00
1.159214129194467424e-01 -1.787731667260619717e-01 1.772583562439888072e-01 1.787915081347992707e-01 -1.120167168494202725e-01 5.299563526498394239e-01 8.843049008655273768e-02 -1.206110617891251735e-01 -8.045643154986361623e-01 7.286286950220111081e-01 4.095411189220730108e-01 -1.353657071762320641e+00 -1.359652893505263194e-01 1.786834300544866139e+00 -8.614384068989444643e-01 -1.892791559120317046e-01 2.286854612488486538e+00 7.888135819061670162e-01 -2.666530900132692672e+00
1.242030160217640899e-01 -2.094996323813818617e-01 1.848704235463845547e-01 1.510781765053148540e-01 -3.619009258182848132e-02 5.384112597725354554e-01 9.013076039547512908e-02 -2.583457625064262686e-01 -1.283216074593792833e+00 7.420749542695928014e-01 4.815628178115147762e-01 -1.612798080652064758e+00 -6.436615510768293191e-01 1.912319098417278873e+00 -3.220277057332490145e-01 -1.210571622767640854e+00 1.730783669929967239e+00 2.447639960298756634e+00 -2.250569358573971446e+00
1.241753705952478304e-01 -1.751374132858919963e-01 1.744794367545084712e-01 1.757196288135440820e-01 -1.686773923109888829e-01 5.189959237447099305e-01 8.712103634560630638e-02 -2.955767490300500455e-01 -5.949797332918107529e-01 3.508304147459000433e-01 8.736973433912993414e-01 -1.960206722940880830e+00 2.124837602258864422e-01 1.440750752343056718e+00 -2.320593497974945407e-01 -5.259212669666286644e-01 1.953587280312959251e+00 2.166402321073055859e+00 -2.608322773511703385e+00
1.300190643617290254e-01 -1.863520736774762487e-01 1.851490602575010525e-01 1.523988846581544321e-01 -1.029653157798449126e-01 4.828742551648379511e-01 8.711621828752816321e-02 1.748345419741892393e+00 -5.971423543478673324e-01 1.398230438055444225e+00 1.633057513924184079e+00 -8.081207726815176073e-01 7.722101837064148100e-01 2.614677312050755376e+00 2.482484302137262233e-01 3.879919584571460689e-01 2.848515477257564932e+00 2.257936388685850559e+00 -4.744791204024704001e+00
1.300190643617290254e-01 -1.863520736774762487e-01 1.851490602575010525e-01 1.523988846581544321e-01 -1.029653157798449126e-01 4.828742551648379511e-01 8.711621828752816321e-02 1.748345419741892393e+00 -5.971423543478673324e-01 1.398230438055444225e+00 1.633057513924184079e+00 -8.081207726815176073e-01 7.722101837064148100e-01 2.614677312050755376e+00 2.482484302137262233e-01 3.879919584571460689e-01 2.848515477257564932e+00 2.257936388685850559e+00 -4.744791204024704001e+00
1.257765018031360149e-01 -2.018949150973686213e-01 1.837702812875676439e-01 1.530788817978940841e-01 -1.640467952736933688e-01 5.110066016267196254e-01 8.205500270144851227e-02 2.751643564386796470e-02 1.496483951048643846e-01 4.779690873630997316e-01 1.654486395075835503e+00 -1.287970010009233945e+00 3.646493613770616093e-01 2.464046626768830350e+00 -3.472284035496180365e-01 8.644455923258620444e-01 1.382820825340927762e+00 2.980925770652289586e+00 -3.916620623712598448e+00
1.180991597105031377e-01 -1.777153408843331617e-01 1.832212525637509082e-01 1.608022488226082958e-01 -6.243957428788593500e-02 4.845958235914147316e-01 8.763851227033758740e-02 2.051579174242128545e-01 -1.279210371328651341e+00 7.365819017322845497e-01 6.969555437057532998e-01 -1.518848180034568784e+00 -3.490962706380837943e-01 2.219240630827417071e+00 -9.181619447656945709e-01 -2.596538922607560806e-01 2.263397559738966613e+00 1.089984801481639565e+00 -2.657898619237034410e+00
1.180991597105031377e-01 -1.777153408843331617e-01 1.832212525637509082e-01 1.608022488226082958e-01 -6.243957428788593500e-02 4.845958235914147316e-01 8.763851227033758740e-02 2.051579174242128545e-01 -1.279210371328651341e+00 7.365819017322845497e-01 6.969555437057532998e-01 -1.518848180034568784e+00 -3.490962706380837943e-01 2.219240630827417071e+00 -9.181619447656945709e-01 -2.596538922607560806e-01 2.263397559738966613e+00 1.089984801481639565e+00 -2.657898619237034410e+00
1.179494258003834783e-01 -1.895706203330741468e-01 1.792389277256151991e-01 1.734299900803394356e-01 -1.848609880053949661e-01 4.520996476852787715e-01 8.417050804358708338e-02 -7.794955237849912066e-01 -3.731467742588598924e-01 -2.463428983255635529e-01 7.423549286655628521e-01 -1.554140792839391327e+00 -9.079428045418405091e-01 2.330276045640536253e+00 -1.482658611808249205e+00 1.848691441434002769e-01 1.335362434047495661e+00 1.509063550110807839e+00 -2.132469810100634966e+00
1.179494258003834783e-01 -1.895706203330741468e-01 1.792389277256151991e-01 1.734299900803394356e-01 -1.848609880053949661e-01 4.520996476852787715e-01 8.417050804358708338e-02 -7.794955237849912066e-01 -3.731467742588598924e-01 -2.463428983255635529e-01 7.423549286655628521e-01 -1.554140792839391327e+00 -9.079428045418405091e-01 2.330276045640536253e+00 -1.482658611808249205e+00 1.848691441434002769e-01 1.335362434047495661e+00 1.509063550110807839e+00 -2.132469810100634966e+00
1.138892888485814048e-01 -1.871573431328792947e-01 1.743910249854965511e-01 1.765855646213950747e-01 -8.060066701824719626e-02 5.232658777747301038e-01 8.366030017038675326e-02 9.499822012416032635e-01 -1.666851601207771871e+00 9.564625326722371312e-01 5.274862426368640556e-01 -1.876174818900469443e+00 3.548046389014603008e-01 9.366548704927009084e-01 3.247494166702411533e-01 -1.031289149744751388e+00 1.808940125123421616e+00 2.202585817908416566e+00 -2.624250799113728050e+00
1.182688220512178034e-01 -1.625487686582164915e-01 1.767489551282037941e-01 1.670986515127151906e-01 -1.445807205381338667e-01 5.348898778306749868e-01 8.998337290044795822e-02 8.386304982711587641e-01 -8.158628770209030989e-01 1.304451739796115284e+00 8.169109829115210886e-01 -9.959311699322181965e-01 6.432104945201819746e-01 2.080720116519223950e+00 -1.898486904524663288e-01 9.140725262986126864e-02 2.368731884570243196e+00 2.587635352928895571e+00 -3.929377146696457324e+00
1.182688220512178034e-01 -1.625487686582164915e-01 1.767489551282037941e-01 1.670986515127151906e-01 -1.445807205381338667e-01 5.348898778306749868e-01 8.998337290044795822e-02 8.386304982711587641e-01 -8.158628770209030989e-01 1.304451739796115284e+00 8.169109829115210886e-01 -9.959311699322181965e-01 6.432104945201819746e-01 2.080720116519223950e+00 -1.898486904524663288e-01 9.140725262986126864e-02 2.368731884570243196e+00 2.587635352928895571e+00 -3.929377146696457324e+00
1.221531630192000950e-01 -1.961429109734720289e-01 1.762399885862518667e-01 1.581242133727219779e-01 -1.869371828631183341e-02 5.510657632837037134e-01 8.803108545664420359e-02 -1.458197016831790815e+00 1.234493619882037763e-02 9.774962280355836697e-02 2.911748227094923536e-01 -1.271013844213639832e+00 -5.460829347904159192e-01 1.636625370299182869e+00 -1.673178161712893797e-01 -1.396259855410125095e+00 1.292936539879537605e+00 3.246257257466957924e+00 -2.250767313137501446e+00
1.130839010104887077e-01 -1.720666423064433626e-01 1.776949915831261551e-01 1.697274950496883150e-01 -1.183183994352421387e-01 5.694811853211279029e-01 8.256166292031823228e-02 -2.759276368869478802e-02 -3.296212599965455681e-01 8.043502983030919040e-01 9.206297307983826173e-01 -1.061640202170348157e+00 2.771475692898661691e-02 1.865303442723788230e+00 -5.747659511819058764e-02 8.177981850332383118e-02 2.031891538930253205e+00 2.006137009471041566e+00 -3.471061969435227823e+00
1.130839010104887077e-01 -1.720666423064433626e-01 1.776949915831261551e-01 1.697274950496883150e-01 -1.183183994352421387e-01 5.694811853211279029e-01 8.256166292031823228e-02 -2.759276368869478802e-02 -3.296212599965455681e-01 8.043502983030919040e-01 9.206297307983826173e-01 -1.061640202170348157e+00 2.771475692898661691e-02 1.865303442723788230e+00 -5.747659511819058764e-02 8.177981850332383118e-02 2.031891538930253205e+00 2.006137009471041566e+00 -3.471061969435227823e+00
1.142918764954737598e-01 -1.753929642410586576e-01 1.746001042116750446e-01 1.683145239947051452e-01 -4.263510279874371811e-02 6.579689650720026428e-01 8.135372674714475005e-02 -5.090407458844410371e-01 -4.840047817643551298e-01 1.030260036102603749e-02 6.717103706875828806e-01 -1.489333134525991920e+00 -4.599841353223155238e-01 1.559255276775846966e+00 -4.241659250816267601e-01 -4.456040097652991250e-01 1.251944148569617887e+00 2.150609889747499004e+00 -2.442622696666891358e+00
1.142918764954737598e-01 -1.753929642410586576e-01 1.746001042116750446e-01 1.683145239947051452e-01 -4.263510279874371811e-02 6.579689650720026428e-01 8.135372674714475005e-02 -5.090407458844410371e-01 -4.840047817643551298e-01 1.030260036102603749e-02 6.717103706875828806e-01 -1.489333134525991920e+00 -4.599841353223155238e-01 1.559255276775846966e+00 -4.241659250816267601e-01 -4.456040097652991250e-01 1.251944148569617887e+00 2.150609889747499004e+00 -2.442622696666891358e+00
1.204347380834264458e-01 -1.778866820787777803e-01 1.796429864711557300e-01 1.534684287706129524e-01 -1.255432759764059103e-01 4.808401496981034029e-01 8.485292355820789334e-02 -8.492645785958856663e-01 1.058659139340889510e-02 6.987417465884151468e-01 7.718649540509838758e-01 -1.128329289586377904e+00 2.217725973239286219e-01 2.155029212291450946e+00 -1.082522897477966595e+00 1.023647910348659096e+00 1.324452826324879595e+00 2.550478564831573536e+00 -3.299868439637054784e+00
1.204347380834264458e-01 -1.778866820787777803e-01 1.796429864711557300e-01 1.534684287706129524e-01 -1.255432759764059103e-01 4.808401496981034029e-01 8.485292355820789334e-02 -8.492645785958856663e-01 1.058659139340889510e-02 6.987417465884151468e-01 7.718649540509838758e-01 -1.128329289586377904e+00 2.217725973239286219e-01 2.155029212291450946e+00 -1.082522897477966595e+00 1.023647910348659096e+00 1.324452826324879595e+00 2.550478564831573536e+00 -3.299868439637054784e+00
1.162694075350713951e-01 -1.944977156444309130e-01 1.753077874974834638e-01 1.650735321435025105e-01 -1.151461921868899285e-01 6.099190079105123452e-01 8.970962364407611411e-02 1.041281248604866150e+00 -5.354455207507049508e-01 1.653159946672286829e+00 1.231284169563878095e+00 -9.502858753850897955e-01 7.439098944441528971e-01 2.296672239578142261e+00 9.894603442356961764e-01 -8.681142543191855410e-01 2.255371335919766906e+00 3.888816331149911321e+00 -4.705211153263399559e+00
1.162694075350713951e-01 -1.944977156444309130e-01 1.753077874974834638e-01 1.650735321435025105e-01 -1.151461921868899285e-01 6.099190079105123452e-01 8.970962364407611411e-02 1.041281248604866150e+00 -5.354455207507049508e-01 1.653159946672286829e+00 1.231284169563878095e+00 -9.502858753850897955e-01 7.439098944441528971e-01 2.296672239578142261e+00 9.894603442356961764e-01 -8.681142543191855410e-01 2.255371335919766906e+00 3.888816331149911321e+00 -4.705211153263399559e+00
1.122109850313494361e-01 -1.681753793708815059e-01 1.723003641080854687e-01 1.710115981471083124e-01 -1.459145877886361964e-01 6.207117623895568315e-01 8.148122911814661973e-02 -6.272047688621649186e-01 2.858553988537426704e-01 1.149900921658764119e-01 1.247326937440480066e+00 -1.711794467814534926e+00 4.481419390654703960e-01 1.969812449755051986e+00 -3.778311959507405504e-01 -2.179974138773932424e-02 2.526327037409068055e+00 1.422262625318349905e+00 -3.348970969413361587e+00
1.122109850313494361e-01 -1.681753793708815059e-01 1.723003641080854687e-01 1.710115981471083124e-01 -1.459145877886361964e-01 6.207117623895568315e-01 8.148122911814661973e-02 -6.272047688621649186e-01 2.858553988537426704e-01 1.149900921658764119e-01 1.247326937440480066e+00 -1.711794467814534926e+00 4.481419390654703960e-01 1.969812449755051986e+00 -3.778311959507405504e-01 -2.179974138773932424e-02 2.526327037409068055e+00 1.422262625318349905e+00 -3.348970969413361587e+00
1.253559303169620442e-01 -1.746000861882311961e-01 1.812158196358740758e-01 1.630378250980563104e-01 -8.430216480216445873e-02 6.284692551766637436e-01 8.872124796414346259e-02 -5.648567009145208928e-01 -7.922685888456797443e-01 6.256642519712221073e-01 5.239523031509190076e-01 -1.741714951400852307e+00 3.828989933596123052e-01 1.110268490829151133e+00 -2.213120699344139908e-01 -4.615344519853525895e-02 3.362110970989542480e-01 2.969582855947606959e+00 -2.519961903849328166e+00
1.253559303169620442e-01 -1.746000861882311961e-01 1.812158196358740758e-01 1.630378250980563104e-01 -8.430216480216445873e-02 6.284692551766637436e-01 8.872124796414346259e-02 -5.648567009145208928e-01 -7.922685888456797443e-01 6.256642519712221073e-01 5.239523031509190076e-01 -1.741714951400852307e+00 3.828989933596123052e-01 1.110268490829151133e+00 -2.213120699344139908e-01 -4.615344519853525895e-02 3.362110970989542480e-01 2.969582855947606959e+00 -2.519961903849328166e+00
1.198663011923124244e-01 -1.714905008752247717e-01 1.793134988421829223e-01 1.606532278068912856e-01 -1.034715823576320970e-01 4.947293827254490850e-01 8.829617606040707223e-02 -8.928092246761556439e-01 5.413100033182827175e-01 3.061868206168387729e-01 1.640019795075177811e+00 -1.717480329023923336e+00 6.092738387897886909e-01 2.040959244594549915e+00 1.868117558998108052e-01 -4.646579394035796895e-01 3.156867506106555865e+00 1.606797939535562492e+00 -3.745700724447820207e+00
1.198663011923124244e-01 -1.714905008752247717e-01 1.793134988421829223e-01 1.606532278068912856e-01 -1.034715823576320970e-01 4.947293827254490850e-01 8.829617606040707223e-02 -8.928092246761556439e-01 5.413100033182827175e-01 3.061868206168387729e-01 1.640019795075177811e+00 -1.717480329023923336e+00 6.092738387897886909e-01 2.040959244594549915e+00 1.868117558998108052e-01 -4.646579394035796895e-01 3.156867506106555865e+00 1.606797939535562492e+00 -3.745700724447820207e+00
1.266082821923166235e-01 -1.819009704932641469e-01 1.829694483951140038e-01 1.648669506284683450e-01 -1.204978100650837547e-01 4.889669332162660531e-01 8.549764595330250350e-02 4.947564468899345869e-01 -7.680982823940096793e-01 9.710991228375762674e-01 1.272437191373231968e+00 -1.817475877715778232e+00 1.058321290002912640e+00 1.431658589274558580e+00 2.172720201401121543e-01 -9.723014171941990469e-02 1.986950391250880799e+00 2.594925123158744462e+00 -3.597068271231729675e+00
1.266082821923166235e-01 -1.819009704932641469e-01 1.829694483951140038e-01 1.648669506284683450e-01 -1.204978100650837547e-01 4.889669332162660531e-01 8.549764595330250350e-02 4.947564468899345869e-01 -7.680982823940096793e-01 9.710991228375762674e-01 1.272437191373231968e+00 -1.817475877715778232e+00 1.058321290002912640e+00 1.431658589274558580e+00 2.172720201401121543e-01 -9.723014171941990469e-02 1.986950391250880799e+00 2.594925123158744462e+00 -3.597068271231729675e+00
1.218237950216995158e-01 -1.733927457650630277e-01 1.785131011112407462e-01 1.652127098986955200e-01 -1.176277911927990916e-01 6.040143606523891151e-01 8.669667068467629134e-02 2.500254615689794235e-01 -7.845485624452575024e-02 4.023163485438345788e-01 2.050087388197808558e+00 -2.507367234329014316e+00 1.653473642937417054e+00 1.594414607639965453e+00 -8.049523647853362718e-02 2.390025826086672467e-01 2.009224548304976210e+00 2.954754565228956409e+00 -3.850032671031083709e+00
1.278450562358615095e-01 -1.970140867428761267e-01 1.818861764367586953e-01 1.657606032074295799e-01 -9.711258983240522724e-02 4.732658138122727287e-01 9.156270731478408087e-02 -6.515590931616390691e-01 2.172298075436298603e-01 6.071506847322432066e-01 1.318627180637172991e+00 -1.850550436529535325e+00 8.794335646397435369e-01 1.655363547551974790e+00 3.746030739704133694e-01 -7.458437918384124288e-01 2.454889339466435061e+00 2.387062160426228985e+00 -3.589084521105596615e+00
1.278450562358615095e-01 -1.970140867428761267e-01 1.818861764367586953e-01 1.657606032074295799e-01 -9.711258983240522724e-02 4.732658138122727287e-01 9.156270731478408087e-02 -6.515590931616390691e-01 2.172298075436298603e-01 6.071506847322432066e-01 1.318627180637172991e+00 -1.850550436529535325e+00 8.794335646397435369e-01 1.655363547551974790e+00 3.746030739704133694e-01 -7.458437918384124288e-01 2.454889339466435061e+00 2.387062160426228985e+00 -3.589084521105596615e+00
1.173765897284738680e-01 -1.857371566525367612e-01 1.792816591568220097e-01 1.549574076820279256e-01 -7.917537844173916373e-02 5.833155988012586057e-01 8.191034382542948522e-02 -3.786513798839807876e-01 -8.198910255710192274e-01 1.092718216893953986e+00 2.289305497913591836e-01 -1.033071085574980952e+00 1.220482131203350917e-01 1.442984242634738123e+00 -1.414401487101191179e-01 -8.584324767446709359e-01 3.001135192389920547e+00 1.445447847397359098e+00 -2.946923535263771043e+00
1.173765897284738680e-01 -1.857371566525367612e-01 1.792816591568220097e-01 1.549574076820279256e-01 -7.917537844173916373e-02 5.833155988012586057e-01 8.191034382542948522e-02 -3.786513798839807876e-01 -8.198910255710192274e-01 1.092718216893953986e+00 2.289305497913591836e-01 -1.033071085574980952e+00 1.220482131203350917e-01 1.442984242634738123e+00 -1.414401487101191179e-01 -8.584324767446709359e-01 3.001135192389920547e+00 1.445447847397359098e+00 -2.946923535263771043e+00
1.184206944376026971e-01 -1.903741713662376878e-01 1.767479904081037390e-01 1.510497647920673314e-01 -1.818560653315209885e-01 6.030403327120414936e-01 8.794041819634004775e-02 -2.490334440413608519e-01 -8.701571496069044898e-01 3.855451318579277142e-01 9.228330921847920365e-01 -2.091995498665141895e+00 -5.255858178402927905e-02 1.807390068740906131e+00 -3.964232929036404229e-01 -1.467682888535720487e+00 2.843096079264628706e+00 1.345845340725139394e+00 -2.557688757998916262e+00
1.184206944376026971e-01 -1.903741713662376878e-01 1.767479904081037390e-01 1.510497647920673314e-01 -1.818560653315209885e-01 6.030403327120414936e-01 8.794041819634004775e-02 -2.490334440413608519e-01 -8.701571496069044898e-01 3.855451318579277142e-01 9.228330921847920365e-01 -2.091995498665141895e+00 -5.255858178402927905e-02 1.807390068740906131e+00 -3.964232929036404229e-01 -1.467682888535720487e+00 2.843096079264628706e+00 1.345845340725139394e+00 -2.557688757998916262e+00
1.233149082057587720e-01 -1.807146331530687378e-01 1.792996472910398098e-01 1.575525990287846012e-01 -1.923435159314389464e-01 6.106508606941294381e-01 8.055383696463666587e-02 8.065192544576120781e-01 -2.745890715869805376e-01 7.016351298811702719e-01 1.399402936825739907e+00 -1.377960153086420725e+00 9.274252898280082036e-01 1.781213167900491001e+00 3.269023621828104353e-02 5.596532981837682996e-01 1.986114875167466209e+00 1.903594302790478920e+00 -3.889638199856883638e+00
1.233149082057587720e-01 -1.807146331530687378e-01 1.792996472910398098e-01 1.575525990287846012e-01 -1.923435159314389464e-01 6.106508606941294381e-01 8.055383696463666587e-02 8.065192544576120781e-01 -2.745890715869805376e-01 7.016351298811702719e-01 1.399402936825739907e+00 -1.377960153086420725e+00 9.274252898280082036e-01 1.781213167900491001e+00 3.269023621828104353e-02 5.596532981837682996e-01 1.986114875167466209e+00 1.903594302790478920e+00 -3.889638199856883638e+00
1.207835666017535170e-01 -1.757226225821345578e-01 1.771050723532590077e-01 1.759190477858012525e-01 -1.342514209689665838e-01 6.181898537219985279e-01 8.641299637998259286e-02 1.044813663128907777e+00 -2.055168602332813066e-01 1.445303652965961305e+00 1.332731500832452731e+00 -4.721893372319048154e-01 2.062804941311382478e-01 2.890705448937732847e+00 2.072362866690768968e-01 4.952018077093889303e-02 3.303249472182489654e+00 2.513783907382872940e+00 -4.767284491272088864e+00
1.206394188800714307e-01 -1.991080077947407490e-01 1.786182210065603015e-01 1.540886998419063181e-01 -1.514857068508239646e-01 4.193615076057297664e-01 8.477411384980307330e-02 1.188797582432816746e+00 -8.559529485292527440e-01 1.337628040905096682e+00 9.686020795398340155e-01 -9.772596581729633414e-01 6.161493091590450888e-01 2.040412745774332848e+00 2.105738264942189630e-01 2.945626422178833081e-01 1.971743606624283274e+00 2.458440192193894980e+00 -3.971721867041631882e+00
1.267197869884695849e-01 -2.072125910027607931e-01 1.826507134355408457e-01 1.471373617558970892e-01 -1.908862664725637925e-01 5.348496301501546313e-01 9.188507862390221659e-02 -2.614339083443102396e-01 -1.071949227196049126e+00 8.603046712557747000e-01 9.577723704409439875e-01 -2.211483679850949624e+00 2.971084208310799113e-01 1.487145386319273399e+00 2.129740078505024670e-01 -1.340685970101611613e+00 1.831912236673732153e+00 2.215631396350126181e+00 -2.690445768608570987e+00
1.134736915694592174e-01 -1.636002269944999421e-01 1.728246011924308434e-01 1.652082507265940636e-01 -1.238072391034427122e-01 5.948822957972792480e-01 8.418358178745485865e-02 -3.098567685722208864e-02 -2.561799757162503965e-01 8.832634744283121009e-01 1.015997547882157015e+00 -9.081847559520035418e-01 -5.396213353389516243e-01 3.196969710320265889e+00 -9.949415351682731057e-01 1.718974583936558886e-01 2.597265994036227710e+00 2.674735266849383564e+00 -3.736856518994741361e+00
1.134736915694592174e-01 -1.636002269944999421e-01 1.728246011924308434e-01 1.652082507265940636e-01 -1.238072391034427122e-01 5.948822957972792480e-01 8.418358178745485865e-02 -3.098567685722208864e-02 -2.561799757162503965e-01 8.832634744283121009e-01 1.015997547882157015e+00 -9.081847559520035418e-01 -5.396213353389516243e-01 3.196969710320265889e+00 -9.949415351682731057e-01 1.718974583936558886e-01 2.597265994036227710e+00 2.674735266849383564e+00 -3.736856518994741361e+00
1.172015813452580713e-01 -1.965263169548577271e-01 1.797722636741471702e-01 1.496852478000725295e-01 -1.256582471319197536e-01 5.100198972071243730e-01 8.439866628129200077e-02 1.273394428944394363e+00 -9.872011899602064489e-01 1.485829766303782051e+00 9.842936663574857192e-01 -1.216583131330057910e+00 9.622974206722432200e-01 1.269215540374033502e+00 1.035238324190808079e+00 -6.964447793184831426e-01 2.311406169398917854e+00 3.803830829697252724e+00 -3.995175767828874847e+00
1.172015813452580713e-01 -1.965263169548577271e-01 1.797722636741471702e-01 1.496852478000725295e-01 -1.256582471319197536e-01 5.100198972071243730e-01 8.439866628129200077e-02 1.273394428944394363e+00 -9.872011899602064489e-01 1.485829766303782051e+00 9.842936663574857192e-01 -1.216583131330057910e+00 9.622974206722432200e-01 1.269215540374033502e+00 1.035238324190808079e+00 -6.964447793184831426e-01 2.311406169398917854e+00 3.803830829697252724e+00 -3.995175767828874847e+00
1.287461876979849040e-01 -1.995451099856995203e-01 1.835470784016570434e-01 1.415382568079621706e-01 -1.285647421778337574e-01 4.584392128103509378e-01 8.969830989144789157e-02 4.048899290890073388e-01 -6.843185988248725593e-01 5.026904139419805517e-01 1.476447415309189992e+00 -2.004305161998052309e+00 2.595616663205957408e-01 1.856715673045975734e+00 -5.873850397244062549e-02 -5.642927472449432713e-01 2.217986351879956963e+00 1.870151347333307790e+00 -3.134101644049501090e+00
1.135119575219711019e-01 -1.762848686917999341e-01 1.758745048845448411e-01 1.696268551866373375e-01 -2.089123372784797983e-01 5.408828138939596464e-01 7.880621747644155073e-02 3.567956259853382051e-01 -8.037261195752654075e-01 7.781028826820790556e-01 7.655395316761550717e-01 -1.463306723229640394e+00 8.410021896072903402e-01 7.510817711855368728e-01 5.299833520489771743e-01 -4.841517489368953875e-01 2.063566941203544225e+00 2.374151572507633645e+00 -3.162494222987094261e+00
1.245636062786264209e-01 -1.950367662436788274e-01 1.782568340610748980e-01 1.631416912432382960e-01 -8.998689033207463162e-02 5.928325770078517465e-01 8.912453972850056805e-02 3.676439663541533065e-01 -4.006976073838961483e-01 6.897145387516641080e-01 1.305029093468180079e+00 -1.133223623403879721e+00 -2.325962913322401349e-01 2.841125769004722912e+00 -4.715347507032445762e-01 8.123747873197473268e-02 1.443633053802887645e+00 2.608486155300440146e+00 -3.705666005282137299e+00
1.245636062786264209e-01 -1.950367662436788274e-01 1.782568340610748980e-01 1.631416912432382960e-01 -8.998689033207463162e-02 5.928325770078517465e-01 8.912453972850056805e-02 3.676439663541533065e-01 -4.006976073838961483e-01 6.897145387516641080e-01 1.305029093468180079e+00 -1.133223623403879721e+00 -2.325962913322401349e-01 2.841125769004722912e+00 -4.715347507032445762e-01 8.123747873197473268e-02 1.443633053802887645e+00 2.608486155300440146e+00 -3.705666005282137299e+00
1.157689615106924919e-01 -1.959187153916878699e-01 1.761207321359529732e-01 1.628964234332282990e-01 -9.818466337742903782e-02 5.800081794750795439e-01 9.221407017067775880e-02 7.585945715065092188e-01 -5.993829842294671195e-01 2.070766571867550532e+00 8.565616239665274634e-01 -5.423807623579799397e-01 2.373563738421546887e-01 2.769808987419323465e+00 1.436178735043220911e-01 -9.718441391906917914e-02 2.640904034151221325e+00 3.439082762581090691e+00 -4.765915836321200416e+00
1.267248275752015652e-01 -1.970232211022951430e-01 1.810182830125245668e-01 1.671516702927793308e-01 -1.680960967029009323e-01 5.467247921778475295e-01 9.473480846134550715e-02 -9.831372111389207191e-01 -9.159214382503542140e-01 1.230761900740987791e+00 6.634815132684401817e-02 -1.689515721711284613e+00 1.125680682898000384e-01 1.837723472558399962e+00 -9.764994108631999126e-01 -3.472846206602167030e-01 1.897700228046073079e+00 1.189090196685710588e+00 -2.465427679061400923e+00
1.267248275752015652e-01 -1.970232211022951430e-01 1.810182830125245668e-01 1.671516702927793308e-01 -1.680960967029009323e-01 5.467247921778475295e-01 9.473480846134550715e-02 -9.831372111389207191e-01 -9.159214382503542140e-01 1.230761900740987791e+00 6.634815132684401817e-02 -1.689515721711284613e+00 1.125680682898000384e-01 1.837723472558399962e+00 -9.764994108631999126e-01 -3.472846206602167030e-01 1.897700228046073079e+00 1.189090196685710588e+00 -2.465427679061400923e+00
1.171404204499612856e-01 -1.667127287300674832e-01 1.762770425105433247e-01 1.585091867312162783e-01 -8.557267089456344067e-02 4.243776695729764015e-01 9.479045571572958240e-02 -1.252866110406127387e+00 -5.481750777078477910e-01 9.368309713443760955e-01 3.840222543505786845e-01 -1.900864341788997436e+00 2.996670389003250889e-01 1.409183208128434117e+00 -2.719209627426755205e-01 -8.536982639174244269e-01 1.943523812855145749e+00 1.283585301318486138e+00 -2.507999078569639106e+00
1.171404204499612856e-01 -1.667127287300674832e-01 1.762770425105433247e-01 1.585091867312162783e-01 -8.557267089456344067e-02 4.243776695729764015e-01 9.479045571572958240e-02 -1.252866110406127387e+00 -5.481750777078477910e-01 9.368309713443760955e-01 3.840222543505786845e-01 -1.900864341788997436e+00 2.996670389003250889e-01 1.409183208128434117e+00 -2.719209627426755205e-01 -8.536982639174244269e-01 1.943523812855145749e+00 1.283585301318486138e+00 -2.507999078569639106e+00
1.220229584000696588e-01 -2.010133708054395729e-01 1.808266581573918230e-01 1.500220737754689448e-01 -2.877276823484412605e-01 4.687337112322671473e-01 8.883449405859346337e-02 6.630758441118231872e-01 1.993728516572543796e-01 9.264530866790723351e-01 1.712686227295090902e+00 -9.352055337260720691e-01 4.474770563090126885e-01 2.681186148058383623e+00 2.920279128154774639e-01 -8.473234029064968809e-04 2.530185387163365718e+00 3.081675877081028858e+00 -4.673630418596822267e+00
1.220229584000696588e-01 -2.010133708054395729e-01 1.808266581573918230e-01 1.500220737754689448e-01 -2.877276823484412605e-01 4.687337112322671473e-01 8.883449405859346337e-02 6.630758441118231872e-01 1.993728516572543796e-01 9.264530866790723351e-01 1.712686227295090902e+00 -9.352055337260720691e-01 4.474770563090126885e-01 2.681186148058383623e+00 2.920279128154774639e-01 -8.473234029064968809e-04 2.530185387163365718e+00 3.081675877081028858e+00 -4.673630418596822267e+00
1.252575042879077172e-01 -1.822238565536072330e-01 1.824142283589640368e-01 1.497666948940082898e-01 -1.056864347919592717e-01 6.109640075977673668e-01 8.373062353530782986e-02 7.768956174943433268e-01 -1.075006115539212104e-01 1.204919122044918467e+00 1.087346744853433300e+00 -3.451129366547691646e-01 1.056363080163151835e-01 2.536290930863605908e+00 6.302074664239487589e-01 -8.052795076491374715e-01 4.212298032676471848e+00 1.235139729231729433e+00 -4.407684250840076423e+00
1.252575042879077172e-01 -1.822238565536072330e-01 1.824142283589640368e-01 1.497666948940082898e-01 -1.056864347919592717e-01 6.109640075977673668e-01 8.373062353530782986e-02 7.768956174943433268e-01 -1.075006115539212104e-01 1.204919122044918467e+00 1.087346744853433300e+00 -3.451129366547691646e-01 1.056363080163151835e-01 2.536290930863605908e+00 6.302074664239487589e-01 -8.052795076491374715e-01 4.212298032676471848e+00 1.235139729231729433e+00 -4.407684250840076423e+00
1.233479822921600688e-01 -1.904190239065636225e-01 1.777771269767326467e-01 1.564438525139458802e-01 -1.551656157418412896e-01 4.224487160292431653e-01 8.876904532279888960e-02 -3.704162056723703245e-02 -1.477857697122673120e+00 1.314499469143330934e+00 2.558783433775371208e-01 -1.733324022593874414e+00 3.430954312006386786e-01 1.153068844877459753e+00 -2.275446097328570616e-01 8.086044624278088122e-05 5.923680544059282127e-01 3.019939152880242617e+00 -2.566016458853647375e+00
1.233479822921600688e-01 -1.904190239065636225e-01 1.777771269767326467e-01 1.564438525139458802e-01 -1.551656157418412896e-01 4.224487160292431653e-01 8.876904532279888960e-02 -3.704162056723703245e-02 -1.477857697122673120e+00 1.314499469143330934e+00 2.558783433775371208e-01 -1.733324022593874414e+00 3.430954312006386786e-01 1.153068844877459753e+00 -2.275446097328570616e-01 8.086044624278088122e-05 5.923680544059282127e-01 3.019939152880242617e+00 -2.566016458853647375e+00
1.204506304811061856e-01 -1.695345458245133274e-01 1.810620543234140178e-01 1.581211036100341749e-01 -1.188132006868696244e-01 4.745278484551036513e-01 8.036201055123487480e-02 1.916929111956227061e+00 -6.823777017989787197e-01 1.685577717050939839e+00 1.496912133962301716e+00 -9.088604544989209444e-01 1.114594382970015118e+00 2.404306573605857977e+00 2.268449054180488034e-01 1.444386554756695418e+00 1.922308508346141309e+00 2.629783977335873324e+00 -4.831190784867367860e+00
1.204506304811061856e-01 -1.695345458245133274e-01 1.810620543234140178e-01 1.581211036100341749e-01 -1.188132006868696244e-01 4.745278484551036513e-01 8.036201055123487480e-02 1.916929111956227061e+00 -6.823777017989787197e-01 1.685577717050939839e+00 1.496912133962301716e+00 -9.088604544989209444e-01 1.114594382970015118e+00 2.404306573605857977e+00 2.268449054180488034e-01 1.444386554756695418e+00 1.922308508346141309e+00 2.629783977335873324e+00 -4.831190784867367860e+00
1.192731868737591239e-01 -1.946787520850391529e-01 1.786134474688481355e-01 1.571384933128698869e-01 -1.595264013342747589e-01 5.998795765023081650e-01 8.242966036611881764e-02 5.964953294935000372e-01 -1.134439519912771033e-01 6.039106278408379325e-01 1.471726272931590529e+00 -1.316153925378202860e+00 5.235896631327072726e-01 2.401612731629221287e+00 -2.491719177903393145e-01 -7.683309282514372285e-03 2.111229767453849604e+00 2.513567938539541302e+00 -3.919844151822672540e+00
1.210622136376436064e-01 -1.923136738417475233e-01 1.813369003150457348e-01 1.478399987432901241e-01 -1.370893492219456000e-01 6.265234291297794300e-01 8.830446641937873820e-02 -2.989592805014904542e-01 -5.744365038897409903e-01 4.002130778661765476e-01 9.424885897771080323e-01 -2.004131211744088148e+00 4.372353957163763738e-01 1.615866965832863045e+00 -6.734547088232520906e-01 -3.205204175214459994e-01 1.298420200860509688e+00 3.584318065854221302e+00 -2.735151866338032089e+00
1.169498378229214541e-01 -1.691393297929274508e-01 1.753135033603814008e-01 1.696017832327969543e-01 -5.639160276052856968e-02 5.055919689477423873e-01 8.635092425537280181e-02 -3.297084734309869702e-01 -8.806360465542795168e-01 7.238906026270370830e-01 2.059017791430868272e-01 -1.182634592801976581e+00 -8.895531750510041746e-01 2.229280481802616620e+00 -6.125016520040205137e-01 -1.036275788789673413e+00 1.704486092580095757e+00 2.321807420426322821e+00 -2.467149185703163550e+00
1.171068584675629132e-01 -1.847712247251311890e-01 1.769940933466528366e-01 1.644345388141705833e-01 -2.439568006935664002e-01 5.024388953839680205e-01 8.620146255474117614e-02 5.890929932479860298e-02 5.398599536583326142e-02 4.181189250039585303e-01 1.722075782290981572e+00 -1.673210514395274906e+00 6.127834612923095392e-01 2.290972444718855527e+00 -2.729136885621006314e-01 -4.477897711493463717e-01 2.649575805088131730e+00 2.739346788655183218e+00 -3.858235672748119072e+00
1.129158008957297787e-01 -1.709076676459992394e-01 1.783125515933921545e-01 1.722507868718784474e-01 -1.288188050290725029e-01 5.832454075403266103e-01 8.384223620090058837e-02 1.581283961942858696e-02 -1.171159068830363914e+00 4.094945577043702656e-01 6.038567310364406637e-01 -1.837916770194416571e+00 -5.473034556378131299e-02 1.686614565549047207e+00 -9.121534039031020669e-01 -5.033787169214072321e-01 1.187872151574202562e+00 2.218968972759300939e+00 -2.368780807706845071e+00
1.129158008957297787e-01 -1.709076676459992394e-01 1.783125515933921545e-01 1.722507868718784474e-01 -1.288188050290725029e-01 5.832454075403266103e-01 8.384223620090058837e-02 1.581283961942858696e-02 -1.171159068830363914e+00 4.094945577043702656e-01 6.038567310364406637e-01 -1.837916770194416571e+00 -5.473034556378131299e-02 1.686614565549047207e+00 -9.121534039031020669e-01 -5.033787169214072321e-01 1.187872151574202562e+00 2.218968972759300939e+00 -2.368780807706845071e+00
1.158995621167211720e-01 -1.855477286760660594e-01 1.725214806716892091e-01 1.588541522449967713e-01 -6.436638868810384828e-02 5.238017193910500247e-01 8.646721350849786991e-02 2.237984096591372207e-02 -8.360317880814758240e-01 5.199442917406429387e-01 1.192387292492535167e+00 -2.253720126317730443e+00 3.674483615758994404e-01 1.514921652176891342e+00 -3.436381124228136130e-01 -2.957486178636923313e-01 1.364304959259348138e+00 2.737495180475866263e+00 -2.856967421115224059e+00
1.156862013605680362e-01 -1.638679231117752266e-01 1.734609993509000914e-01 1.686630211828267223e-01 -1.651600171981320031e-01 5.604161149386874818e-01 8.128879600100526182e-02 3.643303410989586766e-01 -1.256485610663913732e+00 2.867138101901627323e-01 8.419730794410620334e-01 -1.788553604649256723e+00 -2.571579401319867841e-01 1.880302435987970533e+00 -7.341837483736624037e-01 -4.334347593084011407e-01 2.090371895070215480e+00 1.086124095981935156e+00 -2.496418637438660326e+00
1.156862013605680362e-01 -1.638679231117752266e-01 1.734609993509000914e-01 1.686630211828267223e-01 -1.651600171981320031e-01 5.604161149386874818e-01 8.128879600100526182e-02 3.643303410989586766e-01 -1.256485610663913732e+00 2.867138101901627323e-01 8.419730794410620334e-01 -1.788553604649256723e+00 -2.571579401319867841e-01 1.880302435987970533e+00 -7.341837483736624037e-01 -4.334347593084011407e-01 2.090371895070215480e+00 1.086124095981935156e+00 -2.496418637438660326e+00
1.288441294866830844e-01 -1.941687540218871022e-01 1.775657528912623628e-01 1.586615655907491762e-01 -5.168761856946246791e-02 4.945384576902305263e-01 8.832040013382033705e-02 -2.995805280073664534e-01 -7.310724342080803240e-01 4.999801540044437331e-01 8.324641920213684543e-01 -1.912430618990788922e+00 -6.400281484121528308e-03 1.768792166882019679e+00 -2.429697241867065927e-01 -1.050913273217797705e+00 2.571137397774075239e+00 7.759515537148562458e-01 -2.583995363099758968e+00
1.288441294866830844e-01 -1.941687540218871022e-01 1.775657528912623628e-01 1.586615655907491762e-01 -5.168761856946246791e-02 4.945384576902305263e-01 8.832040013382033705e-02 -2.995805280073664534e-01 -7.310724342080803240e-01 4.999801540044437331e-01 8.324641920213684543e-01 -1.912430618990788922e+00 -6.400281484121528308e-03 1.768792166882019679e+00 -2.429697241867065927e-01 -1.050913273217797705e+00 2.571137397774075239e+00 7.759515537148562458e-01 -2.583995363099758968e+00
1.141045126088018613e-01 -1.759005545070796428e-01 1.692774776079938592e-01 1.779414324883077381e-01 -7.334031380861938398e-02 5.236517061838328324e-01 9.195111176435677436e-02 7.397029162479640263e-02 -1.674290394570345786e+00 8.201327647884806282e-01 3.585793406596948785e-01 -2.121878756151791112e+00 2.481608360375400224e-01 1.111492478304779929e+00 -4.475230819431663676e-01 -8.653648741875326067e-01 1.246252388825499935e+00 1.655884675263488148e+00 -2.058070562079936217e+00
1.152029325433275853e-01 -1.780334358788659976e-01 1.752588007838966067e-01 1.649423003882649619e-01 -1.254485837785578317e-01 5.553876101387955622e-01 8.534967788198837002e-02 1.713836205130101931e+00 -4.151746265584392859e-01 1.067016160603218466e+00 2.030970635113162004e+00 -1.145059092647668919e+00 1.070658373459060897e+00 2.383875472346241864e+00 2.652906982022074089e-02 8.829629484631276171e-01 2.274773687093460950e+00 3.535555597438197140e+00 -4.841549389938380799e+00
1.204983725453996068e-01 -1.754115094297751254e-01 1.816564353744134774e-01 1.636732628681334401e-01 -1.600010266206480791e-01 5.602119151940496700e-01 8.498057031645822601e-02 -5.692342923366151553e-01 -4.721477202357506897e-01 8.414267096984593408e-01 9.367028488360329419e-01 -1.539076119211246318e+00 2.199205131210000275e-01 1.738105521385257646e+00 6.098479507606668903e-02 -5.742492254648947636e-01 2.462085627062452708e+00 1.786978833180824289e+00 -3.187740888006672435e+00
1.204983725453996068e-01 -1.754115094297751254e-01 1.816564353744134774e-01 1.636732628681334401e-01 -1.600010266206480791e-01 5.602119151940496700e-01 8.498057031645822601e-02 -5.692342923366151553e-01 -4.721477202357506897e-01 8.414267096984593408e-01 9.367028488360329419e-01 -1.539076119211246318e+00 2.199205131210000275e-01 1.738105521385257646e+00 6.098479507606668903e-02 -5.742492254648947636e-01 2.462085627062452708e+00 1.786978833180824289e+00 -3.187740888006672435e+00
1.149493416432532666e-01 -1.766716094777519563e-01 1.731110008073390161e-01 1.637712673337382574e-01 -1.501066450975414579e-01 5.846454044117743720e-01 8.877150261451041691e-02 -6.932490161621709390e-01 -2.358463133124413247e-01 5.781839900988039460e-01 8.289544172291529733e-01 -1.231654585944646385e+00 -3.734593054028092496e-01 2.431969700747655061e+00 -9.430015269165199499e-01 -1.094842463283907108e-01 2.129449825372869753e+00 1.863347552817115726e+00 -3.053729465726142234e+00
1.127984360411563025e-01 -1.532283160350194628e-01 1.771882160107306481e-01 1.581615780759260126e-01 -1.151124431145551519e-01 5.866265586798280474e-01 9.192429996475068310e-02 -4.253834036583654665e-01 -3.769942620786332910e-01 1.162236532549142609e+00 9.740099867055178606e-01 -1.620717672283435107e+00 8.300970748372442642e-01 1.447306899272701841e+00 4.011448474464991421e-01 -4.281127457094466848e-01 2.291956588754674229e+00 2.679982918953011328e+00 -3.647548441093685589e+00
1.127984360411563025e-01 -1.532283160350194628e-01 1.771882160107306481e-01 1.581615780759260126e-01 -1.151124431145551519e-01 5.866265586798280474e-01 9.192429996475068310e-02 -4.253834036583654665e-01 -3.769942620786332910e-01 1.162236532549142609e+00 9.740099867055178606e-01 -1.620717672283435107e+00 8.300970748372442642e-01 1.447306899272701841e+00 4.011448474464991421e-01 -4.281127457094466848e-01 2.291956588754674229e+00 2.679982918953011328e+00 -3.647548441093685589e+00
1.289506725443190782e-01 -1.987700441633765136e-01 1.785218814888084038e-01 1.596004701622443234e-01 -7.226169527777437374e-02 5.433898574172273399e-01 8.119514106195387104e-02 -5.474031087209763058e-02 -1.143773423408735557e+00 4.412379350882407181e-01 7.156408986782629711e-01 -2.133492822039951164e+00 4.311654768215236189e-01 1.067377142366431109e+00 -5.305573198316890782e-01 -8.777061356084381316e-02 7.825503024077224978e-01 3.289497132036675708e+00 -2.315213271960373298e+00
1.289506725443190782e-01 -1.987700441633765136e-01 1.785218814888084038e-01 1.596004701622443234e-01 -7.226169527777437374e-02 5.433898574172273399e-01 8.119514106195387104e-02 -5.474031087209763058e-02 -1.143773423408735557e+00 4.412379350882407181e-01 7.156408986782629711e-01 -2.133492822039951164e+00 4.311654768215236189e-01 1.067377142366431109e+00 -5.305573198316890782e-01 -8.777061356084381316e-02 7.825503024077224978e-01 3.289497132036675708e+00 -2.315213271960373298e+00
1.231518057151823886e-01 -1.810616580117270225e-01 1.795229763048333815e-01 1.536686591649157885e-01 -2.132996291273377976e-01 5.294687099643553552e-01 9.047344019405278992e-02 8.347291319678262767e-01 1.396971895960312793e-01 9.036906458779325746e-01 2.046556328407532988e+00 -1.591960177395884912e+00 1.291254635918976490e+00 2.321478319230840803e+00 -1.416339626558515974e-01 8.586914801675522568e-01 2.655684968824410852e+00 1.977261635125431738e+00 -4.760766178779231694e+00
1.231518057151823886e-01 -1.810616580117270225e-01 1.795229763048333815e-01 1.536686591649157885e-01 -2.132996291273377976e-01 5.294687099643553552e-01 9.047344019405278992e-02 8.347291319678262767e-01 1.396971895960312793e-01 9.036906458779325746e-01 2.046556328407532988e+00 -1.591960177395884912e+00 1.291254635918976490e+00 2.321478319230840803e+00 -1.416339626558515974e-01 8.586914801675522568e-01 2.655684968824410852e+00 1.977261635125431738e+00 -4.760766178779231694e+00
1.220017076028469261e-01 -1.809367424387213763e-01 1.777042983512580610e-01 1.666760780553983023e-01 -1.197625631297312143e-01 5.760198780115723949e-01 7.823305013900568039e-02 -4.609827286220333775e-01 -5.613773009257227997e-01 6.623018439967953697e-02 8.190145875981071910e-01 -1.920106582950538154e+00 2.632222230223586479e-01 9.547208678500620493e-01 2.453201391417412225e-01 -6.148844587305477560e-01 1.911150569298101232e+00 9.061890663625291609e-01 -2.459788293374593593e+00
1.220017076028469261e-01 -1.809367424387213763e-01 1.777042983512580610e-01 1.666760780553983023e-01 -1.197625631297312143e-01 5.760198780115723949e-01 7.823305013900568039e-02 -4.609827286220333775e-01 -5.613773009257227997e-01 6.623018439967953697e-02 8.190145875981071910e-01 -1.920106582950538154e+00 2.632222230223586479e-01 9.547208678500620493e-01 2.453201391417412225e-01 -6.148844587305477560e-01 1.911150569298101232e+00 9.061890663625291609e-01 -2.459788293374593593e+00
1.218914974203212376e-01 -1.900536107722556878e-01 1.766018987866966872e-01 1.710889922117276862e-01 -1.343167769712428905e-01 4.485454777761255230e-01 9.251599415779243607e-02 -2.735405328617988019e-01 -3.059740700071849062e-01 4.522945487678615706e-01 1.123244345313937131e+00 -1.502313368231576796e+00 -4.666616396214706697e-02 1.910608740750121548e+00 3.935887622654457019e-01 -1.310345917364181823e+00 2.656931546875373584e+00 1.751282857313452013e+00 -3.152349907200717727e+00
1.218914974203212376e-01 -1.900536107722556878e-01 1.766018987866966872e-01 1.710889922117276862e-01 -1.343167769712428905e-01 4.485454777761255230e-01 9.251599415779243607e-02 -2.735405328617988019e-01 -3.059740700071849062e-01 4.522945487678615706e-01 1.123244345313937131e+00 -1.502313368231576796e+00 -4.666616396214706697e-02 1.910608740750121548e+00 3.935887622654457019e-01 -1.310345917364181823e+00 2.656931546875373584e+00 1.751282857313452013e+00 -3.152349907200717727e+00
1.197824865815379780e-01 -1.970914295711242437e-01 1.760533595089401604e-01 1.555098978785102171e-01 -6.318990692635195749e-02 4.994173123276373083e-01 7.745486690634451055e-02 6.714642813479603234e-01 9.683681912129138425e-02 1.079044604946036046e+00 1.208847898870861748e+00 -6.878636379656457578e-01 8.446281292582336064e-01 2.188015323641694820e+00 1.089555011000769014e-01 6.708268500109486610e-01 2.595069185172706128e+00 3.055295195758212401e+00 -4.405403610007610382e+00
1.197824865815379780e-01 -1.970914295711242437e-01 1.760533595089401604e-01 1.555098978785102171e-01 -6.318990692635195749e-02 4.994173123276373083e-01 7.745486690634451055e-02 6.714642813479603234e-01 9.683681912129138425e-02 1.079044604946036046e+00 1.208847898870861748e+00 -6.878636379656457578e-01 8.446281292582336064e-01 2.188015323641694820e+00 1.089555011000769014e-01 6.708268500109486610e-01 2.595069185172706128e+00 3.055295195758212401e+00 -4.405403610007610382e+00
1.183922154310457220e-01 -1.930504840820698731e-01 1.752716053933277562e-01 1.631520360255424018e-01 -1.492938342886450664e-01 5.176456554163313406e-01 9.323056114364020042e-02 9.608663719330401420e-02 -3.652964684539128370e-03 9.956411865503769221e-01 1.874696157190229862e+00 -2.074281549462102969e+00 1.199046553155130646e+00 2.356223139913868891e+00 -2.174002880383518743e-02 -4.171984353077391461e-01 2.549931145809344102e+00 3.001100259230035761e+00 -4.374037186670424404e+00
1.280016512399224093e-01 -1.851407325100457579e-01 1.811710026134208951e-01 1.645518371815077874e-01 -1.622208698422393791e-01 6.295684963429879488e-01 8.999924985120782983e-02 -6.249196698978263242e-01 -1.434164819127675905e+00 1.026011197067399294e+00 2.451599584413273192e-01 -2.291268901582153461e+00 3.164282988993551982e-01 1.255658699812434165e+00 -8.220361108109459636e-01 -2.180433859302066679e-01 1.419277760460038174e+00 1.001332048802204611e+00 -2.060143479625370144e+00
1.280016512399224093e-01 -1.851407325100457579e-01 1.811710026134208951e-01 1.645518371815077874e-01 -1.622208698422393791e-01 6.295684963429879488e-01 8.999924985120782983e-02 -6.249196698978263242e-01 -1.434164819127675905e+00 1.026011197067399294e+00 2.451599584413273192e-01 -2.291268901582153461e+00 3.164282988993551982e-01 1.255658699812434165e+00 -8.220361108109459636e-01 -2.180433859302066679e-01 1.419277760460038174e+00 1.001332048802204611e+00 -2.060143479625370144e+00
1.131475408974926544e-01 -1.637903009521012865e-01 1.773285285298586700e-01 1.737527305193434790e-01 -1.119166532610176290e-01 5.571140309681608116e-01 8.387018550996883093e-02 1.424596063964200354e+00 -1.071997537841764547e+00 1.570792537138872902e+00 1.212712859885813010e+00 -1.017614048027343010e+00 8.832897617335300211e-01 2.106672321155378391e+00 3.994243735070046597e-02 5.567403606755618739e-01 2.730260611795499059e+00 1.965306410903479239e+00 -4.334179860515018134e+00
1.238146559383322132e-01 -1.791372582524466406e-01 1.814888066034293368e-01 1.691598395978731739e-01 -2.014777027881765603e-01 4.648936471028575212e-01 9.285776480967079805e-02 -2.052893489684226580e-01 -1.105057073267408096e+00 5.155178008153606939e-01 9.087552963800664685e-01 -2.356484182673432404e+00 2.385155891859414012e-01 1.816167514439168684e+00 -1.169634597603574022e+00 3.421095918723082718e-03 1.306164101133613364e+00 1.198904890612166874e+00 -2.327846389200509680e+00
1.238146559383322132e-01 -1.791372582524466406e-01 1.814888066034293368e-01 1.691598395978731739e-01 -2.014777027881765603e-01 4.648936471028575212e-01 9.285776480967079805e-02 -2.052893489684226580e-01 -1.105057073267408096e+00 5.155178008153606939e-01 9.087552963800664685e-01 -2.356484182673432404e+00 2.385155891859414012e-01 1.816167514439168684e+00 -1.169634597603574022e+00 3.421095918723082718e-03 1.306164101133613364e+00 1.198904890612166874e+00 -2.327846389200509680e+00
1.192480958000768365e-01 -1.838550382943671124e-01 1.739246569327201619e-01 1.906520961914424106e-01 -1.145229364020606821e-01 4.616436696880041879e-01 8.998798028253460202e-02 -7.670293289423835148e-02 -8.019286223896813226e-01 1.301881726285850860e+00 3.711961825870879750e-01 -1.035606408737210327e+00 9.866315213803034112e-02 1.722211449152828422e+00 2.365332717610613145e-01 -7.700201616969994944e-01 1.952821939101362148e+00 2.737938864219568558e+00 -3.249955567871711359e+00
1.327482724771910094e-01 -2.020346046229787307e-01 1.864494029766881333e-01 1.482223697942203211e-01 -1.650871432013708562e-01 4.824621045424195565e-01 8.460579425988065672e-02 1.847584762666508951e+00 -6.649783470139052355e-01 1.542750176199643164e+00 1.771682086704816861e+00 -1.426933119391220028e+00 1.498632207800699945e+00 2.002374266393140978e+00 4.143508212511992639e-01 8.686888227483375857e-01 2.255721954687981423e+00 3.263167761312077531e+00 -4.751900007844639617e+00
1.327482724771910094e-01 -2.020346046229787307e-01 1.864494029766881333e-01 1.482223697942203211e-01 -1.650871432013708562e-01 4.824621045424195565e-01 8.460579425988065672e-02 1.847584762666508951e+00 -6.649783470139052355e-01 1.542750176199643164e+00 1.771682086704816861e+00 -1.426933119391220028e+00 1.498632207800699945e+00 2.002374266393140978e+00 4.143508212511992639e-01 8.686888227483375857e-01 2.255721954687981423e+00 3.263167761312077531e+00 -4.751900007844639617e+00
1.194454143912326571e-01 -2.085207543468955982e-01 1.770399229084312076e-01 1.573569184203473803e-01 -5.272490659295125948e-02 5.024537649305802489e-01 8.931518850837869006e-02 -6.419212419670570213e-01 4.018751448234514356e-02 2.031075209294117556e-01 1.111829405959523953e+00 -1.460629232658013699e+00 -1.633907135514673925e-01 2.148176589776466194e+00 -4.189395000285953685e-01 -4.914490827266124739e-01 1.916643333677681582e+00 2.815448724049859131e+00 -3.054401091342633823e+00
1.199631758000575255e-01 -2.042311732347859565e-01 1.782446360070521207e-01 1.644579736987299423e-01 -1.021762781643099638e-01 5.744366717053233096e-01 8.384888195867971905e-02 5.164552661381431875e-01 -1.188634642386242390e+00 8.790857567246801452e-01 9.150430115967544964e-01 -2.010890789310144644e+00 4.987184510934810078e-01 1.745526976649527384e+00 -1.011065864727411778e+00 2.736894006702650373e-01 1.733801533272176343e+00 2.304788587172783565e+00 -2.908876529705069380e+00
1.243248468404346274e-01 -1.856311397802775653e-01 1.831954236183518381e-01 1.503541287164895657e-01 -5.782889666477386559e-02 6.049092061489949046e-01 7.933958408855315558e-02 1.680464891098887747e+00 -5.259229741773863154e-01 1.471527897477367119e+00 1.271830593710784996e+00 -6.499300933210774289e-01 9.587547621966958644e-01 2.259171329491231006e+00 2.151155065407817091e-01 7.750890973947246465e-01 2.245665714128807444e+00 3.480441402551001318e+00 -4.598643445398240992e+00
1.243248468404346274e-01 -1.856311397802775653e-01 1.831954236183518381e-01 1.503541287164895657e-01 -5.782889666477386559e-02 6.049092061489949046e-01 7.933958408855315558e-02 1.680464891098887747e+00 -5.259229741773863154e-01 1.471527897477367119e+00 1.271830593710784996e+00 -6.499300933210774289e-01 9.587547621966958644e-01 2.259171329491231006e+00 2.151155065407817091e-01 7.750890973947246465e-01 2.245665714128807444e+00 3.480441402551001318e+00 -4.598643445398240992e+00
1.162142501114764026e-01 -1.715526379069381990e-01 1.786604188624314749e-01 1.398382765718126919e-01 -9.693647165231322749e-02 5.713147750375835443e-01 8.618377455591585967e-02 5.455117511659892671e-01 -6.587031775829377267e-01 1.359992735564450328e+00 8.518867228450233142e-01 -7.605758297091806952e-01 -6.510645932826353288e-02 2.689298286075414879e+00 -4.728662635990401597e-01 6.147703073867738510e-02 2.836013841265847546e+00 1.632948758927847521e+00 -3.924522723605602170e+00
1.162142501114764026e-01 -1.715526379069381990e-01 1.786604188624314749e-01 1.398382765718126919e-01 -9.693647165231322749e-02 5.713147750375835443e-01 8.618377455591585967e-02 5.455117511659892671e-01 -6.587031775829377267e-01 1.359992735564450328e+00 8.518867228450233142e-01 -7.605758297091806952e-01 -6.510645932826353288e-02 2.689298286075414879e+00 -4.728662635990401597e-01 6.147703073867738510e-02 2.836013841265847546e+00 1.632948758927847521e+00 -3.924522723605602170e+00
1.190511586939380639e-01 -1.833201882341511935e-01 1.766396322118035378e-01 1.786627851055311300e-01 -7.479036334581001810e-02 6.050323049318753199e-01 8.588139138188385924e-02 -1.657733873750686371e-01 -1.464544395260515053e+00 9.131331871385945931e-01 4.090773725888707801e-01 -2.224774591222983933e+00 3.285027921946888085e-01 1.487358719448343081e+00 -1.091035895272229883e+00 -9.590717215969668530e-02 1.675085657677747975e+00 2.076536893162223230e+00 -2.326598374462252927e+00
1.190511586939380639e-01 -1.833201882341511935e-01 1.766396322118035378e-01 1.786627851055311300e-01 -7.479036334581001810e-02 6.050323049318753199e-01 8.588139138188385924e-02 -1.657733873750686371e-01 -1.464544395260515053e+00 9.131331871385945931e-01 4.090773725888707801e-01 -2.224774591222983933e+00 3.285027921946888085e-01 1.487358719448343081e+00 -1.091035895272229883e+00 -9.590717215969668530e-02 1.675085657677747975e+00 2.076536893162223230e+00 -2.326598374462252927e+00
1.156162579112713085e-01 -1.574121279125346717e-01 1.755510902208552992e-01 1.688793930215150008e-01 -1.684813995777347806e-01 5.436175725205534270e-01 8.771408248364523375e-02 6.866455247656571004e-01 -4.989253460442446553e-01 1.696064700551146665e+00 1.015532099107505637e+00 -7.362118337425060943e-01 7.213230221056381453e-01 1.945214058242086708e+00 9.746858008709802235e-01 -1.256791432664208230e-01 1.649975467672862628e+00 4.210656983833674261e+00 -4.584187545600907576e+00
1.156162579112713085e-01 -1.574121279125346717e-01 1.755510902208552992e-01 1.688793930215150008e-01 -1.684813995777347806e-01 5.436175725205534270e-01 8.771408248364523375e-02 6.866455247656571004e-01 -4.989253460442446553e-01 1.696064700551146665e+00 1.015532099107505637e+00 -7.362118337425060943e-01 7.213230221056381453e-01 1.945214058242086708e+00 9.746858008709802235e-01 -1.256791432664208230e-01 1.649975467672862628e+00 4.210656983833674261e+00 -4.584187545600907576e+00
1.215689003208188512e-01 -1.991640686977940722e-01 1.789111010120227052e-01 1.631689312646913415e-01 -4.604972005827590031e-02 5.291329402604310062e-01 8.543384024963705803e-02 -2.811198409034165735e-02 -9.865671313005384135e-01 6.299559043812719139e-01 5.199862845532177147e-01 -1.514179122239724951e+00 -1.519046598885642751e-01 1.918770354597115535e+00 -8.164343972819416706e-01 -8.192407064018336627e-01 2.859588735678265436e+00 9.079249401925633123e-01 -2.498239402327787850e+00
1.215689003208188512e-01 -1.991640686977940722e-01 1.789111010120227052e-01 1.631689312646913415e-01 -4.604972005827590031e-02 5.291329402604310062e-01 8.543384024963705803e-02 -2.811198409034165735e-02 -9.865671313005384135e-01 6.299559043812719139e-01 5.199862845532177147e-01 -1.514179122239724951e+00 -1.519046598885642751e-01 1.918770354597115535e+00 -8.164343972819416706e-01 -8.192407064018336627e-01 2.859588735678265436e+00 9.079249401925633123e-01 -2.498239402327787850e+00
1.248464078935531962e-01 -2.021349066082026580e-01 1.802291185943128149e-01 1.502002821871973870e-01 -6.239790529776600980e-02 5.251093656190732872e-01 8.630495986203091940e-02 -1.439204592957432638e-01 -5.238605277068231203e-02 3.445708453569418239e-01 1.674061796677010605e+00 -1.743134994185086661e+00 2.082785425445923266e-01 2.639091000062650849e+00 -1.156201461372441397e+00 7.226892609443069659e-01 1.829583787334582823e+00 2.776165883455394834e+00 -3.497837569976662841e+00
1.248464078935531962e-01 -2.021349066082026580e-01 1.802291185943128149e-01 1.502002821871973870e-01 -6.239790529776600980e-02 5.251093656190732872e-01 8.630495986203091940e-02 -1.439204592957432638e-01 -5.238605277068231203e-02 3.445708453569418239e-01 1.674061796677010605e+00 -1.743134994185086661e+00 2.082785425445923266e-01 2.639091000062650849e+00 -1.156201461372441397e+00 7.226892609443069659e-01 1.829583787334582823e+00 2.776165883455394834e+00 -3.497837569976662841e+00
1.199737193384026734e-01 -1.822567586832973818e-01 1.812026892638167741e-01 1.577301510515410898e-01 -2.463955182517363340e-02 5.968302287590798727e-01 8.044921904545737634e-02 -4.358769351744227194e-01 8.208376785658053620e-01 1.565657003641192091e-01 1.870308196335475515e+00 -1.472588067783858090e+00 6.948970779905216943e-01 2.410756074425792761e+00 -3.143697554733684285e-01 7.959000434010174985e-01 1.828079384642022021e+00 3.240160777993812857e+00 -4.068942088311304772e+00
1.199737193384026734e-01 -1.822567586832973818e-01 1.812026892638167741e-01 1.577301510515410898e-01 -2.463955182517363340e-02 5.968302287590798727e-01 8.044921904545737634e-02 -4.358769351744227194e-01 8.208376785658053620e-01 1.565657003641192091e-01 1.870308196335475515e+00 -1.472588067783858090e+00 6.948970779905216943e-01 2.410756074425792761e+00 -3.143697554733684285e-01 7.959000434010174985e-01 1.828079384642022021e+00 3.240160777993812857e+00 -4.068942088311304772e+00
1.191749010904954720e-01 -1.681589426447206437e-01 1.794887645306598722e-01 1.577183427809134564e-01 -5.822626604359903979e-02 6.287135228007918464e-01 8.304751680636870970e-02 -6.815653179185101607e-01 -6.761927155883817875e-02 -3.151678493578575768e-01 1.454762626266128400e+00 -2.401529886294111016e+00 8.703117573578511568e-01 9.518630285105356137e-01 -2.432173623950166785e-01 5.879658849536539833e-02 1.662064956260057791e+00 1.847254392678148172e+00 -2.691955131150047809e+00
1.191749010904954720e-01 -1.681589426447206437e-01 1.794887645306598722e-01 1.577183427809134564e-01 -5.822626604359903979e-02 6.287135228007918464e-01 8.304751680636870970e-02 -6.815653179185101607e-01 -6.761927155883817875e-02 -3.151678493578575768e-01 1.454762626266128400e+00 -2.401529886294111016e+00 8.703117573578511568e-01 9.518630285105356137e-01 -2.432173623950166785e-01 5.879658849536539833e-02 1.662064956260057791e+00 1.847254392678148172e+00 -2.691955131150047809e+00
1.263221229478895258e-01 -1.933865352416209160e-01 1.824345934082317044e-01 1.472537256723644994e-01 -1.725025693456861964e-01 4.102774812182934383e-01 8.157665891853763118e-02 1.355388241538435068e+00 -3.559445400758916023e-01 1.467429222446931192e+00 1.545507670071027739e+00 -1.100001947623644227e+00 1.203688192063820495e+00 2.018400696955043649e+00 5.993661651233139764e-01 1.857785430116543068e-01 3.219908862652506087e+00 2.792943517725674951e+00 -4.677637559212890039e+00
1.235890294609797435e-01 -2.108123673363672124e-01 1.811210332710058712e-01 1.541210145666154219e-01 -7.349661483758351821e-02 6.231804004746157588e-01 8.739349260056777924e-02 9.789877786062382015e-01 -5.331671729353963940e-01 1.487900430084875936e+00 9.720784891722527021e-01 -4.742231379434320715e-01 -7.775806184867484205e-02 2.590812708896830685e+00 5.948067937140280037e-01 -5.656867377274847897e-01 2.708762263578763374e+00 2.929269816531807180e+00 -4.408200703839910695e+00
1.235890294609797435e-01 -2.108123673363672124e-01 1.811210332710058712e-01 1.541210145666154219e-01 -7.349661483758351821e-02 6.231804004746157588e-01 8.739349260056777924e-02 9.789877786062382015e-01 -5.331671729353963940e-01 1.487900430084875936e+00 9.720784891722527021e-01 -4.742231379434320715e-01 -7.775806184867484205e-02 2.590812708896830685e+00 5.948067937140280037e-01 -5.656867377274847897e-01 2.708762263578763374e+00 2.929269816531807180e+00 -4.408200703839910695e+00
1.144268316598165136e-01 -1.882351334477940230e-01 1.757656988311960822e-01 1.578122690693603003e-01 -3.353129179694380735e-02 6.071671743645459252e-01 8.773583442731069937e-02 -2.152235776152968683e-01 -6.230790107175563364e-01 5.296654805920999465e-01 7.007749995800649501e-01 -1.373318210472456613e+00 1.114053515793322902e-01 1.553471012997018619e+00 -1.890761277423802511e-01 -9.361286038070524285e-01 2.255103140397720196e+00 2.482272296031378112e+00 -2.923150755604530637e+00
1.144268316598165136e-01 -1.882351334477940230e-01 1.757656988311960822e-01 1.578122690693603003e-01 -3.353129179694380735e-02 6.071671743645459252e-01 8.773583442731069937e-02 -2.152235776152968683e-01 -6.230790107175563364e-01 5.296654805920999465e-01 7.007749995800649501e-01 -1.373318210472456613e+00 1.114053515793322902e-01 1.553471012997018619e+00 -1.890761277423802511e-01 -9.361286038070524285e-01 2.255103140397720196e+00 2.482272296031378112e+00 -2.923150755604530637e+00
1.178620660770313966e-01 -1.691240979167424330e-01 1.820373751593803713e-01 1.558651824887140602e-01 -1.408052571316013024e-01 5.611328172366705225e-01 7.992256276166812001e-02 -3.219012641649596773e-01 -9.372760480944206662e-01 8.118139769064196543e-01 8.704165740614389080e-02 -1.024965388994969029e+00 -3.955012599330247625e-01 1.771644423634736398e+00 -5.165047500125510282e-01 -4.558361686458143325e-01 1.443435708732661027e+00 2.651366766218250959e+00 -2.594845184663316484e+00
1.178620660770313966e-01 -1.691240979167424330e-01 1.820373751593803713e-01 1.558651824887140602e-01 -1.408052571316013024e-01 5.611328172366705225e-01 7.992256276166812001e-02 -3.219012641649596773e-01 -9.372760480944206662e-01 8.118139769064196543e-01 8.704165740614389080e-02 -1.024965388994969029e+00 -3.955012599330247625e-01 1.771644423634736398e+00 -5.165047500125510282e-01 -4.558361686458143325e-01 1.443435708732661027e+00 2.651366766218250959e+00 -2.594845184663316484e+00
1.193927911519298279e-01 -1.763225047214024288e-01 1.767923464099319664e-01 1.587577729532629878e-01 -1.176951738257252522e-01 5.723802884702045013e-01 8.044303777490598162e-02 -3.030266890838380078e-01 9.293644367386466598e-02 -1.721150400411808334e-02 1.419041140842145055e+00 -1.858013256249817502e+00 5.133364652884706558e-01 1.802915293945997810e+00 -4.831243133688358782e-01 1.594716604262131909e-01 1.846957741916566142e+00 1.349411692103370086e+00 -3.211654480711309212e+00
1.193927911519298279e-01 -1.763225047214024288e-01 1.767923464099319664e-01 1.587577729532629878e-01 -1.176951738257252522e-01 5.723802884702045013e-01 8.044303777490598162e-02 -3.030266890838380078e-01 9.293644367386466598e-02 -1.721150400411808334e-02 1.419041140842145055e+00 -1.858013256249817502e+00 5.133364652884706558e-01 1.802915293945997810e+00 -4.831243133688358782e-01 1.594716604262131909e-01 1.846957741916566142e+00 1.349411692103370086e+00 -3.211654480711309212e+00
1.232757386002692468e-01 -1.946845760202618458e-01 1.811996893268416897e-01 1.527347583518777752e-01 -7.983814228375685218e-02 5.446783736509850371e-01 9.068090753383920011e-02 6.557170426548220021e-01 -2.569179910794936461e-01 1.348147215408165067e+00 2.035570596260248166e+00 -1.846326560664006688e+00 1.195185973017438563e+00 2.368702402680423091e+00 4.421395050254117720e-01 1.639550730752947771e-02 2.242755046250508144e+00 3.174298477581659839e+00 -4.735645525506240183e+00
1.208873215007954249e-01 -1.807923023763252646e-01 1.799412498926906412e-01 1.679151420157142249e-01 -8.567482490167721565e-02 5.334289605719337857e-01 8.691098378687694970e-02 3.178289712914015297e-01 -1.454167970951246502e+00 1.331147919450160089e+00 -3.895155743610700938e-02 -5.462461025867071385e-01 -1.108224684188821918e+00 2.468024060291888588e+00 -4.679791973182192422e-01 -5.203037213097756464e-01 1.674596769730497314e+00 2.506079979702625415e+00 -2.796455565090349982e+00
1.208873215007954249e-01 -1.807923023763252646e-01 1.799412498926906412e-01 1.679151420157142249e-01 -8.567482490167721565e-02 5.334289605719337857e-01 8.691098378687694970e-02 3.178289712914015297e-01 -1.454167970951246502e+00 1.331147919450160089e+00 -3.895155743610700938e-02 -5.462461025867071385e-01 -1.108224684188821918e+00 2.468024060291888588e+00 -4.679791973182192422e-01 -5.203037213097756464e-01 1.674596769730497314e+00 2.506079979702625415e+00 -2.796455565090349982e+00
1.106372879085064931e-01 -1.608830944824443665e-01 1.723261649341888690e-01 1.853328695189592201e-01 -9.574046335865527002e-02 6.144606916599388846e-01 9.040307662739907602e-02 -7.619637531651353157e-01 -6.286295718984993286e-01 2.180389251685523888e-01 1.091021687606695600e+00 -2.519865602827021434e+00 7.331159242929450315e-01 8.811515892562704622e-01 -5.454680802056621758e-02 -5.179153872381814239e-01 1.088369703987776660e+00 2.242501122408445013e+00 -2.497926018786814861e+00
1.203579367250932619e-01 -1.979093456273992024e-01 1.810880188261393686e-01 1.471183761778563914e-01 -9.570139750582251637e-02 5.573770390315262446e-01 8.405785539584098576e-02 -6.787746466458877137e-02 -1.453858687674249861e+00 1.535350574072418262e+00 -4.899495229917141259e-01 -7.734336557725658423e-01 -4.649130047663421195e-01 1.875855738145323137e+00 -7.307571509539849686e-01 -3.801794148053749822e-01 1.534319597451516692e+00 1.909320606888984528e+00 -2.562061478587063235e+00
1.227119974387407275e-01 -2.013637305663417143e-01 1.803240902013852343e-01 1.569688091853062017e-01 -1.375333054613432360e-01 4.987915534832105813e-01 8.291736175016649335e-02 6.063772676034764331e-01 -9.841804086757566239e-02 1.188721193353794447e+00 8.115532700650449627e-01 -2.577340890096762038e-01 3.267970692513921804e-01 2.271383771169917409e+00 2.861865520588491307e-01 -2.741791477275175026e-01 2.648096914419431513e+00 3.071685461903165049e+00 -4.258483068019285334e+00
1.227119974387407275e-01 -2.013637305663417143e-01 1.803240902013852343e-01 1.569688091853062017e-01 -1.375333054613432360e-01 4.987915534832105813e-01 8.291736175016649335e-02 6.063772676034764331e-01 -9.841804086757566239e-02 1.188721193353794447e+00 8.115532700650449627e-01 -2.577340890096762038e-01 3.267970692513921804e-01 2.271383771169917409e+00 2.861865520588491307e-01 -2.741791477275175026e-01 2.648096914419431513e+00 3.071685461903165049e+00 -4.258483068019285334e+00
1.209190437761235581e-01 -1.808271490458374653e-01 1.772452901286662719e-01 1.703390800486077605e-01 -8.927938474966934379e-02 5.308299698689982193e-01 9.299826373230929422e-02 -1.250411283197125023e+00 -1.783173346918545121e-01 3.582782370305093167e-02 1.190368050338328487e+00 -2.472503044014018325e+00 3.581416871729947715e-01 1.338403329450312818e+00 -3.169535534384779751e-01 -8.026817320280290602e-01 2.037740949094372311e+00 1.610922762012963361e+00 -2.330000170784712221e+00
1.245043740922647801e-01 -1.994192047405204948e-01 1.776155583109435832e-01 1.602493617745364141e-01 -1.285686694738594760e-01 5.479414217556004552e-01 8.710688868351770808e-02 -4.601662038959331014e-01 -7.067815658447598182e-01 6.506595889949835509e-01 5.543970878042427941e-01 -1.807401349230777665e+00 3.331564810893192785e-01 1.492108685284202707e+00 -4.343078063012892898e-01 -1.098769413578200460e+00 3.024208540578717574e+00 1.652086724891551839e+00 -2.583074620546489619e+00
1.155192759458263940e-01 -1.694717176137861547e-01 1.748140384403554237e-01 1.603045058310019755e-01 -3.164485842850861541e-02 6.516958486768360537e-01 8.221324747495775687e-02 -3.254619090975712226e-01 -2.932415650805442198e-01 1.592343857819606967e-01 1.105499201936853026e+00 -1.578737907951008879e+00 2.351028385291362710e-01 1.432034549990058636e+00 3.653069259231536137e-01 -1.130655520862704488e+00 2.108911244126186801e+00 2.738078471564207916e+00 -2.993187103781155045e+00
1.155192759458263940e-01 -1.694717176137861547e-01 1.748140384403554237e-01 1.603045058310019755e-01 -3.164485842850861541e-02 6.516958486768360537e-01 8.221324747495775687e-02 -3.254619090975712226e-01 -2.932415650805442198e-01 1.592343857819606967e-01 1.105499201936853026e+00 -1.578737907951008879e+00 2.351028385291362710e-01 1.432034549990058636e+00 3.653069259231536137e-01 -1.130655520862704488e+00 2.108911244126186801e+00 2.738078471564207916e+00 -2.993187103781155045e+00
1.285967361804835618e-01 -1.873576730674270663e-01 1.815058068938238955e-01 1.413016111605022163e-01 -9.112681167492397982e-02 6.318907561588296140e-01 8.894390585818479078e-02 7.923696800630857240e-01 -1.105141436100105512e+00 1.482393205651971968e+00 7.248795110859953539e-01 -1.015288390517035122e+00 2.507312152028884356e-01 2.039003028462687439e+00 2.915288302915550744e-01 -8.389124445731379609e-01 2.932929219100777196e+00 2.140043133587945512e+00 -3.672149041728872909e+00
1.285967361804835618e-01 -1.873576730674270663e-01 1.815058068938238955e-01 1.413016111605022163e-01 -9.112681167492397982e-02 6.318907561588296140e-01 8.894390585818479078e-02 7.923696800630857240e-01 -1.105141436100105512e+00 1.482393205651971968e+00 7.248795110859953539e-01 -1.015288390517035122e+00 2.507312152028884356e-01 2.039003028462687439e+00 2.915288302915550744e-01 -8.389124445731379609e-01 2.932929219100777196e+00 2.140043133587945512e+00 -3.672149041728872909e+00
1.228678647798029655e-01 -1.873492248247194403e-01 1.800128496279253809e-01 1.678978390463432557e-01 -6.633878230457446179e-02 5.502635528792922948e-01 9.148820062006622622e-02 -1.571162912987507099e-01 -1.154940931959272277e+00 1.389657949709244278e-01 1.110787366077942373e+00 -2.115299378920698636e+00 -2.762765900253469908e-01 1.547331596403300757e+00 -2.561669203830332364e-01 -9.149287416998070910e-01 8.440711735892083567e-01 2.498600950678825150e+00 -2.151703890118875862e+00
1.228678647798029655e-01 -1.873492248247194403e-01 1.800128496279253809e-01 1.678978390463432557e-01 -6.633878230457446179e-02 5.502635528792922948e-01 9.148820062006622622e-02 -1.571162912987507099e-01 -1.154940931959272277e+00 1.389657949709244278e-01 1.110787366077942373e+00 -2.115299378920698636e+00 -2.762765900253469908e-01 1.547331596403300757e+00 -2.561669203830332364e-01 -9.149287416998070910e-01 8.440711735892083567e-01 2.498600950678825150e+00 -2.151703890118875862e+00
1.150684515515145723e-01 -1.818370235441079674e-01 1.773540675949541734e-01 1.593784626770123891e-01 -1.621676077458011900e-01 4.482966639045615764e-01 9.134409366635652672e-02 -1.542651977025624177e-01 -1.040467376209276651e+00 1.202772590043811540e+00 5.623969482677004805e-02 -9.477304817121972036e-01 -5.985270101792208308e-01 1.932839553969990298e+00 -1.447104634140128354e-01 -8.119195439845814377e-01 1.165857958990087262e+00 3.272068582299349160e+00 -2.708059604508160856e+00
1.150684515515145723e-01 -1.818370235441079674e-01 1.773540675949541734e-01 1.593784626770123891e-01 -1.621676077458011900e-01 4.482966639045615764e-01 9.134409366635652672e-02 -1.542651977025624177e-01 -1.040467376209276651e+00 1.202772590043811540e+00 5.623969482677004805e-02 -9.477304817121972036e-01 -5.985270101792208308e-01 1.932839553969990298e+00 -1.447104634140128354e-01 -8.119195439845814377e-01 1.165857958990087262e+00 3.272068582299349160e+00 -2.708059604508160856e+00
1.167871507370497330e-01 -1.635658726655692674e-01 1.753025139018647427e-01 1.766712992311874064e-01 -1.326613909785995249e-01 4.536810757060032451e-01 8.874286687943294671e-02 8.575600140242407576e-01 -3.655909439006670425e-01 1.193406294436232251e+00 1.344546546319474345e+00 -8.622278654978998702e-01 6.853320614110289810e-01 2.504535562093047396e+00 -1.576623673761377020e-01 2.805091650099731382e-01 2.498790476035459562e+00 2.732719873123759413e+00 -4.459481941291150164e+00
1.167871507370497330e-01 -1.635658726655692674e-01 1.753025139018647427e-01 1.766712992311874064e-01 -1.326613909785995249e-01 4.536810757060032451e-01 8.874286687943294671e-02 8.575600140242407576e-01 -3.655909439006670425e-01 1.193406294436232251e+00 1.344546546319474345e+00 -8.622278654978998702e-01 6.853320614110289810e-01 2.504535562093047396e+00 -1.576623673761377020e-01 2.805091650099731382e-01 2.498790476035459562e+00 2.732719873123759413e+00 -4.459481941291150164e+00
1.231564189323688940e-01 -1.750232738632859220e-01 1.759095671543054185e-01 1.675879240480120380e-01 -1.290720311699550260e-01 4.810610007586060277e-01 8.775855837774881874e-02 -2.041230989226097137e-01 -2.294102584185333527e-01 8.786831352432944442e-01 1.051265069436555066e+00 -1.222871741492978614e+00 5.471706660212856121e-01 1.746573532658506345e+00 3.087180552428536728e-01 -3.438698067095664612e-01 1.953333478803214618e+00 2.085945065958039635e+00 -3.672543858163147323e+00
1.231564189323688940e-01 -1.750232738632859220e-01 1.759095671543054185e-01 1.675879240480120380e-01 -1.290720311699550260e-01 4.810610007586060277e-01 8.775855837774881874e-02 -2.041230989226097137e-01 -2.294102584185333527e-01 8.786831352432944442e-01 1.051265069436555066e+00 -1.222871741492978614e+00 5.471706660212856121e-01 1.746573532658506345e+00 3.087180552428536728e-01 -3.438698067095664612e-01 1.953333478803214618e+00 2.085945065958039635e+00 -3.672543858163147323e+00
1.168923547405709418e-01 -1.807676154033758253e-01 1.756830996114706611e-01 1.709019469231917165e-01 -1.445552010457200609e-01 4.436552079017523909e-01 8.009980801168081754e-02 1.115370192240697556e+00 -9.550435038404891941e-02 1.551136216173871318e+00 1.095977574419634060e+00 -5.240419628487362758e-01 9.787427873257028565e-01 2.466052718324488247e+00 1.592652659313484875e-01 6.392224445118843690e-01 2.974732345134452061e+00 2.956178332824340060e+00 -4.796728198686950329e+00
1.271959213420464641e-01 -1.911044268280537861e-01 1.796682456190537569e-01 1.534399730565759734e-01 -1.613063464575207329e-01 4.832139742735570564e-01 8.010501199722694365e-02 1.217258072445373429e+00 -1.002757794404485647e+00 1.608586819122851175e+00 5.454653065974230941e-01 -6.322685739591484833e-01 3.551961839812705080e-01 2.295480282491071833e+00 -8.582574875213300203e-02 -2.469954814516039932e-01 3.702801695892635081e+00 1.531462873540183622e+00 -3.873068594904843565e+00
1.271959213420464641e-01 -1.911044268280537861e-01 1.796682456190537569e-01 1.534399730565759734e-01 -1.613063464575207329e-01 4.832139742735570564e-01 8.010501199722694365e-02 1.217258072445373429e+00 -1.002757794404485647e+00 1.608586819122851175e+00 5.454653065974230941e-01 -6.322685739591484833e-01 3.551961839812705080e-01 2.295480282491071833e+00 -8.582574875213300203e-02 -2.469954814516039932e-01 3.702801695892635081e+00 1.531462873540183622e+00 -3.873068594904843565e+00
1.144524691987310605e-01 -1.730007301007863707e-01 1.780147649203163707e-01 1.546826163329519943e-01 -1.300680527558757404e-01 4.991151807504041749e-01 8.677645689227012071e-02 -1.070147628785420579e-01 -8.490702864625268020e-01 2.564099580566239212e-01 1.060358581813942713e+00 -2.226519387562116314e+00 2.875334117470442763e-01 1.420010896174130011e+00 -4.292141035677730088e-01 -1.210390517776814612e+00 2.691560891684541268e+00 2.127310330685067363e+00 -2.498341284794474593e+00
1.144524691987310605e-01 -1.730007301007863707e-01 1.780147649203163707e-01 1.546826163329519943e-01 -1.300680527558757404e-01 4.991151807504041749e-01 8.677645689227012071e-02 -1.070147628785420579e-01 -8.490702864625268020e-01 2.564099580566239212e-01 1.060358581813942713e+00 -2.226519387562116314e+00 2.875334117470442763e-01 1.420010896174130011e+00 -4.292141035677730088e-01 -1.210390517776814612e+00 2.691560891684541268e+00 2.127310330685067363e+00 -2.498341284794474593e+00
1.177476772694529272e-01 -1.725676434743822485e-01 1.779856287766973244e-01 1.577120769182596138e-01 -6.143568357837247973e-02 5.907249093146504926e-01 9.282194481026950772e-02 3.274192809482778799e-01 -3.732961399293799332e-03 1.306314394688159908e+00 1.335506181374150891e+00 -6.837476519317835510e-01 3.333633726647686757e-01 2.751467404456846566e+00 8.950570796680779040e-02 -2.330981975650416871e-01 2.695718113760506185e+00 2.661243341775129778e+00 -4.717823869932916914e+00
1.177476772694529272e-01 -1.725676434743822485e-01 1.779856287766973244e-01 1.577120769182596138e-01 -6.143568357837247973e-02 5.907249093146504926e-01 9.282194481026950772e-02 3.274192809482778799e-01 -3.732961399293799332e-03 1.306314394688159908e+00 1.335506181374150891e+00 -6.837476519317835510e-01 3.333633726647686757e-01 2.751467404456846566e+00 8.950570796680779040e-02 -2.330981975650416871e-01 2.695718113760506185e+00 2.661243341775129778e+00 -4.717823869932916914e+00
1.160952757573278926e-01 -1.665515767308922701e-01 1.731403037556271673e-01 1.792307795645502466e-01 -1.697082705172622275e-01 5.394835436529334949e-01 8.740467714382181563e-02 2.983706820335267906e-01 -1.545690170391027962e+00 1.296575780926202626e+00 5.009192205839694267e-01 -1.856284465107604476e+00 3.670537630803885065e-01 1.846902475797636001e+00 -5.693960631526531202e-01 -2.768161580643262454e-01 1.467195637281706766e+00 2.122651878666782288e+00 -2.878518448969270782e+00
1.160952757573278926e-01 -1.665515767308922701e-01 1.731403037556271673e-01 1.792307795645502466e-01 -1.697082705172622275e-01 5.394835436529334949e-01 8.740467714382181563e-02 2.983706820335267906e-01 -1.545690170391027962e+00 1.296575780926202626e+00 5.009192205839694267e-01 -1.856284465107604476e+00 3.670537630803885065e-01 1.846902475797636001e+00 -5.693960631526531202e-01 -2.768161580643262454e-01 1.467195637281706766e+00 2.122651878666782288e+00 -2.878518448969270782e+00
1.169206890892194595e-01 -1.746212891159509839e-01 1.697253493641390221e-01 1.834986079709963747e-01 -1.337901404638079939e-01 5.545338342408405730e-01 8.230486871596495724e-02 2.279253198502750877e-03 9.190816112710820107e-02 8.704003103754667237e-01 1.059067914388630349e+00 -8.343512926996137224e-01 5.764256709453041694e-01 2.073577696089836664e+00 2.800230428392502802e-02 8.422562033979552609e-02 2.804281095068741791e+00 2.587588418682098990e+00 -4.046461916856043395e+00
1.169206890892194595e-01 -1.746212891159509839e-01 1.697253493641390221e-01 1.834986079709963747e-01 -1.337901404638079939e-01 5.545338342408405730e-01 8.230486871596495724e-02 2.279253198502750877e-03 9.190816112710820107e-02 8.704003103754667237e-01 1.059067914388630349e+00 -8.343512926996137224e-01 5.764256709453041694e-01 2.073577696089836664e+00 2.800230428392502802e-02 8.422562033979552609e-02 2.804281095068741791e+00 2.587588418682098990e+00 -4.046461916856043395e+00
1.183955798279846261e-01 -1.711811740484093791e-01 1.800000403098549473e-01 1.627588763583676101e-01 -8.537851416904018720e-02 5.245008799653696485e-01 8.286117435925305363e-02 -9.993284383065219600e-01 -3.511397147704542476e-02 9.169484161304719549e-02 7.209889838413534591e-01 -1.316450960982261442e+00 -3.509005245850058685e-01 1.648265852762735406e+00 9.672719664677309481e-02 -1.287442040412374755e+00 2.825734602480459046e+00 8.301826237955687304e-01 -2.705071921896300857e+00
1.183955798279846261e-01 -1.711811740484093791e-01 1.800000403098549473e-01 1.627588763583676101e-01 -8.537851416904018720e-02 5.245008799653696485e-01 8.286117435925305363e-02 -9.993284383065219600e-01 -3.511397147704542476e-02 9.169484161304719549e-02 7.209889838413534591e-01 -1.316450960982261442e+00 -3.509005245850058685e-01 1.648265852762735406e+00 9.672719664677309481e-02 -1.287442040412374755e+00 2.825734602480459046e+00 8.301826237955687304e-01 -2.705071921896300857e+00
1.135056857890131277e-01 -1.745164327406100169e-01 1.718266132956760561e-01 1.873227073160453893e-01 -5.247997663923320566e-02 4.969912584324895910e-01 8.466439933892926095e-02 3.364861918284827169e-01 -8.144691975036169040e-01 1.120793830955331138e+00 7.241153739234746922e-01 -1.182405282736310959e+00 1.544996876576743006e-01 2.382254556177604954e+00 -7.979995426016257554e-01 6.309973872910248360e-01 1.490096802071212423e+00 2.856960803745449695e+00 -3.486725085190427009e+00
1.228336452737764095e-01 -1.810542864540857222e-01 1.789960528032936427e-01 1.538587746123266653e-01 -1.230043679331094264e-01 3.951071800204317697e-01 8.475914679193213841e-02 -2.780135783510262470e-01 -1.598931735809738797e-01 1.045867846910919496e-01 1.292508471074790499e+00 -2.128163917869037025e+00 9.321887307011822443e-01 1.145644246656277510e+00 -1.596254454216365914e-01 -3.934863530700214440e-01 2.054883716696631168e+00 2.441953195641838548e+00 -2.894554061687654833e+00
1.228336452737764095e-01 -1.810542864540857222e-01 1.789960528032936427e-01 1.538587746123266653e-01 -1.230043679331094264e-01 3.951071800204317697e-01 8.475914679193213841e-02 -2.780135783510262470e-01 -1.598931735809738797e-01 1.045867846910919496e-01 1.292508471074790499e+00 -2.128163917869037025e+00 9.321887307011822443e-01 1.145644246656277510e+00 -1.596254454216365914e-01 -3.934863530700214440e-01 2.054883716696631168e+00 2.441953195641838548e+00 -2.894554061687654833e+00
1.308546385841750370e-01 -1.894529890834428243e-01 1.846134072481118993e-01 1.520584065994371459e-01 -1.931243178251449422e-01 5.020470285563316537e-01 9.324383752674979264e-02 8.780290798403616037e-01 -6.675144731573601220e-01 1.702562896261206049e+00 9.268304409697458723e-01 -7.495231287903925121e-01 4.020108719863504376e-01 2.467314371399097261e+00 1.767194224678885206e-01 2.792292836187639793e-01 2.175134508653848719e+00 2.763659776817944724e+00 -4.395261051556706100e+00
1.308546385841750370e-01 -1.894529890834428243e-01 1.846134072481118993e-01 1.520584065994371459e-01 -1.931243178251449422e-01 5.020470285563316537e-01 9.324383752674979264e-02 8.780290798403616037e-01 -6.675144731573601220e-01 1.702562896261206049e+00 9.268304409697458723e-01 -7.495231287903925121e-01 4.020108719863504376e-01 2.467314371399097261e+00 1.767194224678885206e-01 2.792292836187639793e-01 2.175134508653848719e+00 2.763659776817944724e+00 -4.395261051556706100e+00
1.150835069241457898e-01 -1.521876388398428204e-01 1.762004276807897785e-01 1.763651891905000380e-01 -1.789625755457403544e-01 5.256821355510119531e-01 9.026677322589415908e-02 8.858394041536605812e-01 -2.039582344984847140e-02 1.049968044395259703e+00 2.067058739643679033e+00 -1.552991255635143286e+00 9.564130035049345224e-01 2.704832988430098339e+00 1.770658470953145880e-01 9.844144123780651512e-02 2.832087587616570978e+00 2.167771222719061086e+00 -4.835412491263459067e+00
1.150835069241457898e-01 -1.521876388398428204e-01 1.762004276807897785e-01 1.763651891905000380e-01 -1.789625755457403544e-01 5.256821355510119531e-01 9.026677322589415908e-02 8.858394041536605812e-01 -2.039582344984847140e-02 1.049968044395259703e+00 2.067058739643679033e+00 -1.552991255635143286e+00 9.564130035049345224e-01 2.704832988430098339e+00 1.770658470953145880e-01 9.844144123780651512e-02 2.832087587616570978e+00 2.167771222719061086e+00 -4.835412491263459067e+00
1.151360236990542074e-01 -1.667108514339121772e-01 1.776265529266646548e-01 1.658185323848254678e-01 -3.042514071827351341e-02 5.244306862444538808e-01 8.354865070584061026e-02 3.166837650645994984e-01 -9.939174620453750109e-01 5.664312772277941832e-01 8.642109850463679521e-01 -1.829025584858841924e+00 2.667896859666534226e-01 1.445229586229260121e+00 -4.100643259888157033e-01 -1.565825425827886974e-01 2.460546659528930036e+00 1.561666146110960440e+00 -2.817310547281106192e+00
1.193565665725642710e-01 -1.794460611175457410e-01 1.764621537263090789e-01 1.709991631913638788e-01 -5.040506334378724862e-02 4.865590658889402675e-01 8.554246421705428982e-02 1.493031820903793161e+00 -1.161345135607766643e+00 1.392595647962404648e+00 1.091833333177390841e+00 -1.019588175207766234e+00 5.999647827558041158e-01 1.720792160419820860e+00 6.709443634221292641e-01 -3.327761071155368455e-01 2.334077003115066162e+00 3.097470892458956016e+00 -4.032897592646165208e+00
1.230180626708061165e-01 -1.909287303513820255e-01 1.801139829036655926e-01 1.627093704803527219e-01 -1.594091020447994111e-01 4.408255626184081066e-01 8.429576083966865141e-02 3.637737735406068040e-01 -1.073767910550446736e+00 5.765743187244858348e-01 4.694564969683998612e-01 -1.513685161623228748e+00 1.101460031179772869e-01 1.315825684149782404e+00 1.498257308700869928e-01 -1.474165083593867109e+00 2.648816827748497360e+00 1.924238945683718782e+00 -2.554743802939313913e+00
1.184408596427682370e-01 -1.839933413398276985e-01 1.786944564998895202e-01 1.493906660884634086e-01 -9.326353758921723802e-02 4.832085446342473389e-01 9.082246276168315369e-02 -3.442137972504077936e-02 -3.405104413359119064e-01 4.505476769696201700e-01 1.280986143769280439e+00 -2.002394979632415417e+00 5.267491515991391537e-01 2.036038525499503926e+00 -4.298301383277305376e-01 -3.303106544603542361e-01 1.458963355463913203e+00 3.111444192575733680e+00 -3.170453634113273633e+00
1.184408596427682370e-01 -1.839933413398276985e-01 1.786944564998895202e-01 1.493906660884634086e-01 -9.326353758921723802e-02 4.832085446342473389e-01 9.082246276168315369e-02 -3.442137972504077936e-02 -3.405104413359119064e-01 4.505476769696201700e-01 1.280986143769280439e+00 -2.002394979632415417e+00 5.267491515991391537e-01 2.036038525499503926e+00 -4.298301383277305376e-01 -3.303106544603542361e-01 1.458963355463913203e+00 3.111444192575733680e+00 -3.170453634113273633e+00
1.198604192749010977e-01 -1.750470569709612345e-01 1.738337348674446614e-01 1.627506869709843818e-01 -7.993720878098065086e-02 4.895837650019427834e-01 8.486676663240760865e-02 -9.444164587546701739e-01 -3.378481975553544459e-01 4.729460622426540084e-01 3.473353114482620185e-01 -1.270387504195578998e+00 -1.370701509284311115e-01 1.808927058047390624e+00 -7.581031976762133695e-01 2.111913526772628558e-01 7.454750230263220701e-01 3.419431259013110846e+00 -2.595755665733050499e+00
1.182660183923144592e-01 -1.791070988565053312e-01 1.768048328439574268e-01 1.613749878716752573e-01 -1.769746873992547043e-01 5.173379755562250715e-01 7.935428949411998945e-02 -5.768158707993089607e-01 -3.201522267095544549e-01 -7.060341234890179507e-01 1.282400654017576080e+00 -2.418357119370911246e+00 -9.833259938750860130e-02 1.443213121195928039e+00 -7.987763122044402309e-01 -2.867349554825446845e-01 1.903212286966341260e+00 1.131964057514126765e+00 -2.096440601262300696e+00
1.157963484618934613e-01 -1.813217691251435282e-01 1.764070122416674657e-01 1.571488848278267403e-01 -1.507483523018731120e-01 5.072472917266357406e-01 8.782883558153249670e-02 -4.936204855106396394e-02 -1.201097061436240399e+00 5.101762605432398345e-01 4.089174037271448015e-01 -2.070886466693963701e+00 3.407197592143287324e-01 8.164471463378202287e-01 -8.210807380268736466e-02 -8.905493828069248607e-01 1.698945860467576452e+00 1.389212379752041926e+00 -2.177245888435727750e+00
1.157963484618934613e-01 -1.813217691251435282e-01 1.764070122416674657e-01 1.571488848278267403e-01 -1.507483523018731120e-01 5.072472917266357406e-01 8.782883558153249670e-02 -4.936204855106396394e-02 -1.201097061436240399e+00 5.101762605432398345e-01 4.089174037271448015e-01 -2.070886466693963701e+00 3.407197592143287324e-01 8.164471463378202287e-01 -8.210807380268736466e-02 -8.905493828069248607e-01 1.698945860467576452e+00 1.389212379752041926e+00 -2.177245888435727750e+00
1.237010313333536948e-01 -1.732452439409611356e-01 1.798152145360305820e-01 1.679985010069601215e-01 -1.443619986517379328e-01 5.034667987719041449e-01 8.349808249756617007e-02 -2.217429630413478847e-01 -1.512688103829153974e+00 9.333093058447916590e-01 1.460079017676054747e-01 -1.997540363337274805e+00 2.035514676604597284e-01 1.158678218149318262e+00 -3.581977191176290987e-01 -1.009641415327884317e+00 2.467268220657471645e+00 5.451740806055624944e-01 -2.076806974856863608e+00
1.237010313333536948e-01 -1.732452439409611356e-01 1.798152145360305820e-01 1.679985010069601215e-01 -1.443619986517379328e-01 5.034667987719041449e-01 8.349808249756617007e-02 -2.217429630413478847e-01 -1.512688103829153974e+00 9.333093058447916590e-01 1.460079017676054747e-01 -1.997540363337274805e+00 2.035514676604597284e-01 1.158678218149318262e+00 -3.581977191176290987e-01 -1.009641415327884317e+00 2.467268220657471645e+00 5.451740806055624944e-01 -2.076806974856863608e+00
1.132801919700400506e-01 -1.809214463588300070e-01 1.757551352062299843e-01 1.686450691517836775e-01 -8.469203574812267377e-02 4.510679469571483580e-01 8.986960150263034741e-02 5.513891726629882584e-01 -1.875192118694825716e+00 1.245003425973010280e+00 1.422838848996219596e-01 -1.390666488935900169e+00 -3.357970453963146085e-01 1.492356172289653671e+00 -1.854328321028484439e-01 -7.084816952937913470e-01 9.361524008073098813e-01 2.973152985186259478e+00 -2.410390315564837849e+00
1.132801919700400506e-01 -1.809214463588300070e-01 1.757551352062299843e-01 1.686450691517836775e-01 -8.469203574812267377e-02 4.510679469571483580e-01 8.986960150263034741e-02 5.513891726629882584e-01 -1.875192118694825716e+00 1.245003425973010280e+00 1.422838848996219596e-01 -1.390666488935900169e+00 -3.357970453963146085e-01 1.492356172289653671e+00 -1.854328321028484439e-01 -7.084816952937913470e-01 9.361524008073098813e-01 2.973152985186259478e+00 -2.410390315564837849e+00
1.197640674584619369e-01 -1.755027604767619431e-01 1.733999306277794750e-01 1.706034773267242066e-01 -1.148969287504311154e-01 6.046378775302070352e-01 8.020185440436093660e-02 7.151552213236751498e-01 -1.010269813252505422e+00 1.025930186173775738e+00 8.330319383957522916e-01 -1.448687342217866103e+00 7.659068788964962238e-01 1.520724449650083798e+00 -1.856489447402696058e-01 -1.750698339288083716e-01 2.805743855203965964e+00 1.318527094131041189e+00 -3.358582762088508034e+00
1.197640674584619369e-01 -1.755027604767619431e-01 1.733999306277794750e-01 1.706034773267242066e-01 -1.148969287504311154e-01 6.046378775302070352e-01 8.020185440436093660e-02 7.151552213236751498e-01 -1.010269813252505422e+00 1.025930186173775738e+00 8.330319383957522916e-01 -1.448687342217866103e+00 7.659068788964962238e-01 1.520724449650083798e+00 -1.856489447402696058e-01 -1.750698339288083716e-01 2.805743855203965964e+00 1.318527094131041189e+00 -3.358582762088508034e+00
1.214320755612359193e-01 -1.794430124364526646e-01 1.788509145495640607e-01 1.497689835821871540e-01 -1.590445355017801043e-01 5.724866788014142394e-01 8.835233531619848812e-02 -4.453847553360770206e-01 -6.411316843176511071e-01 2.179120503412796950e-01 5.230407993512944387e-01 -1.513929444087810161e+00 -4.181340953396741611e-01 1.691783178688952560e+00 -4.686351064067997285e-01 -8.129948277142204915e-01 1.887830871232992536e+00 9.221785664493982182e-01 -2.280864762708365134e+00
1.214320755612359193e-01 -1.794430124364526646e-01 1.788509145495640607e-01 1.497689835821871540e-01 -1.590445355017801043e-01 5.724866788014142394e-01 8.835233531619848812e-02 -4.453847553360770206e-01 -6.411316843176511071e-01 2.179120503412796950e-01 5.230407993512944387e-01 -1.513929444087810161e+00 -4.181340953396741611e-01 1.691783178688952560e+00 -4.686351064067997285e-01 -8.129948277142204915e-01 1.887830871232992536e+00 9.221785664493982182e-01 -2.280864762708365134e+00
1.199081929500433741e-01 -1.959988788658842962e-01 1.767143068928082039e-01 1.470037828335956087e-01 -1.165660641175990664e-01 4.309432224155940183e-01 9.023809874427562994e-02 3.412583851645543120e-01 -8.297616164693337737e-01 9.944488958816846136e-01 6.915627183573960224e-01 -1.106775595938671142e+00 1.556177488775576379e-01 1.937014807034076469e+00 -4.052880418372346583e-01 -3.129630740926625521e-02 1.403558361352184924e+00 2.669499283069653117e+00 -3.287970088040399030e+00
1.154332502728328547e-01 -1.660172671912519271e-01 1.802238189709637894e-01 1.563474747000117571e-01 -1.794464845894824245e-01 4.720665105709596077e-01 7.979115833533588498e-02 -9.167733611511650338e-01 -1.575445191152624602e-02 -4.025015528016107069e-01 1.041889961679416388e+00 -1.729906790696541741e+00 -2.208292062020449364e-01 1.640908927550940533e+00 -5.609509764010454091e-01 -3.992232857287163483e-01 1.946665851047145068e+00 1.137479714525167829e+00 -2.416352569174399889e+00
1.154332502728328547e-01 -1.660172671912519271e-01 1.802238189709637894e-01 1.563474747000117571e-01 -1.794464845894824245e-01 4.720665105709596077e-01 7.979115833533588498e-02 -9.167733611511650338e-01 -1.575445191152624602e-02 -4.025015528016107069e-01 1.041889961679416388e+00 -1.729906790696541741e+00 -2.208292062020449364e-01 1.640908927550940533e+00 -5.609509764010454091e-01 -3.992232857287163483e-01 1.946665851047145068e+00 1.137479714525167829e+00 -2.416352569174399889e+00
1.149599818705047960e-01 -1.522973937240754694e-01 1.775785206868055188e-01 1.503655247319793942e-01 -1.147561821467328880e-01 5.119961282180147677e-01 8.695866192321087540e-02 1.475828575848359137e-01 2.800325246540724677e-01 7.075026849264141049e-01 1.724340211768888409e+00 -1.303275570569483399e+00 8.974156876042140851e-01 1.888900532404949040e+00 7.989874431773502650e-01 -6.041421962635231679e-01 2.850155517585768905e+00 2.790957970710130631e+00 -4.354958626338003569e+00
1.149599818705047960e-01 -1.522973937240754694e-01 1.775785206868055188e-01 1.503655247319793942e-01 -1.147561821467328880e-01 5.119961282180147677e-01 8.695866192321087540e-02 1.475828575848359137e-01 2.800325246540724677e-01 7.075026849264141049e-01 1.724340211768888409e+00 -1.303275570569483399e+00 8.974156876042140851e-01 1.888900532404949040e+00 7.989874431773502650e-01 -6.041421962635231679e-01 2.850155517585768905e+00 2.790957970710130631e+00 -4.354958626338003569e+00
1.217133685099019702e-01 -1.693052939112233424e-01 1.766467835491826732e-01 1.717552941641992126e-01 -1.148510279424735936e-01 5.877266044314657378e-01 8.882390923445655784e-02 4.310481282556732907e-01 -5.143079273733919266e-01 1.047598223794069305e+00 1.069848632494590390e+00 -1.059333421578747547e+00 1.328164120235753032e-01 2.380262798803763680e+00 1.208111638731699244e-01 -2.562041240891410609e-01 2.054818253909451720e+00 1.742848145787451841e+00 -3.883262184836440145e+00
1.217133685099019702e-01 -1.693052939112233424e-01 1.766467835491826732e-01 1.717552941641992126e-01 -1.148510279424735936e-01 5.877266044314657378e-01 8.882390923445655784e-02 4.310481282556732907e-01 -5.143079273733919266e-01 1.047598223794069305e+00 1.069848632494590390e+00 -1.059333421578747547e+00 1.328164120235753032e-01 2.380262798803763680e+00 1.208111638731699244e-01 -2.562041240891410609e-01 2.054818253909451720e+00 1.742848145787451841e+00 -3.883262184836440145e+00
1.193480362848644005e-01 -1.768683185702369931e-01 1.762516926102926929e-01 1.626528895403449582e-01 -1.097240500095537641e-01 4.234473281125397115e-01 9.079463815816297967e-02 -1.114811324493025779e-02 -2.649060012088817473e-01 4.607875341062461771e-01 1.559893240980443352e+00 -1.760901752276859522e+00 4.230961240523427591e-01 1.717802666848649018e+00 2.115436485191946048e-01 -5.218032388874629390e-01 1.688620830890896762e+00 3.175207043994454637e+00 -3.452510901876329363e+00
1.193480362848644005e-01 -1.768683185702369931e-01 1.762516926102926929e-01 1.626528895403449582e-01 -1.097240500095537641e-01 4.234473281125397115e-01 9.079463815816297967e-02 -1.114811324493025779e-02 -2.649060012088817473e-01 4.607875341062461771e-01 1.559893240980443352e+00 -1.760901752276859522e+00 4.230961240523427591e-01 1.717802666848649018e+00 2.115436485191946048e-01 -5.218032388874629390e-01 1.688620830890896762e+00 3.175207043994454637e+00 -3.452510901876329363e+00
1.085973665426549495e-01 -1.631173808388617918e-01 1.763238183666729908e-01 1.607911320059196569e-01 -1.638519396369922942e-01 5.123476495602776737e-01 8.639038020022030140e-02 -1.337790890942143207e+00 1.501129065561013221e-02 -2.129282443622999565e-01 9.568842183569792326e-01 -1.928732582281003971e+00 -3.066564398469431296e-01 2.062342084867307967e+00 -9.904352898034591846e-01 -5.988141293312230218e-01 1.844752455728430718e+00 2.058313235965565369e+00 -2.348477470744564588e+00
1.085973665426549495e-01 -1.631173808388617918e-01 1.763238183666729908e-01 1.607911320059196569e-01 -1.638519396369922942e-01 5.123476495602776737e-01 8.639038020022030140e-02 -1.337790890942143207e+00 1.501129065561013221e-02 -2.129282443622999565e-01 9.568842183569792326e-01 -1.928732582281003971e+00 -3.066564398469431296e-01 2.062342084867307967e+00 -9.904352898034591846e-01 -5.988141293312230218e-01 1.844752455728430718e+00 2.058313235965565369e+00 -2.348477470744564588e+00
1.275404339787875319e-01 -1.884235542130560659e-01 1.778065741588314985e-01 1.692040388231726977e-01 -1.475017803149230033e-01 5.561770044772198496e-01 8.471737425541271682e-02 1.154551287088299460e+00 -8.626075885426613965e-01 1.226985592598708763e+00 1.071031603443199920e+00 -1.224608836022222036e+00 5.083517662050827113e-01 2.442662381958077944e+00 -4.614450298801244799e-01 4.341085712113024186e-01 3.215402059744027596e+00 1.103964818270539716e+00 -3.915213906408260058e+00
1.178480717514693299e-01 -1.718771233676615329e-01 1.729030190361971753e-01 1.730498139298179971e-01 -3.661808828372914437e-02 6.386324780903942511e-01 8.371785070296394737e-02 -7.423011442608293819e-01 -6.930922895734621392e-01 6.187531928219325295e-02 5.859699766160026968e-01 -1.987153267031844361e+00 -5.504003828722847658e-02 1.322170811219677056e+00 -1.531348355847477194e-01 -1.265641827245549411e+00 1.764376418374553168e+00 2.533477043732522915e+00 -2.168905761522348818e+00
1.178480717514693299e-01 -1.718771233676615329e-01 1.729030190361971753e-01 1.730498139298179971e-01 -3.661808828372914437e-02 6.386324780903942511e-01 8.371785070296394737e-02 -7.423011442608293819e-01 -6.930922895734621392e-01 6.187531928219325295e-02 5.859699766160026968e-01 -1.987153267031844361e+00 -5.504003828722847658e-02 1.322170811219677056e+00 -1.531348355847477194e-01 -1.265641827245549411e+00 1.764376418374553168e+00 2.533477043732522915e+00 -2.168905761522348818e+00
1.226606912043525510e-01 -1.835242219513454343e-01 1.782202319714723260e-01 1.646615412651715182e-01 -2.003155015993016708e-01 5.675627018914490840e-01 8.196701817037178872e-02 9.032399141927882624e-02 3.271220232234020031e-01 8.827578025250257809e-01 1.543197212059310708e+00 -1.240036080037932642e+00 8.240916533567110847e-01 2.203297324458251438e+00 3.261819293236980499e-01 3.424363288430516405e-01 3.019041204146963864e+00 1.987034142667365444e+00 -4.321705154609627897e+00
1.226606912043525510e-01 -1.835242219513454343e-01 1.782202319714723260e-01 1.646615412651715182e-01 -2.003155015993016708e-01 5.675627018914490840e-01 8.196701817037178872e-02 9.032399141927882624e-02 3.271220232234020031e-01 8.827578025250257809e-01 1.543197212059310708e+00 -1.240036080037932642e+00 8.240916533567110847e-01 2.203297324458251438e+00 3.261819293236980499e-01 3.424363288430516405e-01 3.019041204146963864e+00 1.987034142667365444e+00 -4.321705154609627897e+00
1.140793423922520089e-01 -1.564190756524822534e-01 1.748285118862271947e-01 1.634956551531558944e-01 -1.243985007719065061e-01 5.570984053955805315e-01 8.703140439910621307e-02 8.489780386487399966e-01 2.393252469339657296e-02 1.292981220653103946e+00 1.582536633624172850e+00 -4.929136559391542605e-01 1.065619104414192719e-01 3.431810292963737297e+00 -5.688669510484345437e-01 1.388298922803978819e+00 2.153066501048632730e+00 2.945031681542706892e+00 -4.976410972848595904e+00
1.140793423922520089e-01 -1.564190756524822534e-01 1.748285118862271947e-01 1.634956551531558944e-01 -1.243985007719065061e-01 5.570984053955805315e-01 8.703140439910621307e-02 8.489780386487399966e-01 2.393252469339657296e-02 1.292981220653103946e+00 1.582536633624172850e+00 -4.929136559391542605e-01 1.065619104414192719e-01 3.431810292963737297e+00 -5.688669510484345437e-01 1.388298922803978819e+00 2.153066501048632730e+00 2.945031681542706892e+00 -4.976410972848595904e+00
1.144760264881461709e-01 -1.850055951458537962e-01 1.743436847558196001e-01 1.795239995221279417e-01 -6.884982995447264109e-02 5.614292120123995922e-01 8.929968507467625494e-02 4.985664455239779969e-01 -8.464245428176253583e-01 1.329160324351395417e+00 1.191366651706662338e+00 -1.659883708904674737e+00 6.988523221818541131e-01 1.994475084437135060e+00 4.039231517298258467e-02 -3.063355737791795264e-02 1.206807431681840015e+00 4.308625155335846557e+00 -3.865804359656368483e+00
1.144760264881461709e-01 -1.850055951458537962e-01 1.743436847558196001e-01 1.795239995221279417e-01 -6.884982995447264109e-02 5.614292120123995922e-01 8.929968507467625494e-02 4.985664455239779969e-01 -8.464245428176253583e-01 1.329160324351395417e+00 1.191366651706662338e+00 -1.659883708904674737e+00 6.988523221818541131e-01 1.994475084437135060e+00 4.039231517298258467e-02 -3.063355737791795264e-02 1.206807431681840015e+00 4.308625155335846557e+00 -3.865804359656368483e+00
1.135951673924295302e-01 -1.702634879196065487e-01 1.750250811996755251e-01 1.758078144074077809e-01 -1.172398115435642207e-01 5.496680188940623601e-01 8.450582111775754857e-02 1.186176120896798025e-01 4.763425436877462005e-01 8.985353100830177908e-01 1.219682262622818314e+00 -1.883849327184714539e-01 -2.844432333945476898e-01 3.237968471142561810e+00 -4.436300770756629319e-01 1.965994813316553902e-01 2.978748620185140084e+00 2.435776012879133923e+00 -4.534862886423581152e+00
1.135951673924295302e-01 -1.702634879196065487e-01 1.750250811996755251e-01 1.758078144074077809e-01 -1.172398115435642207e-01 5.496680188940623601e-01 8.450582111775754857e-02 1.186176120896798025e-01 4.763425436877462005e-01 8.985353100830177908e-01 1.219682262622818314e+00 -1.883849327184714539e-01 -2.844432333945476898e-01 3.237968471142561810e+00 -4.436300770756629319e-01 1.965994813316553902e-01 2.978748620185140084e+00 2.435776012879133923e+00 -4.534862886423581152e+00
1.092702542390902032e-01 -1.625537854575238028e-01 1.757323487333097012e-01 1.661448965932539323e-01 -6.801965916461538697e-02 5.285038786318754234e-01 8.543270693442228669e-02 1.549016454035712087e-01 -1.198531388749382920e+00 7.841174934916539385e-01 7.201131155239064441e-01 -2.058335927543390120e+00 7.056239249641169664e-01 7.898418148571124675e-01 6.005106364752670345e-01 -1.734448283247520539e+00 2.431242193965740483e+00 2.569456252243242922e+00 -2.691254362619093232e+00
1.220410280126743574e-01 -1.786019890057832238e-01 1.811830338815476615e-01 1.506461121663839053e-01 -1.100926562631121541e-01 5.331513743230020808e-01 8.474062217506939110e-02 1.239260763972383828e+00 -1.739854340870081728e-01 1.536456908149952838e+00 1.323376319439299564e+00 -7.028997892773416467e-01 1.053964072210110459e+00 2.171939938470379694e+00 1.058052517383486268e+00 -4.135599632218953658e-01 4.075703989048513165e+00 1.565272216234499858e+00 -4.889025716558825785e+00
1.266240739163241591e-01 -2.017457551359408408e-01 1.779343302792255610e-01 1.486736016970998664e-01 -1.685351492306904619e-01 6.058201472129485232e-01 8.337110558024274365e-02 8.796278169804772062e-03 -4.664573523679260703e-01 4.047865686506222360e-01 1.017117346873115835e+00 -1.383042727334273359e+00 1.571314141719408752e-01 1.910857609228067133e+00 -5.235002520016944771e-01 -3.623089547787436970e-01 2.285014945646382856e+00 2.138028221426543141e+00 -3.088538410948705515e+00
1.266240739163241591e-01 -2.017457551359408408e-01 1.779343302792255610e-01 1.486736016970998664e-01 -1.685351492306904619e-01 6.058201472129485232e-01 8.337110558024274365e-02 8.796278169804772062e-03 -4.664573523679260703e-01 4.047865686506222360e-01 1.017117346873115835e+00 -1.383042727334273359e+00 1.571314141719408752e-01 1.910857609228067133e+00 -5.235002520016944771e-01 -3.623089547787436970e-01 2.285014945646382856e+00 2.138028221426543141e+00 -3.088538410948705515e+00
1.204234608658943106e-01 -1.803770208325315427e-01 1.795618376704179453e-01 1.639379863088030742e-01 -1.717070119361751024e-01 5.455933569021276242e-01 8.286144586806920564e-02 -9.436885300933886001e-01 -3.277298938232364733e-01 -1.308852992948956739e-01 9.156449094709646630e-01 -2.158672164153780937e+00 2.834157654116093994e-01 7.928445640841363939e-01 1.658724223849805668e-01 -1.428676001943983032e+00 3.111735383855494419e+00 7.240668334849331700e-02 -2.225447840674048550e+00
1.204234608658943106e-01 -1.803770208325315427e-01 1.795618376704179453e-01 1.639379863088030742e-01 -1.717070119361751024e-01 5.455933569021276242e-01 8.286144586806920564e-02 -9.436885300933886001e-01 -3.277298938232364733e-01 -1.308852992948956739e-01 9.156449094709646630e-01 -2.158672164153780937e+00 2.834157654116093994e-01 7.928445640841363939e-01 1.658724223849805668e-01 -1.428676001943983032e+00 3.111735383855494419e+00 7.240668334849331700e-02 -2.225447840674048550e+00
1.279952204712696551e-01 -2.003911831778350527e-01 1.796065600218571534e-01 1.630777166258596811e-01 -1.336019514377063677e-01 4.904028623203497972e-01 8.865953840788692863e-02 -5.009434753047754540e-01 -1.113076677791207558e+00 9.017079596527599605e-01 5.600683232296255198e-02 -1.176418327974118494e+00 -5.075908228953851520e-01 1.648918663128920770e+00 -8.746064318935786730e-02 -1.352157557691607170e+00 1.272084468036105420e+00 2.913890031651089174e+00 -2.275962704707542805e+00
1.279952204712696551e-01 -2.003911831778350527e-01 1.796065600218571534e-01 1.630777166258596811e-01 -1.336019514377063677e-01 4.904028623203497972e-01 8.865953840788692863e-02 -5.009434753047754540e-01 -1.113076677791207558e+00 9.017079596527599605e-01 5.600683232296255198e-02 -1.176418327974118494e+00 -5.075908228953851520e-01 1.648918663128920770e+00 -8.746064318935786730e-02 -1.352157557691607170e+00 1.272084468036105420e+00 2.913890031651089174e+00 -2.275962704707542805e+00
1.141289010332265652e-01 -1.623506409104766846e-01 1.769646713238348101e-01 1.752492905553982849e-01 -8.690815581615651819e-02 6.078296637552038639e-01 8.158379817917567334e-02 -6.326224066587737838e-01 -4.655159812683216103e-01 -1.290041702913233834e-01 8.741827478364783133e-01 -1.746299602523243344e+00 -5.701658949208425753e-01 1.842012441852242333e+00 -4.795245475592357920e-01 -1.117805290441173494e+00 2.144516488419641931e+00 1.530188679352553649e+00 -2.336750078960335042e+00
1.164562995236458898e-01 -1.848567101472073371e-01 1.763699515091651515e-01 1.492343945013773210e-01 -1.390199483659860791e-01 5.643594227531050223e-01 8.413355084711469922e-02 5.833959310540866028e-01 -6.751504652550073260e-01 9.415903537841270321e-01 1.132299552287571842e+00 -1.352957199433190816e+00 4.080760082422782986e-01 2.320788379800187151e+00 -8.842137160500822546e-01 7.352559400116671640e-01 1.431157324063691227e+00 3.036052597353576132e+00 -3.601347508366844252e+00
1.261469216875746591e-01 -1.964645670526059540e-01 1.810240216209738351e-01 1.589838607173074125e-01 -2.273879315576062821e-01 4.636668387704059313e-01 8.727341703796162586e-02 -2.442147131788221515e-01 -8.691949898644377726e-01 3.871982602408472474e-01 8.038394669541926163e-01 -1.549526473463380682e+00 -6.485470431028517169e-01 2.162837206790392486e+00 -5.423783853353043583e-01 -8.349776892564984010e-01 2.246856001754354182e+00 1.519712940550612679e+00 -2.460265480141525352e+00
1.119017335537646207e-01 -1.718872030430959041e-01 1.756233699336540166e-01 1.715305256984236415e-01 -2.444148332849434002e-01 4.504794657518518264e-01 8.710416488212843755e-02 1.584732146334033587e-03 -1.310266117151963616e+00 1.116928291241042537e+00 7.239921963992124176e-02 -1.406765020254394649e+00 -1.414680214782846335e-01 1.605127363149150277e+00 -2.081871470812348690e-01 -1.190748751476821354e+00 2.449621909865018488e+00 1.554299927689180016e+00 -2.574276199009535304e+00
1.119017335537646207e-01 -1.718872030430959041e-01 1.756233699336540166e-01 1.715305256984236415e-01 -2.444148332849434002e-01 4.504794657518518264e-01 8.710416488212843755e-02 1.584732146334033587e-03 -1.310266117151963616e+00 1.116928291241042537e+00 7.239921963992124176e-02 -1.406765020254394649e+00 -1.414680214782846335e-01 1.605127363149150277e+00 -2.081871470812348690e-01 -1.190748751476821354e+00 2.449621909865018488e+00 1.554299927689180016e+00 -2.574276199009535304e+00
1.226657681458724336e-01 -1.927380710892859783e-01 1.815083403759630565e-01 1.576967440261226594e-01 -6.674493758457833437e-02 5.765082307369961967e-01 9.115596137045436920e-02 -2.071090300118596517e-01 7.003427817693363977e-04 5.320830129430742517e-01 1.689867944987590853e+00 -2.106222495337635614e+00 1.113380523678215717e+00 1.568715536572819147e+00 1.621544603372093718e-01 -3.323092215428680163e-02 1.671546907943443294e+00 2.709920907461769168e+00 -3.649204238129867051e+00
1.226657681458724336e-01 -1.927380710892859783e-01 1.815083403759630565e-01 1.576967440261226594e-01 -6.674493758457833437e-02 5.765082307369961967e-01 9.115596137045436920e-02 -2.071090300118596517e-01 7.003427817693363977e-04 5.320830129430742517e-01 1.689867944987590853e+00 -2.106222495337635614e+00 1.113380523678215717e+00 1.568715536572819147e+00 1.621544603372093718e-01 -3.323092215428680163e-02 1.671546907943443294e+00 2.709920907461769168e+00 -3.649204238129867051e+00
1.253891997539141323e-01 -1.885896271807261382e-01 1.824002514113200468e-01 1.587168934613983895e-01 -1.219568843706847483e-01 6.435206076276838161e-01 8.604321956664028048e-02 1.154623637318712426e+00 -3.988068396474275801e-01 1.383662819578413306e+00 1.258767553082369872e+00 -9.427168274589785568e-01 7.540141947034779690e-01 2.387088289230612226e+00 -1.783347505989940629e-02 4.992376709731267681e-01 3.095969449546007723e+00 1.831219338611584924e+00 -4.484447592674846383e+00
1.253891997539141323e-01 -1.885896271807261382e-01 1.824002514113200468e-01 1.587168934613983895e-01 -1.219568843706847483e-01 6.435206076276838161e-01 8.604321956664028048e-02 1.154623637318712426e+00 -3.988068396474275801e-01 1.383662819578413306e+00 1.258767553082369872e+00 -9.427168274589785568e-01 7.540141947034779690e-01 2.387088289230612226e+00 -1.783347505989940629e-02 4.992376709731267681e-01 3.095969449546007723e+00 1.831219338611584924e+00 -4.484447592674846383e+00
1.248736108941878309e-01 -1.837665788576866577e-01 1.856227441920642318e-01 1.351586245808862330e-01 -9.162506478041199109e-02 5.091662233318414721e-01 9.017970029478269978e-02 3.969245787648354451e-01 -5.349523443154513558e-01 1.557189608720412899e+00 9.300199252916128145e-01 -8.418897552784487814e-01 1.528106005326135275e-01 2.684302172818822108e+00 -1.102153755550787650e-01 1.626551847656010352e-02 2.463104279232977589e+00 2.819620409832383601e+00 -4.190439560642014172e+00
1.248736108941878309e-01 -1.837665788576866577e-01 1.856227441920642318e-01 1.351586245808862330e-01 -9.162506478041199109e-02 5.091662233318414721e-01 9.017970029478269978e-02 3.969245787648354451e-01 -5.349523443154513558e-01 1.557189608720412899e+00 9.300199252916128145e-01 -8.418897552784487814e-01 1.528106005326135275e-01 2.684302172818822108e+00 -1.102153755550787650e-01 1.626551847656010352e-02 2.463104279232977589e+00 2.819620409832383601e+00 -4.190439560642014172e+00
1.172920104826669363e-01 -1.854597630414231979e-01 1.788781910674686892e-01 1.533062717967274002e-01 -1.920937512565484839e-01 5.877970827839371637e-01 9.170538972704170289e-02 -1.076555227032997664e+00 2.001873676827603532e-01 1.822177915359981526e-01 1.229712652977638321e+00 -2.062554415408687447e+00 4.309809515925575596e-01 1.672319527489730007e+00 -5.055171717698314637e-02 -1.013541424838400040e+00 1.961869753753349599e+00 2.599410724199112011e+00 -3.023175099508083719e+00
1.172920104826669363e-01 -1.854597630414231979e-01 1.788781910674686892e-01 1.533062717967274002e-01 -1.920937512565484839e-01 5.877970827839371637e-01 9.170538972704170289e-02 -1.076555227032997664e+00 2.001873676827603532e-01 1.822177915359981526e-01 1.229712652977638321e+00 -2.062554415408687447e+00 4.309809515925575596e-01 1.672319527489730007e+00 -5.055171717698314637e-02 -1.013541424838400040e+00 1.961869753753349599e+00 2.599410724199112011e+00 -3.023175099508083719e+00
1.316145462115726750e-01 -2.055149664288370981e-01 1.854352881677190368e-01 1.582494274603131190e-01 -1.223567430869942907e-01 5.128898154528589437e-01 8.760899436372773796e-02 4.012649804651333696e-01 2.465334668829228804e-01 8.167383284969398360e-01 1.648221999121533443e+00 -9.212216386571263627e-01 6.205749351090332766e-01 2.492287321980642290e+00 -3.889729679179509958e-02 3.811972047132625718e-01 2.515922202572150823e+00 2.510089130970650118e+00 -4.405460438580175442e+00
1.316145462115726750e-01 -2.055149664288370981e-01 1.854352881677190368e-01 1.582494274603131190e-01 -1.223567430869942907e-01 5.128898154528589437e-01 8.760899436372773796e-02 4.012649804651333696e-01 2.465334668829228804e-01 8.167383284969398360e-01 1.648221999121533443e+00 -9.212216386571263627e-01 6.205749351090332766e-01 2.492287321980642290e+00 -3.889729679179509958e-02 3.811972047132625718e-01 2.515922202572150823e+00 2.510089130970650118e+00 -4.405460438580175442e+00
1.239921414522807686e-01 -1.893485295043711436e-01 1.807225077781897393e-01 1.607883027505614404e-01 -2.006996519884289842e-01 4.022594122355651614e-01 8.530278447463517100e-02 -5.749304836698234666e-01 3.703461195201684930e-01 6.492566870104923282e-01 1.351751826278244195e+00 -1.266487501566116336e+00 6.092402452157310577e-01 2.055585160362845443e+00 -5.967531439814077743e-02 1.481283580160708269e-01 2.506784052615918412e+00 1.966119472835014648e+00 -3.871948939320797756e+00
1.239921414522807686e-01 -1.893485295043711436e-01 1.807225077781897393e-01 1.607883027505614404e-01 -2.006996519884289842e-01 4.022594122355651614e-01 8.530278447463517100e-02 -5.749304836698234666e-01 3.703461195201684930e-01 6.492566870104923282e-01 1.351751826278244195e+00 -1.266487501566116336e+00 6.092402452157310577e-01 2.055585160362845443e+00 -5.967531439814077743e-02 1.481283580160708269e-01 2.506784052615918412e+00 1.966119472835014648e+00 -3.871948939320797756e+00
1.158751659694376990e-01 -1.694719604167761462e-01 1.733889405091680602e-01 1.774988863654826110e-01 -7.377511845021000880e-02 4.475918826486284807e-01 8.557342359058475734e-02 4.794257465435158849e-02 -9.021098597595162971e-01 8.121893075413595398e-01 4.012729555855196750e-01 -1.382207717488603826e+00 8.435826226351750279e-04 1.633570158034244102e+00 -4.508547811426932839e-01 -6.916215548283268788e-01 2.767408375008203691e+00 1.513557571911432476e+00 -2.750317818774297596e+00
1.158751659694376990e-01 -1.694719604167761462e-01 1.733889405091680602e-01 1.774988863654826110e-01 -7.377511845021000880e-02 4.475918826486284807e-01 8.557342359058475734e-02 4.794257465435158849e-02 -9.021098597595162971e-01 8.121893075413595398e-01 4.012729555855196750e-01 -1.382207717488603826e+00 8.435826226351750279e-04 1.633570158034244102e+00 -4.508547811426932839e-01 -6.916215548283268788e-01 2.767408375008203691e+00 1.513557571911432476e+00 -2.750317818774297596e+00
1.299726136674676236e-01 -2.037384533325477531e-01 1.836765813182152096e-01 1.611080228080304932e-01 -7.441439336841659813e-02 4.573604002893385534e-01 8.492285595741520809e-02 3.649793805628203103e-01 -5.888689958174655459e-01 6.232416252064911788e-01 1.380295830778175414e+00 -1.692267767543286006e+00 3.972736769656881606e-01 2.101423026514678938e+00 -4.812711253212924589e-01 -1.652704512110849677e-01 2.755604436854999229e+00 1.621089281603989463e+00 -3.335686007370250117e+00
1.299726136674676236e-01 -2.037384533325477531e-01 1.836765813182152096e-01 1.611080228080304932e-01 -7.441439336841659813e-02 4.573604002893385534e-01 8.492285595741520809e-02 3.649793805628203103e-01 -5.888689958174655459e-01 6.232416252064911788e-01 1.380295830778175414e+00 -1.692267767543286006e+00 3.972736769656881606e-01 2.101423026514678938e+00 -4.812711253212924589e-01 -1.652704512110849677e-01 2.755604436854999229e+00 1.621089281603989463e+00 -3.335686007370250117e+00
1.168310706242770558e-01 -1.800135820612790982e-01 1.735192057635128460e-01 1.674099902880203938e-01 -6.338415285307097413e-02 5.969261045717200176e-01 8.021122554859623499e-02 -2.101674277896465881e-01 -4.295204040933455758e-01 5.336833795813911152e-01 8.490099401524293654e-01 -1.479603178490212834e+00 4.066663873056608480e-01 1.360674210234950721e+00 6.373961712667277624e-01 -1.497161598228101909e+00 3.137604283974864572e+00 2.242505282125036636e+00 -3.173159339151862213e+00
1.168310706242770558e-01 -1.800135820612790982e-01 1.735192057635128460e-01 1.674099902880203938e-01 -6.338415285307097413e-02 5.969261045717200176e-01 8.021122554859623499e-02 -2.101674277896465881e-01 -4.295204040933455758e-01 5.336833795813911152e-01 8.490099401524293654e-01 -1.479603178490212834e+00 4.066663873056608480e-01 1.360674210234950721e+00 6.373961712667277624e-01 -1.497161598228101909e+00 3.137604283974864572e+00 2.242505282125036636e+00 -3.173159339151862213e+00
1.213376092514331095e-01 -1.643701692618357857e-01 1.791556333755816299e-01 1.818113462341306441e-01 -8.253877862410630151e-02 5.985911770253644626e-01 9.168396414768795188e-02 -7.546144320396663829e-02 3.964635456405982694e-01 1.088508854643404078e+00 1.250038385686864650e+00 -7.028396021594192078e-01 2.587440465604977646e-01 2.788615968759732056e+00 1.478526254269887374e-01 1.767980079588085118e-01 2.137187186033530750e+00 2.779930000497065734e+00 -4.606624347603677450e+00
1.213376092514331095e-01 -1.643701692618357857e-01 1.791556333755816299e-01 1.818113462341306441e-01 -8.253877862410630151e-02 5.985911770253644626e-01 9.168396414768795188e-02 -7.546144320396663829e-02 3.964635456405982694e-01 1.088508854643404078e+00 1.250038385686864650e+00 -7.028396021594192078e-01 2.587440465604977646e-01 2.788615968759732056e+00 1.478526254269887374e-01 1.767980079588085118e-01 2.137187186033530750e+00 2.779930000497065734e+00 -4.606624347603677450e+00
1.173508890374334313e-01 -1.618496280482125682e-01 1.780999423086449818e-01 1.734995110355536108e-01 -1.670715690626894956e-01 5.917268683965142273e-01 8.372588597417615630e-02 6.752402788061111494e-01 -2.680661124380492311e-01 7.910839356871512962e-01 1.473815191363268440e+00 -1.126654843931463645e+00 1.381462955307544149e-01 2.965695799871560290e+00 -6.257296536219421057e-01 3.460658879240181562e-01 2.673557454566349634e+00 1.433156721067164519e+00 -4.080441604631229069e+00
1.173508890374334313e-01 -1.618496280482125682e-01 1.780999423086449818e-01 1.734995110355536108e-01 -1.670715690626894956e-01 5.917268683965142273e-01 8.372588597417615630e-02 6.752402788061111494e-01 -2.680661124380492311e-01 7.910839356871512962e-01 1.473815191363268440e+00 -1.126654843931463645e+00 1.381462955307544149e-01 2.965695799871560290e+00 -6.257296536219421057e-01 3.460658879240181562e-01 2.673557454566349634e+00 1.433156721067164519e+00 -4.080441604631229069e+00
1.148646084983224458e-01 -1.631945243794681866e-01 1.808397239312964921e-01 1.705781213790984463e-01 -4.204524908288653773e-02 5.871362105920434615e-01 8.599620374070512940e-02 -2.051708364902609105e-01 -3.156788419707563520e-01 4.708058211094314771e-01 1.171580264830947016e+00 -1.489291668258829748e+00 8.534315881186138597e-02 2.035010250129313469e+00 -2.565772935024765999e-01 8.748169392350479967e-02 1.646654595957252276e+00 2.734104937319412620e+00 -3.305415710432921372e+00
1.148646084983224458e-01 -1.631945243794681866e-01 1.808397239312964921e-01 1.705781213790984463e-01 -4.204524908288653773e-02 5.871362105920434615e-01 8.599620374070512940e-02 -2.051708364902609105e-01 -3.156788419707563520e-01 4.708058211094314771e-01 1.171580264830947016e+00 -1.489291668258829748e+00 8.534315881186138597e-02 2.035010250129313469e+00 -2.565772935024765999e-01 8.748169392350479967e-02 1.646654595957252276e+00 2.734104937319412620e+00 -3.305415710432921372e+00
1.217213161549881018e-01 -2.053961543659635347e-01 1.818406651162479681e-01 1.492070562373729592e-01 -1.419763387581598479e-01 5.628359619037972550e-01 8.833960503582027890e-02 -4.047046292265683576e-01 2.397236854796513938e-02 4.678801081692842700e-01 1.512901363894806117e+00 -1.929613312891057753e+00 6.599722578301339126e-01 2.180666077381557599e+00 -5.830938765811959357e-01 -1.208200633326992346e-01 2.343341643640651561e+00 2.777280316959074291e+00 -3.536078503676220564e+00
1.221781388969992999e-01 -1.802814834186299842e-01 1.793862196818589994e-01 1.651106623849050159e-01 -1.453375644220152862e-01 4.677505394504781755e-01 8.473592030075846604e-02 -3.942221434057993079e-01 -3.945119904467064842e-01 1.343103792324384926e-03 8.691938270645840348e-01 -1.631822337911645882e+00 -4.851684378804019815e-01 2.254220383369357705e+00 -1.060322197067192107e+00 -1.400864665053891400e-02 1.177497087669444831e+00 2.985770068247719067e+00 -2.453562815930090846e+00
1.221781388969992999e-01 -1.802814834186299842e-01 1.793862196818589994e-01 1.651106623849050159e-01 -1.453375644220152862e-01 4.677505394504781755e-01 8.473592030075846604e-02 -3.942221434057993079e-01 -3.945119904467064842e-01 1.343103792324384926e-03 8.691938270645840348e-01 -1.631822337911645882e+00 -4.851684378804019815e-01 2.254220383369357705e+00 -1.060322197067192107e+00 -1.400864665053891400e-02 1.177497087669444831e+00 2.985770068247719067e+00 -2.453562815930090846e+00
1.256213337695021304e-01 -1.944360023451449648e-01 1.807100525173755967e-01 1.409651199537398369e-01 -1.112648734760095515e-01 4.819112596164627504e-01 9.025121257159163246e-02 1.959212669730732159e-01 -1.601918931308615512e+00 7.672905083321559516e-01 4.109805165091522383e-01 -2.018751361491886609e+00 2.026582009201502999e-01 1.022515376122551167e+00 -2.056332064944594862e-01 -6.585020312720066826e-01 8.527050256879755707e-01 2.755559071763265422e+00 -2.030292092139170723e+00
1.256213337695021304e-01 -1.944360023451449648e-01 1.807100525173755967e-01 1.409651199537398369e-01 -1.112648734760095515e-01 4.819112596164627504e-01 9.025121257159163246e-02 1.959212669730732159e-01 -1.601918931308615512e+00 7.672905083321559516e-01 4.109805165091522383e-01 -2.018751361491886609e+00 2.026582009201502999e-01 1.022515376122551167e+00 -2.056332064944594862e-01 -6.585020312720066826e-01 8.527050256879755707e-01 2.755559071763265422e+00 -2.030292092139170723e+00
1.188534390410028174e-01 -1.847450380381129298e-01 1.808656706270838910e-01 1.592746372247683118e-01 -9.768111659579981065e-02 5.087354548377147623e-01 9.267293421604369530e-02 -5.777455409590626090e-01 -4.191744756686777151e-01 7.467275447820940215e-01 6.535909630099308032e-01 -1.468311474526072580e+00 -1.180003835621974417e-01 1.862991991962001492e+00 -2.838408281310424996e-01 -9.798327438532181688e-01 2.414197650702747389e+00 2.244849458466825709e+00 -2.939575565509525035e+00
1.141884005547812164e-01 -1.834517734571261549e-01 1.759759888361312197e-01 1.565655922093657226e-01 1.987021538388367148e-03 6.175517574147004751e-01 9.130744642509100450e-02 4.607821061436654375e-01 -7.326719354857118560e-01 1.395967691895161344e+00 1.096518616551900749e+00 -1.483788471441009893e+00 4.844047404765294829e-01 2.287034941793062437e+00 1.140127956601100223e-01 -4.343115864070785648e-01 1.974727839128354034e+00 3.496074409969340380e+00 -3.987807150264869982e+00
1.265379642699281937e-01 -1.860735351389423697e-01 1.827460840107655859e-01 1.480332516374047724e-01 -1.061730594358577529e-01 5.397654411231282978e-01 8.850609721687259512e-02 7.475224187852358426e-01 -7.444504259457644935e-01 9.847973983064948200e-01 1.615999242613110454e+00 -1.844006022376927234e+00 6.826699992885920665e-01 2.194694036702493634e+00 -1.870324625950008368e-01 3.344704150319799396e-02 3.074255242684870382e+00 1.776087267188717789e+00 -3.825783351553615486e+00
1.265379642699281937e-01 -1.860735351389423697e-01 1.827460840107655859e-01 1.480332516374047724e-01 -1.061730594358577529e-01 5.397654411231282978e-01 8.850609721687259512e-02 7.475224187852358426e-01 -7.444504259457644935e-01 9.847973983064948200e-01 1.615999242613110454e+00 -1.844006022376927234e+00 6.826699992885920665e-01 2.194694036702493634e+00 -1.870324625950008368e-01 3.344704150319799396e-02 3.074255242684870382e+00 1.776087267188717789e+00 -3.825783351553615486e+00
1.237971660445630617e-01 -1.997867843816211186e-01 1.757427486748792955e-01 1.661356344649638217e-01 -6.986276804313185096e-02 5.801473801265770724e-01 8.990167207071342315e-02 4.480015614203169960e-01 -7.821969305006239992e-01 9.773587667449188388e-01 9.715548473861836953e-01 -1.415783859404102785e+00 5.968527222727093573e-02 2.679877796942459867e+00 -1.081841315572061646e+00 2.957329680496769697e-01 1.506624634566327892e+00 2.425295149203901879e+00 -3.426564079047793587e+00
1.143195324258114154e-01 -1.716000402917571277e-01 1.789931129008797139e-01 1.633783669181810838e-01 -1.219459019707721525e-01 5.281170391705645173e-01 8.562728948703500487e-02 7.287224639283333971e-01 -6.052601230199563531e-01 8.536654660941138673e-01 9.059565047242603697e-01 -5.587602682516052965e-01 -6.008496857939791269e-01 2.980749285332463749e+00 -4.661636979373788847e-01 -2.204189464873609339e-01 2.428788332644042924e+00 2.724908548117711327e+00 -3.700109201352796084e+00
1.143195324258114154e-01 -1.716000402917571277e-01 1.789931129008797139e-01 1.633783669181810838e-01 -1.219459019707721525e-01 5.281170391705645173e-01 8.562728948703500487e-02 7.287224639283333971e-01 -6.052601230199563531e-01 8.536654660941138673e-01 9.059565047242603697e-01 -5.587602682516052965e-01 -6.008496857939791269e-01 2.980749285332463749e+00 -4.661636979373788847e-01 -2.204189464873609339e-01 2.428788332644042924e+00 2.724908548117711327e+00 -3.700109201352796084e+00
1.144777382230585394e-01 -1.700718525003675485e-01 1.774797784837960912e-01 1.701933730940712319e-01 -1.106456135600022428e-01 6.324426004936514190e-01 8.918089291345417113e-02 -3.085905517248512808e-01 -3.789757515153997502e-01 2.872016963764210118e-01 1.482288892683902404e+00 -2.244630404559436521e+00 5.258985565633498283e-01 1.871955173192176858e+00 -6.279792298404718309e-01 -1.539590065743023928e-02 1.244671467492015182e+00 3.179231499731491439e+00 -3.030435452381610162e+00
1.144777382230585394e-01 -1.700718525003675485e-01 1.774797784837960912e-01 1.701933730940712319e-01 -1.106456135600022428e-01 6.324426004936514190e-01 8.918089291345417113e-02 -3.085905517248512808e-01 -3.789757515153997502e-01 2.872016963764210118e-01 1.482288892683902404e+00 -2.244630404559436521e+00 5.258985565633498283e-01 1.871955173192176858e+00 -6.279792298404718309e-01 -1.539590065743023928e-02 1.244671467492015182e+00 3.179231499731491439e+00 -3.030435452381610162e+00
1.128792301389893449e-01 -1.682183636113772640e-01 1.744704819323565637e-01 1.661582001965193900e-01 -1.436607279753316924e-01 5.791531834201242290e-01 8.406485405740854455e-02 -1.000517780374961418e+00 -3.538941560526511765e-01 3.677847178150495111e-01 4.999024862218455212e-01 -1.520434305525987462e+00 -1.755702883478544862e-01 1.445956643265291497e+00 -4.962570971291384581e-01 -4.852179150842461652e-01 1.354206388001744976e+00 2.828473380910714319e+00 -2.527109481155959791e+00
1.128792301389893449e-01 -1.682183636113772640e-01 1.744704819323565637e-01 1.661582001965193900e-01 -1.436607279753316924e-01 5.791531834201242290e-01 8.406485405740854455e-02 -1.000517780374961418e+00 -3.538941560526511765e-01 3.677847178150495111e-01 4.999024862218455212e-01 -1.520434305525987462e+00 -1.755702883478544862e-01 1.445956643265291497e+00 -4.962570971291384581e-01 -4.852179150842461652e-01 1.354206388001744976e+00 2.828473380910714319e+00 -2.527109481155959791e+00
1.283300346164605032e-01 -1.976043638317060425e-01 1.831555188017767455e-01 1.545533343716907204e-01 -8.163455277008235811e-02 5.130631248368882069e-01 8.954130270316310036e-02 4.038047476565731486e-01 -1.089139986233824242e+00 8.853241187101668075e-01 1.020783933431010482e+00 -1.580511010589169985e+00 -3.359674499543672255e-01 2.837046712901740264e+00 -9.479505437481838825e-01 -2.256339093903978466e-01 2.458835767079099455e+00 1.526821572816759343e+00 -3.058532127677303425e+00
1.283300346164605032e-01 -1.976043638317060425e-01 1.831555188017767455e-01 1.545533343716907204e-01 -8.163455277008235811e-02 5.130631248368882069e-01 8.954130270316310036e-02 4.038047476565731486e-01 -1.089139986233824242e+00 8.853241187101668075e-01 1.020783933431010482e+00 -1.580511010589169985e+00 -3.359674499543672255e-01 2.837046712901740264e+00 -9.479505437481838825e-01 -2.256339093903978466e-01 2.458835767079099455e+00 1.526821572816759343e+00 -3.058532127677303425e+00
1.192102322269772419e-01 -1.749611818898635929e-01 1.758776598727686824e-01 1.744135020170569650e-01 -4.979381941727245575e-02 5.275049708093355605e-01 8.772131821131606833e-02 3.496320882585486345e-01 1.041238896598430941e-01 1.146268696363568651e+00 1.666165718074203994e+00 -1.199633784687357707e+00 8.714612053106911560e-01 2.766881251886120552e+00 -5.174380548038390870e-01 5.500294236980671769e-01 3.049957411426989395e+00 2.031259327495647860e+00 -4.684939465104439371e+00
1.192102322269772419e-01 -1.749611818898635929e-01 1.758776598727686824e-01 1.744135020170569650e-01 -4.979381941727245575e-02 5.275049708093355605e-01 8.772131821131606833e-02 3.496320882585486345e-01 1.041238896598430941e-01 1.146268696363568651e+00 1.666165718074203994e+00 -1.199633784687357707e+00 8.714612053106911560e-01 2.766881251886120552e+00 -5.174380548038390870e-01 5.500294236980671769e-01 3.049957411426989395e+00 2.031259327495647860e+00 -4.684939465104439371e+00
1.212704479897639409e-01 -1.817578143939136415e-01 1.825892883802751610e-01 1.555404049686492929e-01 -7.453459411505636290e-02 5.282844738734873147e-01 8.666331076959787882e-02 3.040409356524342854e-01 -5.471716832446276157e-01 5.761530065051854166e-01 1.662050577293379128e+00 -2.333832987239668366e+00 1.348958688488242075e+00 1.320997045279172610e+00 1.711447268859327409e-01 -2.762869651321882003e-01 1.742769746414690957e+00 2.960814786533630283e+00 -3.425548523846813520e+00
1.295920887133930055e-01 -2.094057031483783082e-01 1.826088584977121343e-01 1.561248996147746038e-01 -6.443722377415539437e-02 5.876087217498544568e-01 8.223308351138960970e-02 9.715053655739307459e-01 -5.105784899131045051e-01 5.956482360585386715e-01 1.602035519189010770e+00 -1.880898553036693066e+00 1.041573961121136094e+00 1.751467891807577004e+00 -7.614870810661855671e-02 3.584009210124428080e-01 1.897199296253355705e+00 3.089869345561210068e+00 -3.681331639547798851e+00
1.252265540721654580e-01 -1.964101926360031225e-01 1.771404960976398490e-01 1.647843981350702869e-01 -8.778233249384614911e-02 4.929865238791539817e-01 8.277481500512939849e-02 7.882745112980149571e-02 -2.532687743099248934e-02 8.877060242043155469e-01 6.626347610896754503e-01 -6.619267832834161425e-01 2.235356938937940185e-01 1.935653921169697256e+00 3.218268705215274750e-01 -4.807939607467996979e-01 2.326529663046739138e+00 2.673576824564609211e+00 -3.645310243531959760e+00
1.252265540721654580e-01 -1.964101926360031225e-01 1.771404960976398490e-01 1.647843981350702869e-01 -8.778233249384614911e-02 4.929865238791539817e-01 8.277481500512939849e-02 7.882745112980149571e-02 -2.532687743099248934e-02 8.877060242043155469e-01 6.626347610896754503e-01 -6.619267832834161425e-01 2.235356938937940185e-01 1.935653921169697256e+00 3.218268705215274750e-01 -4.807939607467996979e-01 2.326529663046739138e+00 2.673576824564609211e+00 -3.645310243531959760e+00
1.196848081057431679e-01 -2.069922930126101845e-01 1.811794596036684635e-01 1.697355075481495890e-01 -1.150728639348708171e-01 6.138242394413881975e-01 8.368032232032601714e-02 1.315332140642011538e-01 -9.330274783196994548e-01 7.967990909537983057e-01 4.315002739198643411e-01 -1.181805923857099927e+00 -4.944486927801863274e-01 2.156474895902490196e+00 -7.288950573237285013e-01 -3.798441857925878296e-01 1.657291941947448777e+00 2.339744077029939362e+00 -2.802114059956773762e+00
1.159640838370178118e-01 -1.691854536739807457e-01 1.773185843732301148e-01 1.569812097826877029e-01 -1.147424245037216295e-01 6.188325290795098077e-01 8.397165691844113433e-02 5.518664717720191959e-01 -6.079523042142582767e-01 1.634394527371614281e+00 7.217343979752852690e-01 -8.231839463641765775e-01 4.275402934183585302e-01 2.344209136356070644e+00 3.638336436552513931e-02 -6.961268439642065431e-02 2.941859432036002531e+00 1.315436606202293746e+00 -4.181694065941316651e+00
1.117495257635341410e-01 -1.615241702234884169e-01 1.731900248608853610e-01 1.718103341457468680e-01 -1.260102783818191075e-01 5.361811751680733984e-01 9.334420906322293821e-02 2.261690410918140159e-01 3.202500190069770269e-01 1.051689195902227425e+00 1.832644180320086136e+00 -1.262034977746011588e+00 6.932658793556285559e-01 2.987047190847265554e+00 -2.466815169171123756e-01 4.144071028620714969e-01 1.750604392460446412e+00 4.127373151555859820e+00 -4.854982842665939380e+00
1.200506258615290922e-01 -1.735539924126518474e-01 1.759805084759526184e-01 1.825577097724251363e-01 -1.017022454073093218e-01 4.994439079886263677e-01 8.433386494154732071e-02 -3.413149922961631333e-01 -1.057000028397156566e+00 9.547589211427958134e-01 2.995144803872680228e-01 -1.717047420503726940e+00 5.174622574355698390e-01 8.610820857718390897e-01 3.765855764207586276e-01 -7.693825379155807553e-01 1.586026459509843001e+00 1.601999050567073368e+00 -2.595288449246254459e+00
1.200506258615290922e-01 -1.735539924126518474e-01 1.759805084759526184e-01 1.825577097724251363e-01 -1.017022454073093218e-01 4.994439079886263677e-01 8.433386494154732071e-02 -3.413149922961631333e-01 -1.057000028397156566e+00 9.547589211427958134e-01 2.995144803872680228e-01 -1.717047420503726940e+00 5.174622574355698390e-01 8.610820857718390897e-01 3.765855764207586276e-01 -7.693825379155807553e-01 1.586026459509843001e+00 1.601999050567073368e+00 -2.595288449246254459e+00
1.224483516640889613e-01 -2.031488988694326037e-01 1.831791054568947530e-01 1.514247374820468783e-01 -1.805674731703799107e-01 5.200019168488236865e-01 8.649206371915067748e-02 -2.737263749612068864e-01 -7.236592019534171527e-01 6.652965957050405166e-01 3.685988951979481953e-01 -1.042611650918493282e+00 -1.940550279656791943e-01 1.662622593300275398e+00 -4.685049291869516352e-01 -1.574583210622106932e-01 1.141023162929678314e+00 3.197050538452261392e+00 -2.711159315432066119e+00
1.224483516640889613e-01 -2.031488988694326037e-01 1.831791054568947530e-01 1.514247374820468783e-01 -1.805674731703799107e-01 5.200019168488236865e-01 8.649206371915067748e-02 -2.737263749612068864e-01 -7.236592019534171527e-01 6.652965957050405166e-01 3.685988951979481953e-01 -1.042611650918493282e+00 -1.940550279656791943e-01 1.662622593300275398e+00 -4.685049291869516352e-01 -1.574583210622106932e-01 1.141023162929678314e+00 3.197050538452261392e+00 -2.711159315432066119e+00
1.213005089959867666e-01 -1.906428565361744654e-01 1.804170947656973112e-01 1.738276868063413083e-01 -4.595596148660407998e-02 5.952738542540694233e-01 8.039214186017068497e-02 1.563774865584424134e-01 -6.448257467547771071e-01 -3.461971989267897953e-02 1.130098722363717556e+00 -1.967627576293624614e+00 2.822173154568119458e-02 1.714859245059247250e+00 -6.057650704623327442e-01 -4.851991723626989383e-01 2.311639937675431966e+00 1.252167657125463407e+00 -2.601614226090199544e+00
1.213005089959867666e-01 -1.906428565361744654e-01 1.804170947656973112e-01 1.738276868063413083e-01 -4.595596148660407998e-02 5.952738542540694233e-01 8.039214186017068497e-02 1.563774865584424134e-01 -6.448257467547771071e-01 -3.461971989267897953e-02 1.130098722363717556e+00 -1.967627576293624614e+00 2.822173154568119458e-02 1.714859245059247250e+00 -6.057650704623327442e-01 -4.851991723626989383e-01 2.311639937675431966e+00 1.252167657125463407e+00 -2.601614226090199544e+00
1.218536682037306418e-01 -1.984662008274147293e-01 1.776602871777634429e-01 1.496070642950502183e-01 -5.531366557890216029e-02 5.258549773849598985e-01 8.298796212991280119e-02 3.564563245806677827e-01 -1.168479270219238142e+00 8.541428326106084157e-01 4.858237867187238379e-01 -1.391156307592864128e+00 -3.948492707530899537e-01 2.218833920343969979e+00 -7.350435613437431570e-01 -1.047307547858664645e+00 2.786886747322036229e+00 1.552120909941063331e+00 -2.682883296209688240e+00
1.222382341844149845e-01 -1.830068910886843425e-01 1.779393351049355643e-01 1.659299003248795312e-01 -1.448176387312345437e-01 5.190882904305298418e-01 9.041709028032529627e-02 1.869141226983748183e-01 3.526419758675594096e-01 1.422646529065739074e+00 9.548234336102767728e-01 -1.233501790123758823e-01 -2.165245913326696581e-02 3.002913434150014993e+00 8.797234834899114730e-02 -1.423516201291663563e-01 2.661932507550486271e+00 3.157054922311953504e+00 -4.801522143320979374e+00
1.222382341844149845e-01 -1.830068910886843425e-01 1.779393351049355643e-01 1.659299003248795312e-01 -1.448176387312345437e-01 5.190882904305298418e-01 9.041709028032529627e-02 1.869141226983748183e-01 3.526419758675594096e-01 1.422646529065739074e+00 9.548234336102767728e-01 -1.233501790123758823e-01 -2.165245913326696581e-02 3.002913434150014993e+00 8.797234834899114730e-02 -1.423516201291663563e-01 2.661932507550486271e+00 3.157054922311953504e+00 -4.801522143320979374e+00
1.124567153329716351e-01 -1.727897284102889452e-01 1.726864679949582926e-01 1.715651085815049770e-01 -1.215956301469394152e-01 6.323274660497038013e-01 9.263579396527955867e-02 -9.122635816784283591e-01 -5.357195390180455874e-01 4.620074258959041558e-01 5.465701691611766222e-01 -1.445402899207274494e+00 -5.273088972460886481e-01 1.988294736773896787e+00 -5.130460149006861315e-01 -1.348486909477971452e+00 1.934036829329457419e+00 2.592609886006822961e+00 -2.540068743902696546e+00
1.124567153329716351e-01 -1.727897284102889452e-01 1.726864679949582926e-01 1.715651085815049770e-01 -1.215956301469394152e-01 6.323274660497038013e-01 9.263579396527955867e-02 -9.122635816784283591e-01 -5.357195390180455874e-01 4.620074258959041558e-01 5.465701691611766222e-01 -1.445402899207274494e+00 -5.273088972460886481e-01 1.988294736773896787e+00 -5.130460149006861315e-01 -1.348486909477971452e+00 1.934036829329457419e+00 2.592609886006822961e+00 -2.540068743902696546e+00
1.236183871899131370e-01 -1.871459304131666279e-01 1.796818600299102675e-01 1.641563043424079105e-01 -1.763355688775033459e-01 5.394702623674607622e-01 9.194604674029288605e-02 2.437034022299755520e-01 -2.586815895553833400e-01 6.712065895275287630e-01 1.270657527007999832e+00 -1.150316167587006611e+00 1.810052076415562539e-01 2.193412050033477279e+00 1.818839115635029202e-02 -4.918124146725304513e-01 1.648749259461929739e+00 3.692463335273199476e+00 -3.686746525083941073e+00
1.215487281517105278e-01 -1.827258436719482737e-01 1.779125525688830811e-01 1.601632528416784274e-01 -1.499902751879423901e-01 6.087882882583341981e-01 9.037750298456093123e-02 -8.842077917043509316e-01 -3.783576656559359819e-01 2.968483434230462237e-01 8.141228340589421464e-01 -2.181806984213843670e+00 5.417866025871642677e-01 1.039561434014136587e+00 1.385917075352747219e-01 -8.543857977201536613e-01 1.471848160871825684e+00 1.950971779806773831e+00 -2.535855780763960343e+00
1.179679180797403026e-01 -1.829588310246858529e-01 1.777384086333424484e-01 1.651578136272726649e-01 -1.305075518984454286e-01 5.626926568616075208e-01 9.272172006657961041e-02 -7.280728669342568793e-01 -1.209025863330239758e-01 6.094720309387477997e-01 1.137230803405850033e+00 -1.391364263157149672e+00 2.053444774087083147e-01 1.725733282841268590e+00 2.974401568474132063e-01 -6.533148105619561719e-01 1.690875026714490303e+00 2.663483475303740633e+00 -3.393025853083173615e+00
1.179679180797403026e-01 -1.829588310246858529e-01 1.777384086333424484e-01 1.651578136272726649e-01 -1.305075518984454286e-01 5.626926568616075208e-01 9.272172006657961041e-02 -7.280728669342568793e-01 -1.209025863330239758e-01 6.094720309387477997e-01 1.137230803405850033e+00 -1.391364263157149672e+00 2.053444774087083147e-01 1.725733282841268590e+00 2.974401568474132063e-01 -6.533148105619561719e-01 1.690875026714490303e+00 2.663483475303740633e+00 -3.393025853083173615e+00
1.246264894151758174e-01 -1.981344572192510478e-01 1.822008572410138139e-01 1.401926928080258206e-01 -1.415415134812121334e-01 6.120038555029183591e-01 8.020563387161698532e-02 -2.829030052313905585e-01 2.346366770192016560e-01 3.625430909783275979e-01 1.196132698783346271e+00 -1.174426925085160001e+00 4.380367645133205201e-01 1.710286874266175872e+00 7.247164421524843192e-03 1.895326791687406143e-01 2.066860981693039889e+00 2.867760991772730250e+00 -3.535801071673477569e+00
1.174917409819528913e-01 -1.857066404287766592e-01 1.745510340015197226e-01 1.553311444693397103e-01 -1.290073687252154544e-01 4.780586979417988935e-01 8.355964532959933577e-02 -8.709848348307680510e-02 -1.076304258861409124e-01 4.072718571194489101e-01 1.125118790007979541e+00 -1.451628322674660243e+00 1.272069664790382859e-01 1.981187210632439744e+00 -2.137802776178858721e-01 -4.742163485567676418e-01 2.614941475331051812e+00 1.796618438651003125e+00 -3.360820347090466065e+00
1.245935190743518439e-01 -2.094473764903015400e-01 1.814464841201288425e-01 1.622286883712038552e-01 -4.912958738932993175e-02 5.220302311426028297e-01 9.088786790800279514e-02 7.785929214207243376e-02 -8.388288521284676946e-01 1.141423136610416833e+00 9.266769001977612774e-01 -1.648238702770697728e+00 2.278094452117951363e-01 2.058693215820116329e+00 -1.061940677130230881e-01 -8.493263356656601815e-01 1.634788127459913198e+00 3.593632768909909458e+00 -3.286208689729969379e+00
1.188401968546391740e-01 -1.820737603399315563e-01 1.792317564210805791e-01 1.645561209570672867e-01 -7.921435225878559194e-02 6.005783000186735165e-01 8.483761522921240417e-02 2.097199473366497813e-01 -8.738560632871106293e-02 1.139741531468486002e+00 8.724767122335546077e-01 -4.024821230791157944e-01 -1.468598837882675312e-01 2.900404235031195377e+00 -6.635297648431759399e-01 6.825339638282166277e-01 2.484941506332221550e+00 2.577880282357110531e+00 -4.087628124380741745e+00
1.203003380934014044e-01 -1.724124165279975474e-01 1.786537260015596262e-01 1.516022398863443588e-01 -1.112161140270974125e-01 5.130013367922181544e-01 7.750595274361860021e-02 -2.008958443853572362e-01 -1.185662878439419643e-01 3.921447654468659394e-01 1.051883958429402632e+00 -1.491668575269480268e+00 5.195985921817030118e-01 1.662937587757875590e+00 6.463085270214108391e-02 -5.589280259387319205e-02 2.500352480487491036e+00 9.669296853243372070e-01 -3.278926641558425281e+00
1.173669490697305529e-01 -1.761438788366671004e-01 1.764803439794109252e-01 1.616000797157328694e-01 -1.060306197040047360e-01 5.695327711352815570e-01 8.341830002454000970e-02 -4.151235547069447307e-01 -1.469663104289491429e-01 3.121079882414434792e-01 1.421698497693872909e+00 -2.104968509079230721e+00 1.017510623061646413e+00 1.184752850544747105e+00 1.531133325830751346e-01 2.948593972839947952e-01 9.052269306165774410e-01 3.933511034177698207e+00 -3.261231139499428444e+00
1.173669490697305529e-01 -1.761438788366671004e-01 1.764803439794109252e-01 1.616000797157328694e-01 -1.060306197040047360e-01 5.695327711352815570e-01 8.341830002454000970e-02 -4.151235547069447307e-01 -1.469663104289491429e-01 3.121079882414434792e-01 1.421698497693872909e+00 -2.104968509079230721e+00 1.017510623061646413e+00 1.184752850544747105e+00 1.531133325830751346e-01 2.948593972839947952e-01 9.052269306165774410e-01 3.933511034177698207e+00 -3.261231139499428444e+00
1.249093121036852772e-01 -1.866457874206597367e-01 1.819524902903435215e-01 1.505282301032214720e-01 -1.568194719251363445e-01 4.927177673808271763e-01 9.157702429594391513e-02 5.731320474284729016e-01 -1.684025349920727166e+00 1.131429169402240476e+00 3.019056901298542428e-01 -1.334187219941039171e+00 -4.529134254277256133e-02 1.295550496353047976e+00 2.143579479438368907e-01 -1.243162105535002837e+00 2.145322082143552578e+00 1.872771169560985882e+00 -2.551344696111350174e+00
1.274376975134155487e-01 -1.934656940700592020e-01 1.849018058883779847e-01 1.557866731109597280e-01 -1.910765519183527106e-01 4.601012788419547306e-01 8.489868358585672681e-02 6.461597625889492491e-01 -9.857184656749664597e-01 9.547046057246078021e-01 8.159141509866874031e-01 -1.178305356980801299e+00 -9.494132852850789561e-02 2.281488086056119968e+00 -4.455751575220610050e-01 2.454164868005133116e-01 2.177084201685755005e+00 1.511046619239531985e+00 -3.244730445736816016e+00
1.084118679529504359e-01 -1.748537640447951902e-01 1.728865645797551254e-01 1.656539380330379618e-01 -1.835229645980576141e-01 5.186562341357658923e-01 8.771072164549212347e-02 3.367701494349928382e-01 -1.818239212416237649e+00 8.869928434075058377e-01 3.209867150749481368e-01 -2.108629725078004391e+00 3.720907132870276968e-01 8.896152730383564133e-01 -3.215897589161178516e-01 -9.331892059146582596e-01 1.613890435415845204e+00 1.753280993630557560e+00 -2.119894471513581902e+00
1.216285650069895419e-01 -1.674630342072875311e-01 1.787557946211516258e-01 1.526315377240766713e-01 -1.177932448318496084e-01 5.539403697930467274e-01 8.488150219556767073e-02 -1.012038041157915735e+00 -6.364063994966340232e-01 2.797688103557227635e-02 5.288046135301271988e-01 -1.932747057974967930e+00 2.081967245461875393e-01 9.207256838627060347e-01 -4.221996959818046236e-01 -1.557409882580076399e-01 9.218659523992460691e-01 2.207706532775484121e+00 -2.014376263405492917e+00
1.216285650069895419e-01 -1.674630342072875311e-01 1.787557946211516258e-01 1.526315377240766713e-01 -1.177932448318496084e-01 5.539403697930467274e-01 8.488150219556767073e-02 -1.012038041157915735e+00 -6.364063994966340232e-01 2.797688103557227635e-02 5.288046135301271988e-01 -1.932747057974967930e+00 2.081967245461875393e-01 9.207256838627060347e-01 -4.221996959818046236e-01 -1.557409882580076399e-01 9.218659523992460691e-01 2.207706532775484121e+00 -2.014376263405492917e+00
1.206728642600435053e-01 -1.721182051859890261e-01 1.776408814261893898e-01 1.597137612160471898e-01 -1.466573062839027219e-02 5.044507744849879849e-01 7.898165263267584169e-02 3.351760137776684800e-01 -8.729025949260726946e-02 1.047283897863433566e+00 1.061416211711804891e+00 -7.372771274979266209e-01 4.894767135856428197e-01 2.106099655202448240e+00 4.167210343859402144e-01 -1.366889345709276782e-01 2.914256849716535314e+00 2.794521916962191099e+00 -4.045436792288723993e+00
1.258112160191085238e-01 -2.032980263768950913e-01 1.770614660194624046e-01 1.582289303078805442e-01 -1.389543266396502386e-01 5.563452998003515226e-01 9.588182098080608173e-02 -7.940607471636642600e-01 -9.809488593201223239e-01 1.087203797790090576e+00 -3.913034250304647799e-03 -1.346747224692308453e+00 -2.691100504437180518e-01 1.610261940029008798e+00 -3.428228454042772100e-01 -1.283708228137006913e+00 1.767566496590432301e+00 1.969684846767821185e+00 -2.342085010242379806e+00
1.163713103488895617e-01 -1.750545231769078391e-01 1.726789571494446451e-01 1.719906645165808490e-01 -1.065606665322492708e-01 5.169950714403719338e-01 7.958849227354497513e-02 -5.413883425427501450e-01 -3.243501178267242935e-01 2.614100927960913978e-01 5.961800149776772528e-01 -1.172323908043708229e+00 -4.319163102715952718e-01 2.042504672789262621e+00 -4.960522781139529158e-01 -9.876224871015715223e-01 3.070450840810840631e+00 1.020839515451267054e+00 -2.700408414140354818e+00
1.163713103488895617e-01 -1.750545231769078391e-01 1.726789571494446451e-01 1.719906645165808490e-01 -1.065606665322492708e-01 5.169950714403719338e-01 7.958849227354497513e-02 -5.413883425427501450e-01 -3.243501178267242935e-01 2.614100927960913978e-01 5.961800149776772528e-01 -1.172323908043708229e+00 -4.319163102715952718e-01 2.042504672789262621e+00 -4.960522781139529158e-01 -9.876224871015715223e-01 3.070450840810840631e+00 1.020839515451267054e+00 -2.700408414140354818e+00
1.153882007495612150e-01 -1.797378871311997028e-01 1.790903910242717945e-01 1.587407512788910902e-01 -1.529397038068779358e-01 4.379258049817087439e-01 8.978434498195034252e-02 -6.600414301192447653e-02 -4.219552243974504790e-01 5.307316322401121056e-01 1.179337573353303803e+00 -1.876554365709015570e+00 4.242525901155200785e-01 1.821712979847191605e+00 -3.202941826537459846e-01 -6.865864903394873764e-01 2.902250247004443118e+00 1.665170701202232095e+00 -3.125126649560709069e+00
1.153882007495612150e-01 -1.797378871311997028e-01 1.790903910242717945e-01 1.587407512788910902e-01 -1.529397038068779358e-01 4.379258049817087439e-01 8.978434498195034252e-02 -6.600414301192447653e-02 -4.219552243974504790e-01 5.307316322401121056e-01 1.179337573353303803e+00 -1.876554365709015570e+00 4.242525901155200785e-01 1.821712979847191605e+00 -3.202941826537459846e-01 -6.865864903394873764e-01 2.902250247004443118e+00 1.665170701202232095e+00 -3.125126649560709069e+00
1.249009566213528377e-01 -2.175420628190851691e-01 1.811461474644731617e-01 1.472724368781221926e-01 -1.771049919299872988e-01 4.491987830325347986e-01 9.068715296454460395e-02 3.920012433849473510e-01 -4.978830921899914941e-01 5.178710644429163068e-01 1.480253373353429325e+00 -1.790865777932010960e+00 4.495758690402968938e-01 1.800745348461880724e+00 2.878027810616785587e-01 -8.364237122732669505e-01 1.804317038321853417e+00 3.056227771977644281e+00 -3.363973831038722384e+00
1.102895075114073697e-01 -1.599630202129043721e-01 1.733488124061261793e-01 1.791568092843890403e-01 -3.389538868413766171e-02 5.866842858971521579e-01 8.549177064009180760e-02 -6.048372407042617027e-01 -9.897431218067866965e-01 3.540036991883894757e-01 3.429932323335016520e-01 -1.888594238979335316e+00 2.302343036787686259e-01 6.973784685394202043e-01 -5.302610344530833686e-02 -1.132282615912499235e+00 1.661685701843076401e+00 1.896472281849428398e+00 -2.055671621892503964e+00
1.102895075114073697e-01 -1.599630202129043721e-01 1.733488124061261793e-01 1.791568092843890403e-01 -3.389538868413766171e-02 5.866842858971521579e-01 8.549177064009180760e-02 -6.048372407042617027e-01 -9.897431218067866965e-01 3.540036991883894757e-01 3.429932323335016520e-01 -1.888594238979335316e+00 2.302343036787686259e-01 6.973784685394202043e-01 -5.302610344530833686e-02 -1.132282615912499235e+00 1.661685701843076401e+00 1.896472281849428398e+00 -2.055671621892503964e+00
1.163769946039573400e-01 -1.910987320037690340e-01 1.805853652346210148e-01 1.662350839508022204e-01 -1.438180285196135610e-01 5.633070567295215270e-01 8.559818720650505530e-02 6.327764438042908779e-01 -2.593012086396218052e-01 1.240468451764836999e+00 1.153602501297106286e+00 -1.156485019131552328e+00 6.659731819862830804e-01 2.392480141896360379e+00 -2.245769995965325450e-01 6.680756853683789132e-01 2.156988376433492505e+00 2.555387979038817647e+00 -4.234825885246815247e+00
1.178846518147573241e-01 -1.777923686491960642e-01 1.754653728281577174e-01 1.673967109946317144e-01 -8.207822297774769460e-02 6.032063885762153355e-01 8.456120713482796758e-02 -2.769885072588422759e-01 -1.389693814876130418e+00 9.549466104622332807e-01 -1.138187885469950089e-01 -1.567536805182474069e+00 -1.216875416074856275e-01 1.589655708359946296e+00 -1.288387281431319753e+00 5.804761336824073581e-01 7.007422261258771101e-01 1.864230587350419910e+00 -2.237868368892387494e+00
1.178846518147573241e-01 -1.777923686491960642e-01 1.754653728281577174e-01 1.673967109946317144e-01 -8.207822297774769460e-02 6.032063885762153355e-01 8.456120713482796758e-02 -2.769885072588422759e-01 -1.389693814876130418e+00 9.549466104622332807e-01 -1.138187885469950089e-01 -1.567536805182474069e+00 -1.216875416074856275e-01 1.589655708359946296e+00 -1.288387281431319753e+00 5.804761336824073581e-01 7.007422261258771101e-01 1.864230587350419910e+00 -2.237868368892387494e+00
1.183292507875272903e-01 -1.702982884680683817e-01 1.746355714040025708e-01 1.658924216131154594e-01 -1.074929769397199308e-01 5.397274660680442260e-01 9.046986567271331214e-02 -1.204338367703756685e+00 -8.137773949128472850e-01 8.235893339794975176e-01 -7.952570677556280998e-04 -2.020107430440961416e+00 2.688748837988095275e-01 9.312353470165559699e-01 -5.214334207028237245e-02 -1.185302308237723423e+00 1.999577075672327453e+00 1.709198218431948746e+00 -2.088762577396348519e+00
1.206859751232597644e-01 -1.812593419585735166e-01 1.767571001669833164e-01 1.757178610870727686e-01 -1.289977279897034368e-01 5.573591132608024523e-01 8.443382632557080991e-02 3.516441068490401278e-01 -4.019917815413522888e-01 1.020885192465554425e+00 1.270528780250473666e+00 -1.268619304417117455e+00 7.664852953457064189e-01 1.652567579815676702e+00 5.224231341704275167e-01 -8.674283581886843564e-02 2.727236306072377658e+00 2.474534170790800403e+00 -3.966954621183126140e+00
1.186753325875567200e-01 -1.738796201903093364e-01 1.776157897511647654e-01 1.750917231518109851e-01 -1.054049564134411643e-01 6.419400371649355286e-01 8.694522350720659820e-02 -3.994505145652986755e-01 -1.550246603887108776e-01 9.575633148459843369e-01 7.442518302304499400e-01 -1.247424965020489385e+00 2.436382849492746416e-01 1.872494596777466214e+00 4.237627824066914073e-01 -8.666342446284085455e-01 2.622216822204922693e+00 2.598665402334685126e+00 -3.559670710689346151e+00
1.223588825958331350e-01 -1.803361563867618700e-01 1.791598266023705366e-01 1.752287487633457097e-01 -1.053324619544391272e-01 6.165197844733083521e-01 8.722422033897510307e-02 -7.810046875909382180e-01 2.202768650976949516e-02 1.278272949343293163e-01 1.315310512724173542e+00 -1.754179770516452574e+00 -2.504286587810709008e-01 2.557510513396609397e+00 -1.082345729981813331e+00 4.162975637979151600e-01 1.374940129200364680e+00 2.468285797010079996e+00 -3.027125110248256146e+00
1.223588825958331350e-01 -1.803361563867618700e-01 1.791598266023705366e-01 1.752287487633457097e-01 -1.053324619544391272e-01 6.165197844733083521e-01 8.722422033897510307e-02 -7.810046875909382180e-01 2.202768650976949516e-02 1.278272949343293163e-01 1.315310512724173542e+00 -1.754179770516452574e+00 -2.504286587810709008e-01 2.557510513396609397e+00 -1.082345729981813331e+00 4.162975637979151600e-01 1.374940129200364680e+00 2.468285797010079996e+00 -3.027125110248256146e+00
1.198904629244936237e-01 -1.655884263150338986e-01 1.771695188641976004e-01 1.749064150507757542e-01 -1.273352944851425805e-01 5.347391937372969473e-01 9.033009373860956259e-02 1.235352639389191154e-01 -1.306053249645417580e+00 1.297155431488315358e+00 2.743084209692359110e-01 -1.442110756870153665e+00 1.401117906112823164e-01 1.502143208836876909e+00 -4.005370045145992819e-01 -2.763699691452208285e-01 2.371193340569509367e+00 7.604071747372476153e-01 -2.796848162296056373e+00
1.198274135598971224e-01 -1.800867094691487313e-01 1.777051041450406765e-01 1.630724522882568417e-01 -7.942115117198678131e-02 6.145966420698569799e-01 8.911507875897091424e-02 -5.197299117183611372e-01 -5.580035183909251018e-01 4.032211539616739060e-01 8.494125118012760822e-01 -2.136415657741724150e+00 1.644241708303795235e-03 2.223476191881870179e+00 -1.316988759221178196e+00 1.695325864119121562e-01 1.329709562057419525e+00 1.818461793308545182e+00 -2.598236969783154215e+00
1.177138380365417847e-01 -1.709280485407421724e-01 1.736586692200889626e-01 1.692028965300813592e-01 -2.299179205056886000e-01 4.944598030617561868e-01 9.185457455850738751e-02 -6.014836208502130077e-01 -7.902004688234889329e-01 2.819509957199839434e-01 7.518062839996559887e-01 -2.288183694317451611e+00 7.974418746029865446e-02 1.702863696376326175e+00 -9.687403189255032743e-01 -4.108094921786831222e-01 1.038388068355883931e+00 2.585880198613265790e+00 -2.191920217878535748e+00
1.172009499514749808e-01 -1.719407184286421697e-01 1.771014473692690550e-01 1.612472985303600170e-01 -1.038507151552724439e-01 5.967037774538752615e-01 8.830312284410500590e-02 2.509397812636482428e-01 1.275031952685559133e-01 7.759377181108062516e-01 1.637122835314438696e+00 -1.529280459900128175e+00 5.314478791896775078e-01 2.485965179705055483e+00 7.182413689694300274e-03 -2.777439307869720153e-01 2.865264618063641855e+00 1.705269017705931311e+00 -4.194409027701600401e+00
1.228836288594605530e-01 -1.707862597312659325e-01 1.767845329897127504e-01 1.606371772362962247e-01 -1.168782152692657839e-01 4.689411395356928303e-01 8.633111950585067862e-02 1.741414829731446900e-01 -5.492325073655752732e-01 1.181099465140416527e+00 3.892355345512887865e-01 -5.502363584980400901e-01 -3.755377000621562544e-01 2.821819463047503973e+00 -9.056273029329240387e-01 3.775487058464417345e-01 2.709914770721987054e+00 1.277982758098840321e+00 -3.536089159367437507e+00
1.228836288594605530e-01 -1.707862597312659325e-01 1.767845329897127504e-01 1.606371772362962247e-01 -1.168782152692657839e-01 4.689411395356928303e-01 8.633111950585067862e-02 1.741414829731446900e-01 -5.492325073655752732e-01 1.181099465140416527e+00 3.892355345512887865e-01 -5.502363584980400901e-01 -3.755377000621562544e-01 2.821819463047503973e+00 -9.056273029329240387e-01 3.775487058464417345e-01 2.709914770721987054e+00 1.277982758098840321e+00 -3.536089159367437507e+00
1.118197166116129404e-01 -1.752904089695435652e-01 1.772294481315939141e-01 1.709174314610447665e-01 -9.666210774108863202e-02 4.992115092353390793e-01 8.695071850318301931e-02 8.354596790075348167e-01 -4.211209436750102952e-01 1.498639486174204727e+00 1.283664644973779190e+00 -1.186276838108584197e+00 9.073023507611992500e-01 2.118487926196418236e+00 -1.944853524267120548e-02 6.474348203916102662e-01 2.386334264121082072e+00 2.420865905801376172e+00 -4.461587055242271838e+00
1.238599006567794314e-01 -1.844564961024012795e-01 1.789129324851215785e-01 1.616464076632962987e-01 -9.115508521891424465e-02 5.478653122792440655e-01 8.723288799193169851e-02 -2.503799883647950253e-02 -4.054885872132434343e-01 1.221699327179673666e+00 7.562770565306458082e-01 -1.086334793195696591e+00 5.577612568709096053e-01 1.687456513282530324e+00 4.017800249767491394e-01 -7.829540398136263235e-01 3.712537958460844223e+00 1.472624466092316453e+00 -3.726433085773197984e+00
1.238599006567794314e-01 -1.844564961024012795e-01 1.789129324851215785e-01 1.616464076632962987e-01 -9.115508521891424465e-02 5.478653122792440655e-01 8.723288799193169851e-02 -2.503799883647950253e-02 -4.054885872132434343e-01 1.221699327179673666e+00 7.562770565306458082e-01 -1.086334793195696591e+00 5.577612568709096053e-01 1.687456513282530324e+00 4.017800249767491394e-01 -7.829540398136263235e-01 3.712537958460844223e+00 1.472624466092316453e+00 -3.726433085773197984e+00
1.154226610423943755e-01 -1.860069663052759670e-01 1.790292615996738612e-01 1.678604341531920729e-01 -1.212532492970548326e-01 5.228913094462246391e-01 8.553643013397907446e-02 5.367332644635300909e-01 -1.987126114315627134e+00 9.164686145942120277e-01 2.803551485193729320e-01 -2.043460207831864217e+00 -3.068234642126466127e-02 1.199865576522745059e+00 -4.518191537491720311e-01 -1.128059498114645010e+00 1.947033920112365202e+00 1.767231605088213975e+00 -2.110805091096366937e+00
1.154226610423943755e-01 -1.860069663052759670e-01 1.790292615996738612e-01 1.678604341531920729e-01 -1.212532492970548326e-01 5.228913094462246391e-01 8.553643013397907446e-02 5.367332644635300909e-01 -1.987126114315627134e+00 9.164686145942120277e-01 2.803551485193729320e-01 -2.043460207831864217e+00 -3.068234642126466127e-02 1.199865576522745059e+00 -4.518191537491720311e-01 -1.128059498114645010e+00 1.947033920112365202e+00 1.767231605088213975e+00 -2.110805091096366937e+00
1.153842217866544451e-01 -1.855078503334345319e-01 1.822719312815207493e-01 1.540351648850133426e-01 -1.956362262124001772e-01 5.023701250462688783e-01 9.163358135964635998e-02 -5.911235051678875863e-01 -1.002791966373302479e+00 2.584313760439975738e-01 7.515093390227187697e-01 -1.979350852898337010e+00 -4.994820341973058575e-01 1.933590426115781469e+00 -6.914588071924061552e-01 -1.360043924654787517e+00 2.127737306512327287e+00 1.643246900090879592e+00 -2.033273836906901444e+00
1.153842217866544451e-01 -1.855078503334345319e-01 1.822719312815207493e-01 1.540351648850133426e-01 -1.956362262124001772e-01 5.023701250462688783e-01 9.163358135964635998e-02 -5.911235051678875863e-01 -1.002791966373302479e+00 2.584313760439975738e-01 7.515093390227187697e-01 -1.979350852898337010e+00 -4.994820341973058575e-01 1.933590426115781469e+00 -6.914588071924061552e-01 -1.360043924654787517e+00 2.127737306512327287e+00 1.643246900090879592e+00 -2.033273836906901444e+00
1.144873168801794072e-01 -1.772673982289650896e-01 1.721099689620892992e-01 1.616468218561352144e-01 -8.800984001013401059e-02 4.963805757620662895e-01 8.357988123291106020e-02 1.620541742825221121e-01 -4.805313019819292819e-01 6.309975693559870535e-01 8.621607933820794045e-01 -1.294111224029422580e+00 3.188786200181574770e-01 1.837877676767534219e+00 -3.709986318252962434e-01 1.044493741869425563e-01 1.099725296641223871e+00 3.564830708950392335e+00 -3.311787619844468455e+00
1.219515205932575341e-01 -1.842281923501152829e-01 1.789583148767924237e-01 1.539193941086636208e-01 -1.435766033616601156e-01 4.881202894515936919e-01 9.149079231258608336e-02 -1.261094751129304026e+00 -4.796701557768088264e-01 7.748955248042115329e-01 -2.228242562909175106e-01 -1.010647972859410881e+00 -4.979161527805118226e-01 1.535975033247076738e+00 -9.173617327478567063e-03 -1.148679339338090521e+00 1.661544190061448489e+00 1.973824851226834376e+00 -2.252140466989999368e+00
1.219515205932575341e-01 -1.842281923501152829e-01 1.789583148767924237e-01 1.539193941086636208e-01 -1.435766033616601156e-01 4.881202894515936919e-01 9.149079231258608336e-02 -1.261094751129304026e+00 -4.796701557768088264e-01 7.748955248042115329e-01 -2.228242562909175106e-01 -1.010647972859410881e+00 -4.979161527805118226e-01 1.535975033247076738e+00 -9.173617327478567063e-03 -1.148679339338090521e+00 1.661544190061448489e+00 1.973824851226834376e+00 -2.252140466989999368e+00
1.272966843923159230e-01 -2.035676510907992731e-01 1.815124116550236311e-01 1.620769923933887968e-01 -1.585581212391059536e-01 5.494818228509483760e-01 8.292028697095406298e-02 -1.205941319989998206e-01 -1.331047802830254589e+00 5.129934978571215609e-01 1.269029248975614976e-01 -1.222107912279374098e+00 -1.012185321978791741e+00 2.191645255732947994e+00 -1.151248590286033657e+00 -4.433608414730514369e-01 2.135242932370877256e+00 1.077061160836851883e+00 -2.018507527145878999e+00
1.272966843923159230e-01 -2.035676510907992731e-01 1.815124116550236311e-01 1.620769923933887968e-01 -1.585581212391059536e-01 5.494818228509483760e-01 8.292028697095406298e-02 -1.205941319989998206e-01 -1.331047802830254589e+00 5.129934978571215609e-01 1.269029248975614976e-01 -1.222107912279374098e+00 -1.012185321978791741e+00 2.191645255732947994e+00 -1.151248590286033657e+00 -4.433608414730514369e-01 2.135242932370877256e+00 1.077061160836851883e+00 -2.018507527145878999e+00
1.179671861582616832e-01 -1.735384236852422490e-01 1.746023320556181480e-01 1.793358056288119062e-01 -1.007610245082772860e-01 4.371315704093277077e-01 8.499240140174527114e-02 7.258444560586783112e-01 -3.359696208784272997e-01 1.872522026951656038e+00 8.530518776053384045e-01 -4.916904752783288757e-01 9.996807363302284699e-01 1.880403623865307239e+00 8.109498245733970379e-01 3.585167907051740599e-01 2.386906499917773594e+00 3.103644214041793248e+00 -4.721975425788078162e+00
1.179671861582616832e-01 -1.735384236852422490e-01 1.746023320556181480e-01 1.793358056288119062e-01 -1.007610245082772860e-01 4.371315704093277077e-01 8.499240140174527114e-02 7.258444560586783112e-01 -3.359696208784272997e-01 1.872522026951656038e+00 8.530518776053384045e-01 -4.916904752783288757e-01 9.996807363302284699e-01 1.880403623865307239e+00 8.109498245733970379e-01 3.585167907051740599e-01 2.386906499917773594e+00 3.103644214041793248e+00 -4.721975425788078162e+00
1.207189531547309402e-01 -1.988673957178508922e-01 1.737075283464266373e-01 1.636715518552723792e-01 -1.112558993008619934e-01 5.373563116538200291e-01 8.570786700236618372e-02 9.047110312893371642e-01 -7.001477868824554918e-01 1.226047725585788228e+00 8.578044645186366779e-01 -8.186108287992199806e-01 -1.406406162314794983e-01 2.453885549406118471e+00 1.909458064819382628e-01 -5.445798099159153693e-01 2.129597203727017884e+00 3.093766546709010967e+00 -3.851980372955289056e+00
1.207189531547309402e-01 -1.988673957178508922e-01 1.737075283464266373e-01 1.636715518552723792e-01 -1.112558993008619934e-01 5.373563116538200291e-01 8.570786700236618372e-02 9.047110312893371642e-01 -7.001477868824554918e-01 1.226047725585788228e+00 8.578044645186366779e-01 -8.186108287992199806e-01 -1.406406162314794983e-01 2.453885549406118471e+00 1.909458064819382628e-01 -5.445798099159153693e-01 2.129597203727017884e+00 3.093766546709010967e+00 -3.851980372955289056e+00
1.244715867077912652e-01 -1.904773334667093643e-01 1.791890779401108802e-01 1.514966166062263753e-01 -1.993499255648121249e-01 5.429469791474050844e-01 8.437187420069605648e-02 9.489813969577465258e-01 -1.690687558755890052e-01 9.069685664245188406e-01 1.624107850823389931e+00 -9.976662462358980576e-01 5.653249448881432215e-01 2.429486788730413238e+00 3.888219459824080459e-01 -8.109242772751912298e-02 2.859687265927419730e+00 1.831542259294636210e+00 -4.375925466480589776e+00
1.244715867077912652e-01 -1.904773334667093643e-01 1.791890779401108802e-01 1.514966166062263753e-01 -1.993499255648121249e-01 5.429469791474050844e-01 8.437187420069605648e-02 9.489813969577465258e-01 -1.690687558755890052e-01 9.069685664245188406e-01 1.624107850823389931e+00 -9.976662462358980576e-01 5.653249448881432215e-01 2.429486788730413238e+00 3.888219459824080459e-01 -8.109242772751912298e-02 2.859687265927419730e+00 1.831542259294636210e+00 -4.375925466480589776e+00
1.305799575066564078e-01 -2.027305138859751277e-01 1.835524108764247098e-01 1.450594588583268285e-01 -1.411078021214540179e-01 5.335734411982233638e-01 8.488368124295356254e-02 6.522765347866155139e-02 -1.410266437333218548e+00 4.373798619127287068e-01 3.740924299870851399e-01 -1.729188771656640089e+00 -7.084865382381266841e-02 1.335345186564060427e+00 -7.809457937529220573e-01 -4.629929804774599589e-01 1.517483156721011639e+00 8.057946783210399033e-01 -2.001609153759533299e+00
1.205904826823598897e-01 -1.912969885711139351e-01 1.777527546442210227e-01 1.627414376873698165e-01 -1.030380141867044408e-01 5.326103986580972283e-01 8.963999734233019101e-02 2.585784491000335805e-01 -1.385784209827816138e+00 7.640418349520317065e-01 6.456080894803006842e-01 -2.348079103166103465e+00 8.306889834823998342e-01 8.444532682395191614e-01 -3.727932612183861849e-01 -3.151384189944526071e-01 1.471977283225388788e+00 1.439581157779654674e+00 -2.409575232706505421e+00
1.265994894489824718e-01 -2.017318956560616994e-01 1.809490746047870691e-01 1.572932619627476214e-01 -1.662979364279635330e-01 4.981317225797394777e-01 8.266052441336915746e-02 7.471726402463039207e-01 -5.365358546365506243e-02 1.067873252409699880e+00 1.380863478851476422e+00 -1.166370130985646902e+00 8.568074566170320594e-01 2.245125778786696280e+00 -2.070327916583147854e-01 8.390486021595409127e-01 2.741925185345877480e+00 1.220716100824348338e+00 -4.289658477209641774e+00
1.197587396377808033e-01 -1.933672933378168812e-01 1.806828505489958825e-01 1.543326693887584478e-01 -8.885813344919313295e-02 5.399840669196791509e-01 8.464460332466808290e-02 4.250425222329301533e-01 -7.283669585925958145e-01 1.052465462410781427e+00 6.827964424065875448e-01 -8.832334120481775130e-01 -2.804472983010413145e-01 2.509363903796928419e+00 -8.886643414528192508e-01 2.173390253433442609e-01 2.412088456556942262e+00 1.171256174800506145e+00 -3.442078593554866117e+00
1.240240270414257329e-01 -2.012704945837729409e-01 1.783093359485443119e-01 1.631355857006696608e-01 -8.637484098995940052e-02 4.870683783391149824e-01 8.239125554426898757e-02 -3.421360115926415091e-01 -1.792400834627123629e-01 3.713826487507283503e-01 1.030596363604022514e+00 -1.477637825335888166e+00 8.205418252299168103e-02 1.854798533777501035e+00 -3.067689120324610386e-01 -4.931529734932436071e-01 2.068591737236360473e+00 2.164413629562458752e+00 -3.112140992281372753e+00
1.166546064122465920e-01 -1.732614726395526605e-01 1.774248003202764656e-01 1.610357679226449568e-01 -7.221864821857182370e-02 6.712336542108126025e-01 8.687209029912351665e-02 -3.846820721095891571e-01 -1.113114207250014420e+00 7.614346760130930036e-01 5.936635997929400332e-01 -1.778089489639251397e+00 -2.336915682058062771e-01 1.897854518536000512e+00 -6.099192901092367336e-01 -8.351153958099128971e-01 1.322315127715145699e+00 2.501941675442401092e+00 -2.519850526474074037e+00
1.166546064122465920e-01 -1.732614726395526605e-01 1.774248003202764656e-01 1.610357679226449568e-01 -7.221864821857182370e-02 6.712336542108126025e-01 8.687209029912351665e-02 -3.846820721095891571e-01 -1.113114207250014420e+00 7.614346760130930036e-01 5.936635997929400332e-01 -1.778089489639251397e+00 -2.336915682058062771e-01 1.897854518536000512e+00 -6.099192901092367336e-01 -8.351153958099128971e-01 1.322315127715145699e+00 2.501941675442401092e+00 -2.519850526474074037e+00
1.224325942807327483e-01 -1.814730672555425750e-01 1.779032277970551135e-01 1.604755717602559528e-01 -1.361009835938181700e-01 5.095538217100892275e-01 8.725760642832397496e-02 6.255389880591639695e-01 1.813275267484470987e-02 5.884167133076179113e-01 2.078627899298567172e+00 -1.756979383075206069e+00 1.495908512993281647e+00 1.317404673745226518e+00 8.742164302535835319e-01 -2.992821670260248368e-02 1.952613487063949549e+00 3.331531777648793380e+00 -4.305233762419664600e+00
1.224325942807327483e-01 -1.814730672555425750e-01 1.779032277970551135e-01 1.604755717602559528e-01 -1.361009835938181700e-01 5.095538217100892275e-01 8.725760642832397496e-02 6.255389880591639695e-01 1.813275267484470987e-02 5.884167133076179113e-01 2.078627899298567172e+00 -1.756979383075206069e+00 1.495908512993281647e+00 1.317404673745226518e+00 8.742164302535835319e-01 -2.992821670260248368e-02 1.952613487063949549e+00 3.331531777648793380e+00 -4.305233762419664600e+00
1.113038085612626238e-01 -1.687169227804917182e-01 1.722142910358786527e-01 1.750867223588424837e-01 -9.801093645612901639e-02 4.556357653454994328e-01 9.115064919036486302e-02 -6.283634593373204069e-01 -1.098434377304828846e+00 8.625290732788748471e-01 3.609810738268448560e-01 -1.826269578384691616e+00 -4.835838986030269737e-01 2.377086178184610432e+00 -1.340319766166431226e+00 -2.607206258209027183e-01 1.113820579520994336e+00 2.817207165691031356e+00 -2.324316376104015980e+00
1.113038085612626238e-01 -1.687169227804917182e-01 1.722142910358786527e-01 1.750867223588424837e-01 -9.801093645612901639e-02 4.556357653454994328e-01 9.115064919036486302e-02 -6.283634593373204069e-01 -1.098434377304828846e+00 8.625290732788748471e-01 3.609810738268448560e-01 -1.826269578384691616e+00 -4.835838986030269737e-01 2.377086178184610432e+00 -1.340319766166431226e+00 -2.607206258209027183e-01 1.113820579520994336e+00 2.817207165691031356e+00 -2.324316376104015980e+00
1.245826411637861730e-01 -2.074822095569370806e-01 1.814364970183954817e-01 1.514565636983106200e-01 -1.751268590780453716e-01 4.818068473650298777e-01 8.396394712302349128e-02 -1.750412066140301093e-01 1.061518771462362842e+00 4.440273976015145507e-01 1.746315984782283337e+00 -7.777126956719158102e-01 5.684898064245995641e-01 2.605033357917334591e+00 1.177226112683493753e-01 3.619564255079339432e-01 2.260440544839259047e+00 3.699075439671466015e+00 -4.600643074957084799e+00
1.245826411637861730e-01 -2.074822095569370806e-01 1.814364970183954817e-01 1.514565636983106200e-01 -1.751268590780453716e-01 4.818068473650298777e-01 8.396394712302349128e-02 -1.750412066140301093e-01 1.061518771462362842e+00 4.440273976015145507e-01 1.746315984782283337e+00 -7.777126956719158102e-01 5.684898064245995641e-01 2.605033357917334591e+00 1.177226112683493753e-01 3.619564255079339432e-01 2.260440544839259047e+00 3.699075439671466015e+00 -4.600643074957084799e+00
1.157146420460304914e-01 -1.912798717863186670e-01 1.740711577101044516e-01 1.746590630602726790e-01 -9.353768867936951281e-02 5.475308560238811850e-01 9.028522692052586007e-02 -6.222606077316408246e-01 -9.711270616811091827e-01 3.604353764136423166e-01 6.005097316787821882e-01 -1.746810632871720781e+00 -9.645144150646398629e-01 2.673242233092487652e+00 -1.503496408288257591e+00 -8.251260561518245495e-01 1.753085977087819103e+00 1.898808901629999824e+00 -2.156258198680694349e+00
1.239805320373575659e-01 -1.852898633554124763e-01 1.780845823423484742e-01 1.647555934888430551e-01 -7.901079073296557453e-02 5.766987957756284366e-01 8.622422498213530573e-02 -5.905941455094367853e-01 -7.664757030153532824e-01 -1.885898130123475624e-02 9.883902145794927208e-01 -2.323058977618091436e+00 4.820757697145969800e-01 9.355284848334441961e-01 -1.099632185173877730e-01 -8.221389114662374098e-01 1.198316434910879025e+00 3.092819517596694823e+00 -2.203075163040612239e+00
1.239805320373575659e-01 -1.852898633554124763e-01 1.780845823423484742e-01 1.647555934888430551e-01 -7.901079073296557453e-02 5.766987957756284366e-01 8.622422498213530573e-02 -5.905941455094367853e-01 -7.664757030153532824e-01 -1.885898130123475624e-02 9.883902145794927208e-01 -2.323058977618091436e+00 4.820757697145969800e-01 9.355284848334441961e-01 -1.099632185173877730e-01 -8.221389114662374098e-01 1.198316434910879025e+00 3.092819517596694823e+00 -2.203075163040612239e+00
1.255825112335575144e-01 -1.897650388437111535e-01 1.832550664976404231e-01 1.399497859313764137e-01 -1.673246891475671516e-01 5.840834048125085332e-01 8.614718939949728149e-02 6.846799069673004112e-03 -6.613992062005600303e-01 6.820343316083850027e-01 7.345066567152480630e-01 -1.187940995915304221e+00 -1.558816113695780103e-01 1.725045445098976060e+00 1.350423627851586872e-01 -1.080064418584659069e+00 2.645910285222479175e+00 1.834504925816248466e+00 -3.029523005942001745e+00
1.205677621142114964e-01 -1.946638185328987136e-01 1.756056982998722982e-01 1.647896613860510007e-01 -1.839410083196512113e-01 5.184984895792390525e-01 8.199827801019615725e-02 5.121286793045500829e-01 -8.798416897273968473e-01 9.488843494168097692e-01 9.608825937656062521e-01 -1.320811172932295108e+00 5.013918244151600589e-01 1.767201953533311887e+00 -2.786257169647212706e-01 2.591098215015801287e-01 1.768536835827784870e+00 2.404955749384745545e+00 -3.435108363026881939e+00
1.205677621142114964e-01 -1.946638185328987136e-01 1.756056982998722982e-01 1.647896613860510007e-01 -1.839410083196512113e-01 5.184984895792390525e-01 8.199827801019615725e-02 5.121286793045500829e-01 -8.798416897273968473e-01 9.488843494168097692e-01 9.608825937656062521e-01 -1.320811172932295108e+00 5.013918244151600589e-01 1.767201953533311887e+00 -2.786257169647212706e-01 2.591098215015801287e-01 1.768536835827784870e+00 2.404955749384745545e+00 -3.435108363026881939e+00
1.128032273294649890e-01 -1.757004085120431602e-01 1.765077085000968660e-01 1.677234560738534164e-01 -1.261098675821370474e-01 5.140356459570183389e-01 8.814316326163838811e-02 9.261067988102720250e-01 -3.448338482369459612e-01 1.099292647273837353e+00 1.621622173519538634e+00 -8.992243345040336067e-01 -2.437857361837103554e-02 3.285264011201611822e+00 -4.231613513774243884e-01 -9.933017166509383600e-02 3.315252609318443788e+00 1.760484333974687843e+00 -4.506213305197910302e+00
1.164212057287420665e-01 -1.774254480505876863e-01 1.749398524167756763e-01 1.687759809863382809e-01 -4.721926643778406874e-02 5.721148587044142531e-01 8.194682062007288548e-02 1.810157007723063316e-01 1.630693222865895464e-01 5.507286229852184078e-01 1.582597598881299028e+00 -1.229070979141761999e+00 8.816044337849868739e-01 1.550969514113146097e+00 7.123127472086565604e-01 -3.792483269819904024e-01 2.136435272500750493e+00 3.660171573211911777e+00 -4.059428234630199306e+00
1.164212057287420665e-01 -1.774254480505876863e-01 1.749398524167756763e-01 1.687759809863382809e-01 -4.721926643778406874e-02 5.721148587044142531e-01 8.194682062007288548e-02 1.810157007723063316e-01 1.630693222865895464e-01 5.507286229852184078e-01 1.582597598881299028e+00 -1.229070979141761999e+00 8.816044337849868739e-01 1.550969514113146097e+00 7.123127472086565604e-01 -3.792483269819904024e-01 2.136435272500750493e+00 3.660171573211911777e+00 -4.059428234630199306e+00
1.185277899257667078e-01 -1.834536193717772878e-01 1.769089240678141661e-01 1.637327833684458778e-01 -8.739650040351909510e-02 5.257079679833518426e-01 8.744696826609042739e-02 1.284003071065278334e-01 3.817325221721397099e-01 6.952952673066654654e-01 1.654505841434033009e+00 -1.437794490918659740e+00 3.151064751230077121e-01 3.046822726493385147e+00 -4.949016461581692283e-01 2.258114460800539902e-01 2.345783799255918289e+00 2.791472693573242125e+00 -4.289877312720259184e+00
1.146197924028300452e-01 -1.772870844281648761e-01 1.786989876383538456e-01 1.604312020168180419e-01 -1.585230354747428905e-01 5.352239691691988988e-01 8.108511574621887763e-02 1.394741320257342210e-01 -9.540172235804558198e-01 7.320445516559548338e-01 7.665262379686605954e-01 -1.625309416126587081e+00 6.274897014398606032e-01 9.765873788958181478e-01 5.242094578992357867e-01 -1.062539114934560214e+00 2.710900164464659312e+00 9.164010962958943907e-01 -2.949045351106687196e+00
1.133770428287796395e-01 -1.760818223325643084e-01 1.739074750232243172e-01 1.636789204673182452e-01 -8.659255029777856993e-02 5.732519801442754748e-01 8.975339662584044809e-02 2.222296841011299762e-01 -1.501975491028053611e+00 6.842874338935072132e-01 1.032098168672694882e+00 -2.438987632782843029e+00 6.757971955710662115e-01 1.067243715375502333e+00 8.063279391500000060e-02 -1.429735059807188513e+00 2.216999563587647160e+00 2.137385722757867867e+00 -2.554528185580585031e+00
1.222260204924819904e-01 -1.935773347699747959e-01 1.807068488588829125e-01 1.505871783623954352e-01 -1.179083801092696282e-01 5.327598464608920281e-01 8.930779174828518130e-02 -8.068754379666298604e-02 -1.209000872330347143e+00 7.898978793854745106e-01 7.699266590435325242e-01 -1.481491323086981282e+00 -6.415882337244589451e-01 2.377047822964637902e+00 -5.322362414092456362e-01 -1.113746972876867414e+00 2.332107799226057487e+00 2.032379175299707796e+00 -2.685443452057328262e+00
1.125981453261645227e-01 -1.461173127608292321e-01 1.738080735070075822e-01 1.791674683289179448e-01 -9.259558813457624549e-02 5.112172472460292383e-01 8.650183038873046626e-02 3.250997541536149171e-01 -1.331421000754456241e+00 5.570748469142117187e-01 5.831190306095823672e-01 -1.625807026323021098e+00 -3.226548011537282434e-01 1.890654295392332429e+00 -7.431149150081575172e-01 -1.560774378306470922e-01 1.404228401951566063e+00 1.441159283501419530e+00 -2.467073324983342086e+00
1.125981453261645227e-01 -1.461173127608292321e-01 1.738080735070075822e-01 1.791674683289179448e-01 -9.259558813457624549e-02 5.112172472460292383e-01 8.650183038873046626e-02 3.250997541536149171e-01 -1.331421000754456241e+00 5.570748469142117187e-01 5.831190306095823672e-01 -1.625807026323021098e+00 -3.226548011537282434e-01 1.890654295392332429e+00 -7.431149150081575172e-01 -1.560774378306470922e-01 1.404228401951566063e+00 1.441159283501419530e+00 -2.467073324983342086e+00
1.091345183106849082e-01 -1.664050562782644072e-01 1.731792703618232621e-01 1.662169286625052589e-01 -1.118190124113807027e-01 5.418072888595979464e-01 8.853371364207879290e-02 7.268122675907857655e-01 -1.497564076737019967e+00 9.357232218370823418e-01 9.638565753906016553e-01 -1.800302760067635788e+00 3.000319160658886375e-01 1.784654497190425460e+00 -2.978205572638650267e-01 -7.967425498705953402e-01 2.109740430631282138e+00 2.462848711668835122e+00 -3.048649577879861017e+00
1.278015285328380213e-01 -2.040093641725830298e-01 1.821127631270643976e-01 1.535612496083951228e-01 -3.258185881831110464e-02 5.673360757907142116e-01 8.427030802079590877e-02 5.776546228850287790e-01 -1.259540278731288154e-01 1.501584800048898494e+00 9.804090063244057518e-01 -7.685525348743169616e-01 8.343103564072640310e-01 2.150465162879411807e+00 4.329567984953097692e-02 5.675107077604968353e-01 2.746734799897244450e+00 2.402136757139135881e+00 -4.455399557580408398e+00
1.157121886277110157e-01 -1.682566076890443796e-01 1.741253380247937133e-01 1.779632822530796687e-01 -7.945222682325536745e-02 5.913998629612056135e-01 8.736539949495740476e-02 2.756908527731880554e-01 1.312043836968186383e-01 7.549680195817209949e-01 1.234495046630965653e+00 -1.091469911988671715e+00 4.594513264888355764e-01 2.256161012201896021e+00 1.414580245840948436e-01 -2.275581830883641743e-01 2.478806136397492921e+00 2.055504224783354594e+00 -4.107139556846234996e+00
1.242637418785578485e-01 -1.886013192520542558e-01 1.827683149351465863e-01 1.586045095924811799e-01 -9.204211796096328779e-02 6.591908373081141193e-01 8.565297479725372809e-02 1.361144170474203108e+00 -9.511530726470418529e-01 1.274064068620911705e+00 1.324171541639564964e+00 -1.267176973261302741e+00 4.137742326193682985e-01 2.589222810750486659e+00 -4.885444660762496838e-01 5.917747101683001887e-01 1.736845004293084749e+00 3.449667154498142096e+00 -4.061390283863611117e+00
1.154340595975652528e-01 -1.604861619095012126e-01 1.715024257829121379e-01 1.787901241010443343e-01 -6.421167495332102959e-02 5.397206734653567928e-01 8.590092999917978145e-02 1.005816466230804451e-01 -1.018252322879397820e+00 7.675250591042601656e-01 5.628869803320446508e-01 -1.706227026010559200e+00 2.653817065543320197e-01 1.694213704828467115e+00 -6.099399453603666643e-01 -9.215239536107056040e-02 1.300802031006692339e+00 3.278415088908246844e+00 -2.793752508758004183e+00
1.154340595975652528e-01 -1.604861619095012126e-01 1.715024257829121379e-01 1.787901241010443343e-01 -6.421167495332102959e-02 5.397206734653567928e-01 8.590092999917978145e-02 1.005816466230804451e-01 -1.018252322879397820e+00 7.675250591042601656e-01 5.628869803320446508e-01 -1.706227026010559200e+00 2.653817065543320197e-01 1.694213704828467115e+00 -6.099399453603666643e-01 -9.215239536107056040e-02 1.300802031006692339e+00 3.278415088908246844e+00 -2.793752508758004183e+00
1.151491307108012396e-01 -1.809510452269327829e-01 1.765100278964531755e-01 1.669424461719448693e-01 -9.206113206643551372e-02 5.599674858544005929e-01 8.992041887430540781e-02 1.912428951575684266e-02 2.005297772061318540e-01 1.124925317063514285e+00 1.237584516740072083e+00 -7.518252010329327106e-01 5.816473784003504122e-01 2.441416534536253735e+00 2.620851700825266306e-02 4.962398447654123856e-01 2.283863583240527184e+00 2.651211035429610341e+00 -4.539044527247133587e+00
1.272879966354634462e-01 -1.912468172903971642e-01 1.819171199275434747e-01 1.541196236995733271e-01 -2.990647029445581140e-02 6.137458982858166046e-01 8.622619359343433598e-02 3.324281254979277733e-01 -7.322552408940188329e-01 9.957116524589846307e-01 1.096626939290716862e+00 -1.625615864988807058e+00 2.296651972196936953e-01 2.574697766598398552e+00 -1.050018090869291321e+00 4.967653635709705640e-01 1.491108355653713247e+00 2.823867625622854760e+00 -3.451756962271916862e+00
1.236796875450710820e-01 -1.949482973578720579e-01 1.777647952300590584e-01 1.577774788239576509e-01 -1.507638971415730111e-01 5.442588827324934542e-01 8.322513430835411230e-02 7.284038860086807787e-01 -2.453629114535633704e-01 1.665310265816362545e+00 1.134808101928524771e+00 -9.952710846811649859e-01 1.109492516254708683e+00 2.299704742048249706e+00 4.851349597247338608e-01 1.743854999536971206e-01 2.744025092386253917e+00 3.176485908606700548e+00 -4.665332293112673945e+00
1.183578129702614612e-01 -1.819230151778655213e-01 1.740474796055723472e-01 1.684231265493277840e-01 -1.052101392421374015e-01 4.680731219516349739e-01 8.609933872342508121e-02 -1.172341146708946624e+00 -6.436402662579077116e-02 -3.933732430085132847e-01 1.278898284007179420e+00 -2.355161365090098435e+00 -1.171895887718701346e-01 1.679676199145632154e+00 -6.181174433734559770e-01 -6.693743163135543739e-01 1.948874331871265575e+00 1.944602970686741372e+00 -2.274000717404930594e+00
1.183578129702614612e-01 -1.819230151778655213e-01 1.740474796055723472e-01 1.684231265493277840e-01 -1.052101392421374015e-01 4.680731219516349739e-01 8.609933872342508121e-02 -1.172341146708946624e+00 -6.436402662579077116e-02 -3.933732430085132847e-01 1.278898284007179420e+00 -2.355161365090098435e+00 -1.171895887718701346e-01 1.679676199145632154e+00 -6.181174433734559770e-01 -6.693743163135543739e-01 1.948874331871265575e+00 1.944602970686741372e+00 -2.274000717404930594e+00
1.240654660250066210e-01 -1.860837018383392771e-01 1.783230765477006596e-01 1.702652402007561738e-01 -7.528355609973191864e-02 5.623455929906149287e-01 8.593025411651145085e-02 -1.945318502718906828e-01 -6.199043643756985134e-01 4.282358966187738147e-01 9.647173155764523500e-01 -1.619016939548267420e+00 -1.679434420490188984e-02 1.974854132250067451e+00 -4.684170068436293022e-01 -1.091164007131975477e+00 3.016487753849141029e+00 1.044636434721144980e+00 -2.873268602432244467e+00
1.192076671992430559e-01 -1.872191261281351826e-01 1.795651430141663452e-01 1.555747410107630735e-01 -1.650940462038286149e-01 5.157049269441471573e-01 9.070097485886230437e-02 4.045095632810067343e-01 -1.716872463132098403e+00 9.639694500088324958e-01 4.559922420757711592e-01 -1.995081987708807958e+00 2.363366543117653151e-01 1.404621758831272160e+00 -8.684910183863596700e-01 3.976104822314319165e-02 5.934361654484252568e-01 2.121190346299714591e+00 -2.272503353144359473e+00
1.192076671992430559e-01 -1.872191261281351826e-01 1.795651430141663452e-01 1.555747410107630735e-01 -1.650940462038286149e-01 5.157049269441471573e-01 9.070097485886230437e-02 4.045095632810067343e-01 -1.716872463132098403e+00 9.639694500088324958e-01 4.559922420757711592e-01 -1.995081987708807958e+00 2.363366543117653151e-01 1.404621758831272160e+00 -8.684910183863596700e-01 3.976104822314319165e-02 5.934361654484252568e-01 2.121190346299714591e+00 -2.272503353144359473e+00
1.223061871688863600e-01 -1.957642244337224335e-01 1.813592623700155115e-01 1.566193229726408065e-01 -8.981405874328207695e-02 5.789322343165292928e-01 9.396825608516026773e-02 5.296837501358053757e-01 -3.416284475976123503e-01 1.060678923337853519e+00 1.391833708818824178e+00 -1.170321010379973714e+00 4.343614586472490657e-01 2.244256774281216948e+00 5.937837966067860407e-01 -7.011557804144041839e-01 1.734473364713693400e+00 3.718540017076383819e+00 -4.180896133875638299e+00
1.165479907423286887e-01 -1.658389508089166964e-01 1.766420336419574910e-01 1.622710997702914160e-01 -1.644462868299634284e-01 4.743588642751026541e-01 7.486267348930843168e-02 2.578510200543870923e-02 -7.890550457343659119e-01 6.888230751305703947e-01 4.521118875469039011e-01 -1.431220488781246303e+00 3.737879038060851755e-01 1.236990171345363265e+00 -7.707298019313402193e-02 1.387189782436779595e-01 1.692317848690999327e+00 2.221747142997737789e+00 -2.832406246165120933e+00
1.165479907423286887e-01 -1.658389508089166964e-01 1.766420336419574910e-01 1.622710997702914160e-01 -1.644462868299634284e-01 4.743588642751026541e-01 7.486267348930843168e-02 2.578510200543870923e-02 -7.890550457343659119e-01 6.888230751305703947e-01 4.521118875469039011e-01 -1.431220488781246303e+00 3.737879038060851755e-01 1.236990171345363265e+00 -7.707298019313402193e-02 1.387189782436779595e-01 1.692317848690999327e+00 2.221747142997737789e+00 -2.832406246165120933e+00
1.176663547824562395e-01 -1.780239377859767491e-01 1.727604593297342173e-01 1.698738196830779090e-01 -4.809088406520878323e-02 5.139402622793163289e-01 8.951846290814330365e-02 -6.520480691132446438e-01 -2.991821009580730717e-01 3.604813863100133631e-01 7.223572087273586462e-01 -1.556009545063137267e+00 2.410208863839446991e-02 1.550508176646133052e+00 -7.575499453274758821e-02 -4.371437876415509294e-01 1.334508508152008943e+00 2.208971475275625096e+00 -2.788830422516915153e+00
1.176663547824562395e-01 -1.780239377859767491e-01 1.727604593297342173e-01 1.698738196830779090e-01 -4.809088406520878323e-02 5.139402622793163289e-01 8.951846290814330365e-02 -6.520480691132446438e-01 -2.991821009580730717e-01 3.604813863100133631e-01 7.223572087273586462e-01 -1.556009545063137267e+00 2.410208863839446991e-02 1.550508176646133052e+00 -7.575499453274758821e-02 -4.371437876415509294e-01 1.334508508152008943e+00 2.208971475275625096e+00 -2.788830422516915153e+00
1.160008836133208654e-01 -1.970775678428637323e-01 1.757531055211904170e-01 1.662862560573568071e-01 -6.163952405372630228e-02 5.687191307180019528e-01 9.128872545178935705e-02 9.934891778401055973e-01 -3.827659196122734642e-01 1.676490398385860559e+00 1.105562353389496266e+00 -4.663905898114446558e-01 3.012761438819833160e-01 2.566508992549239032e+00 6.630256158998655280e-01 -6.549099192610148279e-01 2.656667317506153481e+00 3.899940477298972752e+00 -4.812096188420476928e+00
1.222862016092921000e-01 -1.813814573845370925e-01 1.776136917038050600e-01 1.606037050430623170e-01 -1.269166574735955955e-01 6.554911120078199538e-01 8.307799067897317369e-02 -3.490852390777279268e-01 -1.213983601433142212e+00 5.986453365545143512e-01 -3.196991258880110820e-02 -1.462181107712594574e+00 -4.125691483711539931e-01 1.396917474354370192e+00 -5.002338861357147337e-01 -9.264437725510514809e-01 2.665796768669199679e+00 1.000030021864342977e+00 -2.088777878924988229e+00
1.173208914570318118e-01 -1.972595865628957723e-01 1.796140825313361500e-01 1.560857510512597690e-01 -1.011369039171999828e-01 5.638575992790597624e-01 7.893634182046538328e-02 -3.488703421970669183e-01 -1.032769157867758913e+00 2.356606497814510703e-01 5.168854741910049455e-01 -2.260789244951570964e+00 4.519479238606995963e-01 5.534930758910059367e-01 -1.126397489601815849e-01 -7.166713463475735679e-01 8.943367807829227800e-01 2.991560797568414642e+00 -2.049083830736257550e+00
1.202288657435977570e-01 -1.731549384959376603e-01 1.792490460944390629e-01 1.512907073729065077e-01 -4.852136099967607752e-02 5.499590840907644385e-01 8.032902662575630570e-02 4.397532037522600135e-01 -7.611600056039158346e-02 6.180046220288790693e-01 1.607355459530522168e+00 -1.403661028962939206e+00 7.785728590182490194e-01 2.219158960603243358e+00 -3.359287217914985746e-02 3.025221942688123278e-01 2.457537122315401668e+00 2.346624786864046186e+00 -4.011703293930741765e+00
1.275693747246371690e-01 -1.909521511117548975e-01 1.808033489246088366e-01 1.627957457264206376e-01 -1.807053382727474844e-01 5.143589354598065988e-01 9.079110100713057296e-02 8.491674416694650063e-01 -1.707639471185322222e+00 1.409033974474525053e+00 5.605466400252492321e-01 -1.608153072360974267e+00 7.880151708079008444e-02 2.214496765048180826e+00 -6.708442808854409023e-01 -1.305325707701250337e-01 1.343647824986704542e+00 2.437911128117393744e+00 -2.973874473491698645e+00
1.280535989216389781e-01 -1.969451618265640191e-01 1.851809266937288478e-01 1.425418440901170536e-01 -9.205985905941527214e-02 6.256958228619846629e-01 8.634205469762706864e-02 1.623892313560668654e-01 5.135355047863736644e-01 9.620559882396184648e-01 1.980344180799288978e+00 -1.342056146287873730e+00 1.232456461738880904e+00 2.385479987901547361e+00 2.528139182081803327e-01 5.217963558816851588e-01 2.372880831783880318e+00 3.274873665313569049e+00 -4.866801067245285495e+00
1.116779073977094139e-01 -1.702242397063376544e-01 1.732680330746138864e-01 1.766443766943798233e-01 -5.975977069968929634e-02 5.701107517087100618e-01 9.409634827818771918e-02 7.010980577113912204e-03 -1.326819433524073499e+00 1.282743610799590428e+00 5.177959848504078977e-01 -1.547989932191815576e+00 2.260519026664198350e-02 1.752484420054955194e+00 -2.235307243441040370e-01 -9.487194023306875224e-01 2.232548063474797395e+00 1.736979216465767806e+00 -2.926644216062406656e+00
1.116779073977094139e-01 -1.702242397063376544e-01 1.732680330746138864e-01 1.766443766943798233e-01 -5.975977069968929634e-02 5.701107517087100618e-01 9.409634827818771918e-02 7.010980577113912204e-03 -1.326819433524073499e+00 1.282743610799590428e+00 5.177959848504078977e-01 -1.547989932191815576e+00 2.260519026664198350e-02 1.752484420054955194e+00 -2.235307243441040370e-01 -9.487194023306875224e-01 2.232548063474797395e+00 1.736979216465767806e+00 -2.926644216062406656e+00
1.109824729268203414e-01 -1.670749425966165935e-01 1.746445432287994926e-01 1.721229640551775741e-01 -1.517802975265243326e-01 5.337297280877009165e-01 8.365363736701884878e-02 1.644448594436584976e+00 -1.029630917956615654e+00 1.642430041029447452e+00 1.064057075826472243e+00 -8.947345229942467171e-01 5.746350999525766667e-01 2.339353092912586085e+00 5.004598039246985763e-01 -1.608815323975489875e-01 3.032410858155438760e+00 2.527468695806344812e+00 -4.393509178361648004e+00
1.109824729268203414e-01 -1.670749425966165935e-01 1.746445432287994926e-01 1.721229640551775741e-01 -1.517802975265243326e-01 5.337297280877009165e-01 8.365363736701884878e-02 1.644448594436584976e+00 -1.029630917956615654e+00 1.642430041029447452e+00 1.064057075826472243e+00 -8.947345229942467171e-01 5.746350999525766667e-01 2.339353092912586085e+00 5.004598039246985763e-01 -1.608815323975489875e-01 3.032410858155438760e+00 2.527468695806344812e+00 -4.393509178361648004e+00
1.231551679111837772e-01 -1.997825138433842462e-01 1.793671449680414032e-01 1.583323855744829256e-01 -1.964505979004242953e-01 5.481632077764504452e-01 8.754231875987476819e-02 7.526787332989837154e-01 -2.722246834913288893e-01 1.670039998819002669e+00 1.022328003416781428e+00 -4.107028784943320687e-01 4.943081204784371963e-01 2.562018903623634714e+00 5.319847378913955538e-01 -5.579061128305298212e-01 3.350593708828242256e+00 2.791453713054204755e+00 -4.688779407761468399e+00
1.231551679111837772e-01 -1.997825138433842462e-01 1.793671449680414032e-01 1.583323855744829256e-01 -1.964505979004242953e-01 5.481632077764504452e-01 8.754231875987476819e-02 7.526787332989837154e-01 -2.722246834913288893e-01 1.670039998819002669e+00 1.022328003416781428e+00 -4.107028784943320687e-01 4.943081204784371963e-01 2.562018903623634714e+00 5.319847378913955538e-01 -5.579061128305298212e-01 3.350593708828242256e+00 2.791453713054204755e+00 -4.688779407761468399e+00
1.210298264588756390e-01 -1.918498729563370420e-01 1.804512311776343414e-01 1.560921040867232490e-01 -2.143106618378116668e-01 5.287048452170921564e-01 8.529288703980482389e-02 9.734578375029734332e-02 -1.311845129010347222e-01 7.104876276657003942e-01 8.617679844436088032e-01 -5.123839468733351055e-01 -4.535442280941177629e-01 2.825909472856029225e+00 -5.734824324210210378e-01 -2.505368518161432689e-02 2.115972317200347064e+00 2.587984216655609515e+00 -3.686223559531251581e+00
1.184077298225476305e-01 -1.720614863846527953e-01 1.765072828826378115e-01 1.635872470066387363e-01 -1.637160841502671715e-01 5.697306407239808301e-01 7.633417748571651174e-02 -2.021089776127968918e-01 -9.096426556608525615e-01 1.238638634554822815e-01 6.426143336228467007e-01 -2.275555881727080010e+00 4.521676898611204365e-01 7.820769139238281653e-01 -8.373087490229735863e-02 -5.421867433140201697e-01 2.008568057462813528e+00 1.648582571618963932e+00 -2.260357020569062847e+00
1.234951922603595709e-01 -2.064437858444611584e-01 1.765307858646537331e-01 1.599330654277143493e-01 -1.540867675070604070e-01 4.675717742131069166e-01 8.616143881028515139e-02 -4.896560096451114674e-01 -7.935590319928182979e-01 9.731745284374282434e-01 5.046401198601113691e-02 -9.653263552589290697e-01 -3.852097631249176146e-01 1.827042873409293833e+00 -1.487844236525379671e-01 -1.073560871192256627e+00 2.459849383282641355e+00 2.113267806592689091e+00 -2.697456453153845857e+00
1.221773760941904652e-01 -1.908719475697797652e-01 1.805977315990986709e-01 1.639312872677227695e-01 -5.367035679575382634e-02 5.499543666732140679e-01 8.047029836124511282e-02 1.047053884918181410e+00 -1.798515578358850675e+00 1.435786828825019512e+00 4.248064848507837610e-02 -1.206758757811152716e+00 2.695244059419410476e-01 1.227459826315468128e+00 3.171726821548839226e-01 -9.378056541321475592e-01 2.694101044505588405e+00 1.625575432157858380e+00 -2.848630135063090929e+00
1.232312572305103715e-01 -1.990227837854614545e-01 1.778268803360277539e-01 1.713436950811901838e-01 -1.250575805477355251e-01 4.682255223297047131e-01 8.077412048860665994e-02 1.135404146206075993e-01 -5.382629383831671888e-01 2.437715731150120746e-01 8.841644755171094161e-01 -1.394684394939530669e+00 -3.036738319030147792e-01 2.031396350398580353e+00 -5.519663486306640721e-01 -2.956597979910284835e-01 2.325762002502483661e+00 8.002259848417292432e-01 -2.785321077647961552e+00
1.116529455078394684e-01 -1.757502260872859101e-01 1.781675475535939579e-01 1.643418808448232626e-01 -1.300198104716361325e-01 5.958535423344231141e-01 9.033731812385556448e-02 -1.136384786382276246e-01 -6.581348505679214256e-01 4.986661781684738060e-01 1.145874417653939048e+00 -1.988342520858363827e+00 4.588236469031965470e-01 1.588467047842256008e+00 -5.552200398700311013e-01 1.466353954530159598e-01 1.238243181656733860e+00 2.885133273607794813e+00 -2.972101439563736847e+00
1.222959931685609347e-01 -1.926126916331447614e-01 1.800152431599737757e-01 1.557532442857645361e-01 -7.308831091558742887e-02 5.637392981715327878e-01 8.394454783779264906e-02 6.688606559367311633e-01 -1.048425549475573426e+00 8.042249941224284271e-01 1.268309028285399265e+00 -2.357877247764847972e+00 8.156585990067650727e-01 1.591886988090439381e+00 -7.469800136385984501e-04 -6.561597028716477098e-01 2.118647301950577599e+00 2.968192851593656201e+00 -3.186837202002958502e+00
1.180350091648389999e-01 -1.830793612395673620e-01 1.758467134307098445e-01 1.626515578574063703e-01 -1.589217740863656525e-01 5.313868643067354292e-01 8.789386129305026829e-02 4.548435280235167966e-01 -9.333825591266089461e-01 1.512145233927726373e+00 2.102744044624813569e-01 -7.370101606579417819e-01 -1.906129987451485874e-01 2.115573001450950841e+00 2.685342789163005506e-01 -1.096278870100264147e+00 2.614013930030889554e+00 2.112904420132659666e+00 -3.494806306327526535e+00
1.180350091648389999e-01 -1.830793612395673620e-01 1.758467134307098445e-01 1.626515578574063703e-01 -1.589217740863656525e-01 5.313868643067354292e-01 8.789386129305026829e-02 4.548435280235167966e-01 -9.333825591266089461e-01 1.512145233927726373e+00 2.102744044624813569e-01 -7.370101606579417819e-01 -1.906129987451485874e-01 2.115573001450950841e+00 2.685342789163005506e-01 -1.096278870100264147e+00 2.614013930030889554e+00 2.112904420132659666e+00 -3.494806306327526535e+00
1.230553254475209857e-01 -1.895141425154994730e-01 1.765908697887962064e-01 1.647202430514724814e-01 -5.854095815519844148e-02 4.758842812454160409e-01 8.602310161885347306e-02 7.339334430453234859e-01 1.705728544217599563e-02 1.008266561800698291e+00 1.470917479273633255e+00 -8.581507834730990325e-01 5.623644554183551136e-01 2.591242959350728015e+00 -6.719866073722258193e-02 -2.421655310616168677e-01 3.256436699943716206e+00 2.702272290327901061e+00 -4.459267274175517493e+00
1.230553254475209857e-01 -1.895141425154994730e-01 1.765908697887962064e-01 1.647202430514724814e-01 -5.854095815519844148e-02 4.758842812454160409e-01 8.602310161885347306e-02 7.339334430453234859e-01 1.705728544217599563e-02 1.008266561800698291e+00 1.470917479273633255e+00 -8.581507834730990325e-01 5.623644554183551136e-01 2.591242959350728015e+00 -6.719866073722258193e-02 -2.421655310616168677e-01 3.256436699943716206e+00 2.702272290327901061e+00 -4.459267274175517493e+00
1.219572199511850252e-01 -1.853782299064502537e-01 1.779510871043283593e-01 1.688854663730059436e-01 -1.112903966396096012e-01 5.202738587015933724e-01 8.471620042942898388e-02 3.322253095539862144e-01 -1.698544829695691760e-02 -5.602818780611062977e-02 2.092042258832024437e+00 -2.144523829102075396e+00 8.268168063056622330e-01 1.826454938967978947e+00 7.434786628915635021e-02 -1.272236592895925611e-02 2.338944220500396298e+00 1.762834463879430658e+00 -3.574180166675997583e+00
1.238228953310871738e-01 -1.854542271907643203e-01 1.757083779570457194e-01 1.590712422849681618e-01 -2.514762453313557078e-02 5.436833560603440141e-01 8.971168315910001134e-02 6.343650777885301295e-02 3.242945131614334286e-01 1.153896480621547482e+00 1.301615701088955745e+00 -1.034489155458374832e+00 4.150635030393949876e-01 2.772652601978037978e+00 -8.485583470766489000e-02 1.040386875000933742e-01 2.579288765016386265e+00 3.061918022754809954e+00 -4.492976659825211883e+00
1.137020803322625617e-01 -1.755086251737725256e-01 1.767454261969255702e-01 1.646986746373884092e-01 -7.051201597333400795e-02 5.183986049452773415e-01 8.702228545632584300e-02 3.319400650769228633e-01 -1.094301695987714318e+00 7.022382451289104210e-01 1.213837531435155270e+00 -2.489872929946821856e+00 1.134790883271065809e+00 1.217044398554430806e+00 -5.109866916948551108e-01 -2.256410366588781358e-01 2.230322032650176034e+00 1.450698203580955692e+00 -2.901394945488773303e+00
1.137020803322625617e-01 -1.755086251737725256e-01 1.767454261969255702e-01 1.646986746373884092e-01 -7.051201597333400795e-02 5.183986049452773415e-01 8.702228545632584300e-02 3.319400650769228633e-01 -1.094301695987714318e+00 7.022382451289104210e-01 1.213837531435155270e+00 -2.489872929946821856e+00 1.134790883271065809e+00 1.217044398554430806e+00 -5.109866916948551108e-01 -2.256410366588781358e-01 2.230322032650176034e+00 1.450698203580955692e+00 -2.901394945488773303e+00
1.254902032260656330e-01 -1.869616933032310913e-01 1.783902919576497437e-01 1.530655272593508531e-01 -1.219520095019737127e-01 4.800742933893094033e-01 9.035771718168533750e-02 4.323580219656442125e-02 -1.097721177615125665e+00 1.194862539558886994e+00 2.471229205533393980e-01 -1.579980790653868095e+00 4.747562352236887051e-01 1.183420358235379055e+00 1.536076767160379219e-01 -7.388215441322190102e-01 1.762221046282722803e+00 2.421103251697889647e+00 -2.719568723842193059e+00
1.190623733508757720e-01 -1.876197509902981508e-01 1.781139379991878158e-01 1.613684357642916067e-01 -1.447803528526517836e-01 4.930002604724239568e-01 9.004754580056223423e-02 -2.534196030682762668e-01 -1.383662834790694518e+00 1.871789932715969940e+00 -4.087898271150285368e-01 -1.070081927177406467e+00 2.088968410598308623e-01 1.371842382751142786e+00 -2.809441599895290409e-02 -8.179758801173200311e-01 1.712775018909321822e+00 2.915493673405835651e+00 -2.822419801862688260e+00
1.163215219959865265e-01 -1.740507940368928308e-01 1.775697297454721657e-01 1.691383853790324743e-01 -1.405765220700536666e-01 4.599512663744245167e-01 9.091652407740627440e-02 -4.676405940781451775e-01 5.216655551084015130e-01 2.642397183555287299e-01 1.418766904818548724e+00 -1.408242855820972750e+00 5.329582657728346717e-01 1.855478350054862169e+00 3.606253241636556695e-01 -5.465551401738562021e-01 2.598293340382942240e+00 1.913699391806543915e+00 -3.751894844839940735e+00
1.287350335071486829e-01 -1.897000036541923174e-01 1.826979335251970593e-01 1.576730446900397320e-01 -1.423874447138078203e-01 5.073175966536735970e-01 8.875253836000474017e-02 8.142951674080798341e-01 -1.200846438871652655e+00 1.502751898503912997e+00 1.071909900789717263e+00 -1.576873926512913915e+00 5.055913711986974590e-01 2.155709103937525128e+00 1.443863654540491481e-01 -6.081860968159311653e-01 2.824511534712488725e+00 1.791909817703201568e+00 -3.716061012863552726e+00
1.164248290317426715e-01 -1.638664996741369118e-01 1.740444263441709993e-01 1.560726896977798761e-01 -8.968572385075002096e-02 5.972381866366704983e-01 8.058564307384524783e-02 3.910313219261745132e-01 -4.193181669345857898e-01 1.155680888979863319e+00 5.653652665912014541e-01 -5.149508917675822417e-01 8.362200481088599702e-02 2.175064039129842364e+00 1.916479683298968339e-01 -4.649802088099903585e-01 2.973500095091811346e+00 1.993970749525486141e+00 -3.801658243825887240e+00
1.144296236595362948e-01 -1.704120784154619095e-01 1.764836558915011955e-01 1.609821034589268285e-01 -1.013443185141870151e-01 5.764756080385184944e-01 9.194983562410438682e-02 -6.741316127992469376e-02 -6.585801123627996745e-01 1.011881730294449611e+00 1.179385345578949362e+00 -1.986254994393670259e+00 5.607549038583936607e-01 2.190968803887106020e+00 -3.166130223689203049e-01 -4.072787908781618782e-01 1.485178597975870929e+00 2.899591635610856422e+00 -3.479363973161879287e+00
1.206162819977572853e-01 -1.953204620454367935e-01 1.765776851959243998e-01 1.588719462210765876e-01 -6.349686738570392563e-02 6.908461352999486493e-01 8.518179172343202932e-02 7.942747560742642321e-01 -2.837037602551264470e-01 1.188034046402538735e+00 1.587593484518916576e+00 -1.333973116390524183e+00 9.629201462269421086e-01 2.066637811555703585e+00 3.469713225985096017e-01 3.316855588664235910e-01 2.027287815557768269e+00 3.090892410734083384e+00 -4.472334053601588977e+00
1.147814737561456688e-01 -1.878427432982223699e-01 1.755204865164316230e-01 1.683751700862349265e-01 -5.226064168846289437e-02 5.330462464746794637e-01 8.815400047583371590e-02 -1.000065842209034273e+00 -6.316039232505250567e-01 2.210643579774274059e-02 8.206776382332332531e-01 -2.109178108017060183e+00 2.117479515559743675e-01 1.162028393959007921e+00 -5.464638107965882341e-01 -7.421066747869051738e-01 1.480889897254026977e+00 1.956758226680430646e+00 -2.106463929366010568e+00
1.296238230053818052e-01 -2.098643763198396184e-01 1.863141492685015388e-01 1.459485391750718897e-01 -1.478370708588122584e-01 4.798211098929971996e-01 8.021132229498439958e-02 -5.835286587528649704e-01 -6.229206074845086150e-01 -8.690257242399823667e-02 6.576766441703085775e-01 -1.812354993097226696e+00 -2.837408027974621660e-01 1.734348058049743457e+00 -1.340752065237947654e+00 -1.211366882753495133e-02 1.603369382220800610e+00 1.264193851175233974e+00 -2.038148424785146684e+00
1.254884131702138639e-01 -1.856071732858061152e-01 1.790854193112938753e-01 1.505557215398296567e-01 -1.265149628094263123e-01 4.920492970812118116e-01 8.808490436104926546e-02 4.232488586654543639e-01 -1.013547606800808687e+00 1.553227776509249480e+00 2.147971847100844656e-01 -9.021849866926316963e-01 2.556825864495770873e-01 1.561478580195885257e+00 3.561747345915513563e-01 -7.978987329551117114e-01 2.363007352002957084e+00 2.832849426879863408e+00 -3.345540535324861509e+00
1.254884131702138639e-01 -1.856071732858061152e-01 1.790854193112938753e-01 1.505557215398296567e-01 -1.265149628094263123e-01 4.920492970812118116e-01 8.808490436104926546e-02 4.232488586654543639e-01 -1.013547606800808687e+00 1.553227776509249480e+00 2.147971847100844656e-01 -9.021849866926316963e-01 2.556825864495770873e-01 1.561478580195885257e+00 3.561747345915513563e-01 -7.978987329551117114e-01 2.363007352002957084e+00 2.832849426879863408e+00 -3.345540535324861509e+00
1.206575468936355866e-01 -1.950424062300605277e-01 1.786993931634071331e-01 1.675661625205139282e-01 -1.013217847272798178e-01 5.469119233797110624e-01 8.513557119061970768e-02 -2.954699889606899887e-01 -9.774824438107003743e-01 6.416411596427096242e-01 9.909517401950296289e-02 -1.364115110839034806e+00 -5.001605782528901756e-01 1.535938548038186191e+00 -1.325832378861857563e-01 -1.059113781453514314e+00 2.173286980170173521e+00 1.081219728798804347e+00 -2.273840221119242777e+00
1.174079405029412604e-01 -1.809954041141920156e-01 1.750884663929489771e-01 1.595713081389221744e-01 -1.426677542059741066e-01 5.365909518123457289e-01 8.675336012224943438e-02 6.612182255956522425e-01 -5.886287756262600368e-01 1.408297598444003818e+00 4.923046598224578574e-01 -3.335192495131487078e-01 -6.220628797434990531e-02 2.401364152803254548e+00 1.608765719873836986e-01 -8.958026955310138817e-02 1.556288513957286845e+00 4.059281892901150712e+00 -4.015722143360540564e+00
1.167150320722791512e-01 -1.842587147894227950e-01 1.792192939036176269e-01 1.510865902722090537e-01 -1.214986888419287148e-01 6.126167081235496248e-01 8.979092891604370519e-02 1.043930143970376534e+00 -7.031283583155705230e-01 2.052257383374156419e+00 1.237324059752539895e+00 -9.537509117291804728e-01 1.048994188083788970e+00 2.340211661769341589e+00 4.181221182796655000e-01 -7.840572726012151605e-02 2.504796131467065479e+00 3.866587043341985108e+00 -4.931018868169399383e+00
1.213940096406265212e-01 -1.848157824758887569e-01 1.821472757204489756e-01 1.563025648029527925e-01 -1.203106120478499852e-01 5.182732796462574676e-01 8.279234181414306393e-02 8.343287410178499286e-01 -7.703633952299675514e-01 8.218366788994355687e-01 1.204024972948928962e+00 -1.446170513156043391e+00 5.375836058507230675e-01 1.849345128570209162e+00 2.264339893378597424e-02 -1.832283811457333655e-01 3.457050796127461467e+00 6.676389578549351000e-01 -3.570420523026159643e+00
1.170682443590745914e-01 -1.798072919409754999e-01 1.759339573038669613e-01 1.581268109745714856e-01 -1.213674459341994583e-01 5.704794856558939031e-01 8.195574799751316475e-02 -4.445032563946957893e-01 -3.901314660900450093e-01 2.491043982009912838e-01 9.223318147467605144e-01 -1.722262663842886177e+00 -8.204829770683286227e-02 1.892545017799802665e+00 -3.469870767642033726e-01 -2.622048726232275584e-01 2.064701682056363730e+00 2.150681579419031486e+00 -2.814465078302253787e+00
1.170682443590745914e-01 -1.798072919409754999e-01 1.759339573038669613e-01 1.581268109745714856e-01 -1.213674459341994583e-01 5.704794856558939031e-01 8.195574799751316475e-02 -4.445032563946957893e-01 -3.901314660900450093e-01 2.491043982009912838e-01 9.223318147467605144e-01 -1.722262663842886177e+00 -8.204829770683286227e-02 1.892545017799802665e+00 -3.469870767642033726e-01 -2.622048726232275584e-01 2.064701682056363730e+00 2.150681579419031486e+00 -2.814465078302253787e+00
1.164920351108074681e-01 -1.909403667418971828e-01 1.799166669452159084e-01 1.647781027113036645e-01 -1.222256910496273274e-01 5.590918853342028427e-01 8.562509868116621736e-02 7.813595076261670158e-03 -2.902286041667405669e-01 8.622338686360153659e-01 6.827394588984585511e-01 -6.862031360014411163e-01 -7.538050033288463680e-01 3.136174948249120575e+00 -8.873571751514157668e-01 -1.958565926804549662e-01 2.528102412667277754e+00 2.199068320964336465e+00 -3.496375256589636660e+00
1.188508269190947930e-01 -1.733185352652284461e-01 1.774028732657416396e-01 1.710218658908613243e-01 -9.261521321093701964e-02 5.696730351673369164e-01 8.619707286415062564e-02 -4.801912156843179957e-01 4.128584483707413710e-01 1.323084031562071772e-01 1.681600625399706672e+00 -1.842092314774439910e+00 7.907149405832871736e-01 1.790939676957020055e+00 2.103315447334015431e-01 -2.947655263924664482e-01 1.559319721529557334e+00 3.363326094029959634e+00 -3.599815810291230989e+00
1.205852783364741443e-01 -1.856524201378559891e-01 1.802797553707115030e-01 1.664158664069199656e-01 -1.031379467083802792e-01 6.664702571544669496e-01 9.302279720586660583e-02 -8.875493095666779908e-01 -5.966281758529738966e-01 3.927666750124192419e-01 7.986390138367562841e-01 -2.097019109788776703e+00 1.622229524495901742e-01 1.398373559591275850e+00 -4.589104691881784603e-01 -4.983186963534249614e-01 1.093176543302488923e+00 2.879908261828951765e+00 -2.396612081374517533e+00
1.205852783364741443e-01 -1.856524201378559891e-01 1.802797553707115030e-01 1.664158664069199656e-01 -1.031379467083802792e-01 6.664702571544669496e-01 9.302279720586660583e-02 -8.875493095666779908e-01 -5.966281758529738966e-01 3.927666750124192419e-01 7.986390138367562841e-01 -2.097019109788776703e+00 1.622229524495901742e-01 1.398373559591275850e+00 -4.589104691881784603e-01 -4.983186963534249614e-01 1.093176543302488923e+00 2.879908261828951765e+00 -2.396612081374517533e+00
1.183420293229155429e-01 -1.844688194870821030e-01 1.798058565019736432e-01 1.678505789743199861e-01 -1.116764371967337022e-01 4.767726356826655909e-01 9.242320931867495371e-02 9.849911320165549711e-02 1.012404012566037181e-01 9.673422750984101981e-01 1.241740117947818689e+00 -6.511606258878561704e-01 7.172554044876289225e-02 2.459081766511323153e+00 3.136007209022775299e-01 -4.921680399696999331e-01 2.209848088735366645e+00 3.392423654376791831e+00 -4.267885831697320498e+00
1.204702839438369921e-01 -1.696902391851674574e-01 1.774850957030351117e-01 1.676228711346544609e-01 -1.098376944873924455e-01 5.690399535397721031e-01 8.917997605395061589e-02 -1.391441865372533115e+00 -3.449041046882079797e-01 5.906557689252682763e-01 3.313775629226629604e-01 -1.427645741080909136e+00 -4.696734132123490113e-01 2.282614114453577869e+00 -1.075191259994873860e+00 -3.585633878555904985e-01 1.878320133257256330e+00 1.114490171156651499e+00 -2.441062334151652635e+00
1.157620073532566740e-01 -1.853976488298306746e-01 1.794180674149233323e-01 1.636216536264417654e-01 -1.164076961673529143e-01 5.470543040781183919e-01 8.181914160875859710e-02 1.164397088137722136e+00 -1.503014934152262061e+00 1.082594193175130393e+00 9.205212284363328834e-01 -1.922855147024989719e+00 6.845302936153245810e-01 1.277409322380519185e+00 3.634691109622139038e-01 -8.349916642365657893e-01 2.131847441287510136e+00 2.434521322446735248e+00 -3.168815795408677527e+00
1.125706270319898894e-01 -1.922496619836451259e-01 1.740088414582220411e-01 1.572944766445650844e-01 -1.633277110046604808e-01 5.617636064071143132e-01 8.514312351686426084e-02 -3.624424526057143936e-01 -1.368776852338031702e+00 6.536811099222150645e-01 2.561375646959760388e-01 -1.670617656126407002e+00 -1.907094858123894454e-01 1.245901505956395816e+00 -4.103696779177079534e-01 -8.928468409211101076e-01 1.118987626245440126e+00 2.320580850698457098e+00 -2.130879134310179168e+00
1.125706270319898894e-01 -1.922496619836451259e-01 1.740088414582220411e-01 1.572944766445650844e-01 -1.633277110046604808e-01 5.617636064071143132e-01 8.514312351686426084e-02 -3.624424526057143936e-01 -1.368776852338031702e+00 6.536811099222150645e-01 2.561375646959760388e-01 -1.670617656126407002e+00 -1.907094858123894454e-01 1.245901505956395816e+00 -4.103696779177079534e-01 -8.928468409211101076e-01 1.118987626245440126e+00 2.320580850698457098e+00 -2.130879134310179168e+00
1.182144568817030117e-01 -1.600364814817934467e-01 1.763381381730949604e-01 1.708794307283764136e-01 -1.493178359320584958e-01 5.737003527612429821e-01 8.652399224469375927e-02 -1.588114058017895402e-01 -8.223424207130687336e-01 7.495363874457128261e-01 5.843669517679819236e-01 -1.329072892863176758e+00 1.494221055038460477e-01 1.738495456003387396e+00 -6.086275743653271064e-01 -1.633269073706964392e-01 2.722697322171381273e+00 3.082298573430222177e-01 -2.912284835660031934e+00
1.182144568817030117e-01 -1.600364814817934467e-01 1.763381381730949604e-01 1.708794307283764136e-01 -1.493178359320584958e-01 5.737003527612429821e-01 8.652399224469375927e-02 -1.588114058017895402e-01 -8.223424207130687336e-01 7.495363874457128261e-01 5.843669517679819236e-01 -1.329072892863176758e+00 1.494221055038460477e-01 1.738495456003387396e+00 -6.086275743653271064e-01 -1.633269073706964392e-01 2.722697322171381273e+00 3.082298573430222177e-01 -2.912284835660031934e+00
1.215436853457674549e-01 -1.836543386188618232e-01 1.820427604727243298e-01 1.637116402592611042e-01 -7.712578099091349504e-02 5.985343533507450076e-01 8.918484424472658545e-02 -5.717719564415535416e-01 -1.588389692691347665e+00 9.887348762580803196e-01 2.673081840288205058e-01 -2.048293477718940103e+00 -1.567835768706284938e-01 1.578719653203005890e+00 -7.295941052335814803e-01 -4.953874055505735896e-01 8.659222152675374318e-01 2.260276648444349945e+00 -2.010283025116292421e+00
1.215436853457674549e-01 -1.836543386188618232e-01 1.820427604727243298e-01 1.637116402592611042e-01 -7.712578099091349504e-02 5.985343533507450076e-01 8.918484424472658545e-02 -5.717719564415535416e-01 -1.588389692691347665e+00 9.887348762580803196e-01 2.673081840288205058e-01 -2.048293477718940103e+00 -1.567835768706284938e-01 1.578719653203005890e+00 -7.295941052335814803e-01 -4.953874055505735896e-01 8.659222152675374318e-01 2.260276648444349945e+00 -2.010283025116292421e+00
1.177126094307743565e-01 -1.763954441044110477e-01 1.794292301652617438e-01 1.561575765107925395e-01 -1.567022981847566721e-01 5.446509776878478704e-01 8.902367497431629140e-02 6.900046271448125879e-01 -2.036059752883569551e+00 9.174100104301547987e-01 5.151199198015614655e-01 -2.078103456318604714e+00 -1.563627732397065984e-02 1.600783284166825915e+00 -5.348811893963762998e-01 -6.756502256677237028e-01 9.598014465847173327e-01 2.710912926898567221e+00 -2.220297810261543159e+00
1.208562870564019454e-01 -1.713014014231626914e-01 1.772977162452933075e-01 1.639132022774825170e-01 -1.689635241399557453e-01 5.285900779776970815e-01 8.625588018010482694e-02 -2.436194812242593599e-01 9.726770748511803788e-02 9.599074136721945649e-01 8.118030948684387127e-01 -8.765372951279726266e-01 3.976846424880253750e-01 1.918364617430312613e+00 2.230396143574830958e-01 -4.207404759228587920e-01 2.347040247246743760e+00 2.646649129866853301e+00 -3.794524010074942666e+00
1.208562870564019454e-01 -1.713014014231626914e-01 1.772977162452933075e-01 1.639132022774825170e-01 -1.689635241399557453e-01 5.285900779776970815e-01 8.625588018010482694e-02 -2.436194812242593599e-01 9.726770748511803788e-02 9.599074136721945649e-01 8.118030948684387127e-01 -8.765372951279726266e-01 3.976846424880253750e-01 1.918364617430312613e+00 2.230396143574830958e-01 -4.207404759228587920e-01 2.347040247246743760e+00 2.646649129866853301e+00 -3.794524010074942666e+00
1.240315101569323952e-01 -1.994435637380338466e-01 1.819913880570755704e-01 1.643668059268176274e-01 -6.405931665707298439e-02 5.079784449539861413e-01 8.556433923568654287e-02 1.553838191219039544e+00 -4.271575072757638480e-01 9.793872847729439002e-01 1.986478308650082347e+00 -1.655211384898589877e+00 1.441121459242697078e+00 1.746281703947949460e+00 6.380960206703845117e-01 6.828073136724377434e-02 2.627885058432383403e+00 2.503610578275793586e+00 -4.518655139902111095e+00
1.171635698452557772e-01 -1.726748556072790763e-01 1.776409647125574698e-01 1.700445566851455093e-01 -4.710793989372630275e-02 5.365914144481322978e-01 8.256551052651878164e-02 1.361313814429287561e+00 -3.670915493586077716e-01 1.159003778430069964e+00 1.416375213418978873e+00 -6.843092471989153935e-01 6.412308319137940416e-01 2.493275679194404404e+00 -4.082930406590534744e-02 5.123811539429015127e-01 2.556647667636399390e+00 2.812476300597074541e+00 -4.515670801925764977e+00
1.206307293968901240e-01 -1.979527213557173426e-01 1.745798940727799342e-01 1.684601358478493571e-01 -1.629275545071816600e-01 4.872220453585787148e-01 9.159946869951328396e-02 -1.504534477115786473e-01 -1.349707701582802954e+00 9.822454262464379582e-01 2.022548236348606920e-01 -1.555350607393404694e+00 -1.687472042630524527e-01 1.489139306207220237e+00 -4.048047040559605847e-01 -6.514887127463131478e-01 5.102647814754579514e-01 3.684162116788433750e+00 -2.327627623454469941e+00
1.207097956891187707e-01 -1.872723304183733783e-01 1.739465938954221358e-01 1.710159387650280749e-01 -1.350213047917379061e-01 4.959131318798570831e-01 8.744265787948538038e-02 1.169722352598076220e+00 -9.669511458630521972e-01 1.052049725445842299e+00 9.178295392143080988e-01 -1.107576115620143575e+00 1.803608764495319150e-01 2.268057022879215623e+00 -3.521811638330420990e-01 6.295074634502562105e-02 1.594611913320785668e+00 3.249214351052584604e+00 -3.606208822465670316e+00
1.210663099829564493e-01 -1.761411336959352592e-01 1.779911573053481466e-01 1.632261986562281164e-01 -5.643286307802319879e-02 6.304574451232327625e-01 8.256360930905037865e-02 -5.184142262224078479e-01 -1.281319362232347547e+00 4.097981546241111772e-01 4.793153626386557065e-01 -2.203219839422850157e+00 -1.479783381852639579e-01 1.739325374511560440e+00 -1.159496381251452046e+00 -3.166811562085838361e-01 1.760416983556531534e+00 1.663703740017097310e+00 -2.037004537712193475e+00
1.210663099829564493e-01 -1.761411336959352592e-01 1.779911573053481466e-01 1.632261986562281164e-01 -5.643286307802319879e-02 6.304574451232327625e-01 8.256360930905037865e-02 -5.184142262224078479e-01 -1.281319362232347547e+00 4.097981546241111772e-01 4.793153626386557065e-01 -2.203219839422850157e+00 -1.479783381852639579e-01 1.739325374511560440e+00 -1.159496381251452046e+00 -3.166811562085838361e-01 1.760416983556531534e+00 1.663703740017097310e+00 -2.037004537712193475e+00
1.233192580534942795e-01 -1.685523731210532006e-01 1.767541459982458207e-01 1.645769831875344424e-01 -8.776860908111294712e-02 4.828454134940205478e-01 9.094835136798504194e-02 8.959006885886378058e-02 -1.382190187061252296e+00 6.829920061708154577e-01 8.252914094781882426e-01 -2.376787692689964260e+00 6.407800022104552795e-01 1.421841432360555046e+00 -9.301615665365670083e-01 -2.285839838300773863e-02 1.249721715832816216e+00 1.912730427183129578e+00 -2.347762170185430541e+00
1.226834500644910786e-01 -1.981239997777582973e-01 1.832735511245996152e-01 1.501548419114041577e-01 -1.633286530939399572e-01 6.083638138231153292e-01 8.485009999846866713e-02 9.016794261282159439e-01 1.328417218903403807e-01 1.128434296727219177e+00 1.924070142910818682e+00 -1.186176530028426601e+00 1.180502249965938333e+00 2.152981434315226039e+00 7.961295174839104760e-01 1.062056245521887377e-01 2.604504930203054514e+00 3.290232589389175288e+00 -4.976883162543686900e+00
1.209104202576827269e-01 -1.753015155168513028e-01 1.792402219473079317e-01 1.642417724027384063e-01 -2.167072540542691605e-02 5.554472630306626080e-01 8.048292683319617502e-02 3.338984998280736249e-01 -1.119926492474787594e+00 1.078682135220343952e+00 1.820260742957300337e-01 -8.789947122751273767e-01 -1.946192838183602447e-01 1.890509436521137232e+00 -5.194238483185529276e-01 1.360633479088075859e-01 1.665008278447036361e+00 1.956931747513849018e+00 -2.977009995329137571e+00
1.209104202576827269e-01 -1.753015155168513028e-01 1.792402219473079317e-01 1.642417724027384063e-01 -2.167072540542691605e-02 5.554472630306626080e-01 8.048292683319617502e-02 3.338984998280736249e-01 -1.119926492474787594e+00 1.078682135220343952e+00 1.820260742957300337e-01 -8.789947122751273767e-01 -1.946192838183602447e-01 1.890509436521137232e+00 -5.194238483185529276e-01 1.360633479088075859e-01 1.665008278447036361e+00 1.956931747513849018e+00 -2.977009995329137571e+00
1.240807648928037576e-01 -2.031029078576953584e-01 1.823114651550163945e-01 1.434324492148895125e-01 -5.390966722891754603e-02 4.821409250575392491e-01 8.619855297740305899e-02 -3.263623703683631305e-01 -2.502504463380104127e-01 4.729228353839074472e-01 9.598396421690713609e-01 -1.224749988524412636e+00 -2.864161048539770604e-01 2.153208416083034038e+00 -2.690255867184667693e-01 -1.883333202624628555e-01 1.289026005527542651e+00 3.241807683802743867e+00 -3.079768898958296308e+00
1.210727369804297793e-01 -1.889047881574617005e-01 1.751183065295961461e-01 1.692118862887104225e-01 -1.606375771928234553e-01 4.653036694611882851e-01 8.322672240004683197e-02 1.539042624042750163e-01 -1.292087773005088369e+00 4.518273277325430826e-01 4.166803117684647617e-01 -1.716821275193745056e+00 -3.915477125176058948e-01 1.513748171061202186e+00 -5.389110436519644054e-01 -8.186778895462074601e-01 1.483534702761525992e+00 1.870880603815882282e+00 -2.161273779558110064e+00
1.194734402581631993e-01 -1.954033521385573069e-01 1.786606884794217642e-01 1.584366501399919747e-01 -9.107986600963391410e-02 5.608606826445532434e-01 9.089706242285951199e-02 -7.626143420351922941e-01 -6.176474126046587187e-01 6.293107877068688794e-01 4.196377395459016668e-01 -1.547350801413776900e+00 6.160713912730919617e-02 1.316982845591939011e+00 1.189243991147943547e-01 -1.245024581505994377e+00 1.534358795213128346e+00 1.925505447671710613e+00 -2.471413508988629992e+00
1.183923964219059100e-01 -1.823055669019542635e-01 1.792307556313843531e-01 1.644689805320105336e-01 -1.908380069144137714e-01 5.658215793559233653e-01 9.278897260393614843e-02 -1.547758651444830491e-02 1.611461935301523596e-01 1.063773314490044974e+00 1.524100325720936233e+00 -1.227973419231591201e+00 5.672803201065370615e-01 2.384375800666901135e+00 4.917193835039777028e-01 -1.405963789960313903e-01 1.739676148965251024e+00 4.026281703995646666e+00 -4.477294329966271746e+00
1.183923964219059100e-01 -1.823055669019542635e-01 1.792307556313843531e-01 1.644689805320105336e-01 -1.908380069144137714e-01 5.658215793559233653e-01 9.278897260393614843e-02 -1.547758651444830491e-02 1.611461935301523596e-01 1.063773314490044974e+00 1.524100325720936233e+00 -1.227973419231591201e+00 5.672803201065370615e-01 2.384375800666901135e+00 4.917193835039777028e-01 -1.405963789960313903e-01 1.739676148965251024e+00 4.026281703995646666e+00 -4.477294329966271746e+00
1.154268490202121356e-01 -1.768021386363805014e-01 1.728524035078785048e-01 1.631071246868261992e-01 -8.565307988291859242e-02 5.400946509588666622e-01 8.839909661361158855e-02 -1.091773445705737089e-01 -1.319512412272665802e+00 5.672238665881739195e-01 6.869623168742027275e-01 -2.039977960771816701e+00 -6.966844329526900026e-02 1.774282109850008560e+00 -1.073597368303904620e+00 -7.762039222718124520e-01 2.396544170863698753e+00 7.417265463361335520e-01 -2.291618823244653491e+00
1.250312459089212569e-01 -2.049603940078550957e-01 1.826363951731156954e-01 1.617367764541646213e-01 -8.553919581968105756e-02 5.274204368868486981e-01 8.444841852147416672e-02 -3.634933389919847713e-02 -1.124232594559172682e+00 6.066632931058393297e-01 5.045719606487111264e-01 -1.928186439184757184e+00 1.048009731774870446e-01 1.236830962577980308e+00 -9.642612082071533308e-02 -7.423589090091384790e-01 1.954284216225243398e+00 1.199468130709018254e+00 -2.326457044369154126e+00
1.196823600168649415e-01 -1.839406620267232673e-01 1.806824639354550344e-01 1.629798758459400920e-01 -1.115435234196509029e-01 5.834729475366224882e-01 9.438832581940599653e-02 -6.706941216994870558e-01 -3.013679579953514320e-01 3.141436527778509458e-01 9.717225418715518259e-01 -1.580247821706517453e+00 -4.082816608296626626e-01 1.965558679265405395e+00 -2.105734133706098632e-01 -7.846310920040169279e-01 1.526173979022365401e+00 2.612513444857325062e+00 -2.789868031163961870e+00
1.196823600168649415e-01 -1.839406620267232673e-01 1.806824639354550344e-01 1.629798758459400920e-01 -1.115435234196509029e-01 5.834729475366224882e-01 9.438832581940599653e-02 -6.706941216994870558e-01 -3.013679579953514320e-01 3.141436527778509458e-01 9.717225418715518259e-01 -1.580247821706517453e+00 -4.082816608296626626e-01 1.965558679265405395e+00 -2.105734133706098632e-01 -7.846310920040169279e-01 1.526173979022365401e+00 2.612513444857325062e+00 -2.789868031163961870e+00
1.205305230974279551e-01 -1.887056578661663320e-01 1.780019813645885851e-01 1.719423234294550351e-01 -1.994703635255434815e-01 5.541306747552359191e-01 8.865640536805310945e-02 -6.821253540472493881e-01 -2.244445918979565135e-01 4.046009464585642590e-01 8.097079562708309197e-01 -1.573457418606676761e+00 -1.863506410895450216e-01 1.972031542144058847e+00 -3.425245167780852640e-01 -6.204914078691521340e-01 2.242500900642200534e+00 2.020720481497320975e+00 -2.882744895767330284e+00
1.182291458452754684e-01 -1.632145795200454774e-01 1.769319628399829425e-01 1.528243638436409535e-01 -7.603056585917022936e-02 5.551275342480481712e-01 8.305766782258698633e-02 -6.793234678823472095e-01 -1.413333158057241690e-01 6.943100360057643528e-01 5.689563087065803160e-01 -1.195589518007944552e+00 3.382382875535858702e-01 1.701606210051892276e+00 -3.229267749153308387e-01 1.855685339763137875e-01 1.866833085374119072e+00 2.073612000984149439e+00 -3.164765789481364777e+00
1.182291458452754684e-01 -1.632145795200454774e-01 1.769319628399829425e-01 1.528243638436409535e-01 -7.603056585917022936e-02 5.551275342480481712e-01 8.305766782258698633e-02 -6.793234678823472095e-01 -1.413333158057241690e-01 6.943100360057643528e-01 5.689563087065803160e-01 -1.195589518007944552e+00 3.382382875535858702e-01 1.701606210051892276e+00 -3.229267749153308387e-01 1.855685339763137875e-01 1.866833085374119072e+00 2.073612000984149439e+00 -3.164765789481364777e+00
1.177228666434521065e-01 -1.618495373245036895e-01 1.739068093783364410e-01 1.622528721915581507e-01 -1.026897242981276159e-01 5.220565076630059309e-01 8.933947003819037169e-02 3.721150193182953814e-01 -1.539461249226699024e-01 1.022244477442741051e+00 1.272446721701192551e+00 -1.347821412538958707e+00 5.245891962855235846e-01 2.603510533236206292e+00 -7.437152720907738157e-01 7.691784513897896858e-01 1.975033324350090602e+00 2.410255571176914913e+00 -4.086226932262873923e+00
1.177228666434521065e-01 -1.618495373245036895e-01 1.739068093783364410e-01 1.622528721915581507e-01 -1.026897242981276159e-01 5.220565076630059309e-01 8.933947003819037169e-02 3.721150193182953814e-01 -1.539461249226699024e-01 1.022244477442741051e+00 1.272446721701192551e+00 -1.347821412538958707e+00 5.245891962855235846e-01 2.603510533236206292e+00 -7.437152720907738157e-01 7.691784513897896858e-01 1.975033324350090602e+00 2.410255571176914913e+00 -4.086226932262873923e+00
1.204165855423765252e-01 -1.950972845998443783e-01 1.777856010625518957e-01 1.579310655251362494e-01 -9.649770019130110565e-02 5.330354398222949541e-01 9.441145453003416121e-02 -6.722988421000621884e-01 -8.376375539638161172e-01 1.164941115160944562e+00 4.408183236710430108e-01 -1.822979155875270596e+00 2.589588058775742496e-01 1.918432539380690471e+00 -9.676636742816508985e-01 -8.342010345144146299e-02 9.410760905436541535e-01 2.410215703456682235e+00 -2.723107363351550791e+00
1.204165855423765252e-01 -1.950972845998443783e-01 1.777856010625518957e-01 1.579310655251362494e-01 -9.649770019130110565e-02 5.330354398222949541e-01 9.441145453003416121e-02 -6.722988421000621884e-01 -8.376375539638161172e-01 1.164941115160944562e+00 4.408183236710430108e-01 -1.822979155875270596e+00 2.589588058775742496e-01 1.918432539380690471e+00 -9.676636742816508985e-01 -8.342010345144146299e-02 9.410760905436541535e-01 2.410215703456682235e+00 -2.723107363351550791e+00
1.193056855418799522e-01 -1.864042519676347709e-01 1.771183642626706078e-01 1.555827498891345639e-01 -1.374955204670715858e-01 5.033448098895498823e-01 8.736296534430010308e-02 -2.690143238309552487e-01 -9.938850270272778786e-01 1.070771520428978718e+00 4.550776757499761516e-01 -2.041442438752128830e+00 1.141927717308369949e+00 5.208514878743750742e-01 3.836484144148126774e-01 -4.944078663830699938e-01 1.264822131212236300e+00 2.674421529231577388e+00 -2.739591969833548468e+00
1.190505175624565481e-01 -1.761323217570540667e-01 1.749080352240129643e-01 1.677082672617530301e-01 -3.050376993343906218e-02 5.908578115223437344e-01 9.101820227152551679e-02 -5.465695656033986438e-01 -7.944810786489799881e-01 1.095045875107640398e+00 4.322772779622088279e-01 -1.670223335194258585e+00 2.503512188618355339e-01 1.803879260986164468e+00 -8.853579205721553436e-01 5.050021679255314311e-01 9.229765950342372349e-01 2.321708783554685240e+00 -2.875149633551463246e+00
1.197006966549384044e-01 -1.841086121257524133e-01 1.794455708210847267e-01 1.655172170823133726e-01 -2.446701002292369642e-01 5.358343911255114556e-01 8.839584212111195605e-02 6.722244090551434681e-01 -1.340389236334413869e+00 1.334621258787890064e+00 8.445031549283275041e-01 -1.674066445098970846e+00 3.781592025119326905e-01 2.034240010813286759e+00 -1.955394934988676781e-01 -5.580543213460140706e-01 2.230858612547441666e+00 1.930112278025539752e+00 -3.306690366191012309e+00
1.197006966549384044e-01 -1.841086121257524133e-01 1.794455708210847267e-01 1.655172170823133726e-01 -2.446701002292369642e-01 5.358343911255114556e-01 8.839584212111195605e-02 6.722244090551434681e-01 -1.340389236334413869e+00 1.334621258787890064e+00 8.445031549283275041e-01 -1.674066445098970846e+00 3.781592025119326905e-01 2.034240010813286759e+00 -1.955394934988676781e-01 -5.580543213460140706e-01 2.230858612547441666e+00 1.930112278025539752e+00 -3.306690366191012309e+00
1.194985064626887805e-01 -1.920378138210044883e-01 1.745250700309421976e-01 1.611406694973760434e-01 -1.048588480981779147e-01 5.470576346081883479e-01 9.254434533717950662e-02 6.100742018965554792e-01 2.387259339048277695e-01 1.007455470516690710e+00 1.906756467317429760e+00 -9.688588080887203802e-01 5.672751234097397344e-01 2.851085047212262857e+00 1.199350380604276012e-01 1.464718942711451533e-01 2.317861043522344566e+00 3.332446138284897330e+00 -4.941753538860946371e+00
1.194985064626887805e-01 -1.920378138210044883e-01 1.745250700309421976e-01 1.611406694973760434e-01 -1.048588480981779147e-01 5.470576346081883479e-01 9.254434533717950662e-02 6.100742018965554792e-01 2.387259339048277695e-01 1.007455470516690710e+00 1.906756467317429760e+00 -9.688588080887203802e-01 5.672751234097397344e-01 2.851085047212262857e+00 1.199350380604276012e-01 1.464718942711451533e-01 2.317861043522344566e+00 3.332446138284897330e+00 -4.941753538860946371e+00
1.171992941104560981e-01 -1.840453754165560785e-01 1.753879816257586377e-01 1.686658565524765674e-01 -8.285592443677813890e-02 5.278943851971185097e-01 8.980857078830464801e-02 1.028422682922514042e-01 -9.841002783443562052e-01 1.237750960439836234e+00 2.341575972803697780e-01 -8.989649965781776331e-01 -4.841290021258330967e-01 2.050757928173874589e+00 3.459440955424852859e-01 -1.215244822663492652e+00 2.035764982090392472e+00 2.748427527438704665e+00 -3.094169985591349370e+00
1.171992941104560981e-01 -1.840453754165560785e-01 1.753879816257586377e-01 1.686658565524765674e-01 -8.285592443677813890e-02 5.278943851971185097e-01 8.980857078830464801e-02 1.028422682922514042e-01 -9.841002783443562052e-01 1.237750960439836234e+00 2.341575972803697780e-01 -8.989649965781776331e-01 -4.841290021258330967e-01 2.050757928173874589e+00 3.459440955424852859e-01 -1.215244822663492652e+00 2.035764982090392472e+00 2.748427527438704665e+00 -3.094169985591349370e+00
1.165115373505002938e-01 -1.797735951351894235e-01 1.775761184826143146e-01 1.441455909445901185e-01 -2.590522561544494895e-02 5.951572499919270953e-01 9.039151104944896653e-02 2.179514684734451535e-01 -7.720165762081929728e-01 7.362543587274394952e-01 1.303311384074205215e+00 -1.973333552836016747e+00 4.574773021381686178e-01 1.862638470401054569e+00 -1.133153461708316101e-01 -8.261925201273232489e-01 1.968868498408077983e+00 2.835450738837458573e+00 -3.291431504912690542e+00
1.165115373505002938e-01 -1.797735951351894235e-01 1.775761184826143146e-01 1.441455909445901185e-01 -2.590522561544494895e-02 5.951572499919270953e-01 9.039151104944896653e-02 2.179514684734451535e-01 -7.720165762081929728e-01 7.362543587274394952e-01 1.303311384074205215e+00 -1.973333552836016747e+00 4.574773021381686178e-01 1.862638470401054569e+00 -1.133153461708316101e-01 -8.261925201273232489e-01 1.968868498408077983e+00 2.835450738837458573e+00 -3.291431504912690542e+00
1.187241188909029799e-01 -1.662393447370569266e-01 1.772731664335870927e-01 1.566714827509003705e-01 -1.048629076874270094e-01 4.595150319131131589e-01 9.081897531165955550e-02 -5.461867784499778722e-01 -8.898235488093062528e-01 9.605422581544118543e-01 2.276547675831093187e-01 -1.317846869411792632e+00 8.590100926355326294e-02 1.327914221839838760e+00 9.299391197237660833e-02 -1.006172305769011288e+00 1.573689189826223078e+00 1.993864557813901150e+00 -2.626505620880083214e+00
1.200554215518126466e-01 -1.688983982158316355e-01 1.756070532629538106e-01 1.829595884240997616e-01 -1.362547674834798661e-01 4.924011326048711723e-01 8.987580945902622076e-02 5.275270395831910264e-02 -1.433019186908079945e-02 9.353436805382440156e-01 1.151694299757172857e+00 -1.231318868855407089e+00 4.989242056978522299e-01 2.586896776866581149e+00 -5.409936886952140256e-01 3.073310861452336340e-01 2.124787726146307953e+00 2.264147456308669426e+00 -3.974160584765132231e+00
1.214818870201678225e-01 -1.855095049538151852e-01 1.800727708679239480e-01 1.525096388363693656e-01 -6.916266281608574040e-02 6.515272600197974384e-01 8.465357176157653485e-02 1.993614023850582839e-01 -6.820110368425522651e-01 1.164316796172007784e+00 3.132975787751526298e-01 -4.461159892425339279e-01 -4.013337757850372611e-01 2.271891814942806676e+00 -1.751470994407400283e-01 -2.641714983058109922e-01 2.374759350032547012e+00 2.475811905128938228e+00 -3.404506419291284836e+00
1.132455296652240262e-01 -1.864744516809829777e-01 1.756482508765769834e-01 1.753003971164971420e-01 -1.727971063718637401e-01 5.042791250509752743e-01 8.737785101379301478e-02 1.006132491927154149e-01 -1.003524109271279219e+00 4.948469624210760642e-01 7.875201589380678158e-01 -1.553045033154338839e+00 -4.298839621473451444e-01 1.909306730470831326e+00 -4.513412399290768207e-01 -7.685851469620708087e-01 1.904567177522521249e+00 2.257873672007647770e+00 -2.596240846617840603e+00
1.212138623875818888e-01 -1.782083608116912798e-01 1.795172013921550458e-01 1.585578669265452767e-01 -1.307181370272262333e-01 4.677649241664636470e-01 8.671602471525247102e-02 9.185070515197217844e-01 -4.416406370759222710e-01 1.935193273639390199e+00 8.393024175585850344e-01 -1.305031775775118419e-01 6.709311178503263307e-02 3.024342056644096388e+00 1.182274590708223272e-01 2.006023843979853893e-01 3.420725013071459486e+00 2.002175549565359702e+00 -4.747226266859545518e+00
1.220330725670506489e-01 -1.930123381581087538e-01 1.753950263118350394e-01 1.666660903736666421e-01 -1.002727420299713845e-01 4.942116849785254118e-01 8.658148610279409185e-02 -2.929074711376875584e-01 2.044391857558274239e-01 9.967352649895522276e-01 8.941347824704060088e-01 -6.972026529437105324e-01 3.403453714112911754e-01 2.078338213216338382e+00 6.093234903484550102e-01 -4.642721341686764092e-01 2.516653565038067697e+00 3.013420358411348587e+00 -4.065602499593998331e+00
1.220330725670506489e-01 -1.930123381581087538e-01 1.753950263118350394e-01 1.666660903736666421e-01 -1.002727420299713845e-01 4.942116849785254118e-01 8.658148610279409185e-02 -2.929074711376875584e-01 2.044391857558274239e-01 9.967352649895522276e-01 8.941347824704060088e-01 -6.972026529437105324e-01 3.403453714112911754e-01 2.078338213216338382e+00 6.093234903484550102e-01 -4.642721341686764092e-01 2.516653565038067697e+00 3.013420358411348587e+00 -4.065602499593998331e+00
1.161248026646168330e-01 -1.754449625235326438e-01 1.796125017801701307e-01 1.622002404516101892e-01 -1.153855191046275763e-01 5.145488154720676555e-01 8.755502295345740649e-02 -1.081307759907970123e+00 -7.951006113995937596e-01 7.569948598307654208e-01 4.331040564532333548e-01 -2.016895332944294683e+00 3.222041128339192539e-01 1.156296647204568373e+00 -3.045631708217886313e-01 -4.817798763768532666e-01 1.142559178110699847e+00 1.751720327731690396e+00 -2.369043051540526967e+00
1.184056940056816831e-01 -1.845264430575512260e-01 1.800109430995626703e-01 1.636319588248582590e-01 -1.472011743833339104e-01 5.631157840611495935e-01 8.709302091261481027e-02 1.723140466585872943e-01 5.545298402785112657e-01 5.575696372588474503e-01 1.797860038015334894e+00 -1.185272256930691270e+00 7.730063402836426789e-01 2.503606097369531547e+00 -1.966519906946828655e-02 -8.559220526319855082e-02 3.332180578061125331e+00 1.491108773859993519e+00 -4.499434219364864873e+00
1.227358626017999721e-01 -1.929493534598344384e-01 1.759001802447189566e-01 1.710144454851707518e-01 -1.397294958541562826e-01 5.706207822489015591e-01 8.624965823718749869e-02 -4.389675561354717814e-01 -1.827578513296064244e-01 9.125373668143019756e-01 5.218366845754278671e-01 -1.156502192512026017e+00 3.459845310216564940e-01 1.645485895093777629e+00 3.114634662939952392e-02 -6.581324296006449970e-01 2.387357595858246917e+00 2.070405338055492095e+00 -3.290521899937310923e+00
1.155688303207352274e-01 -1.798793321298557402e-01 1.746915253298761406e-01 1.666540164405213575e-01 -5.725079131145083267e-02 5.800728658787539516e-01 8.943213712605724286e-02 4.629606387741755924e-01 -8.764553607063163554e-02 1.266008668969302420e+00 1.116949370454678458e+00 -6.710096623817998207e-01 -5.355346423256168720e-02 3.251603696559623558e+00 -6.935933214749292475e-01 3.451966631882585901e-01 2.984056341664533818e+00 2.052668300178940086e+00 -4.418661483641683319e+00
1.178041624577275126e-01 -1.751969211134862814e-01 1.722047100455551261e-01 1.715667309829348453e-01 -5.997027967504697799e-02 5.333259489706159151e-01 8.565998132384688990e-02 2.759838118828481512e-01 -9.687333457275268955e-01 8.492766635259760832e-01 9.883422515550757126e-01 -1.855104675836993788e+00 4.123239429983964754e-01 2.013670445352271798e+00 -8.100954390903005731e-01 -3.769113801539987207e-01 2.474203684781758561e+00 2.024229187993547008e+00 -3.114291242954820405e+00
1.130421787625640606e-01 -1.570016967979350753e-01 1.766744422022450134e-01 1.563242418707955217e-01 -1.342400038805553475e-01 6.076050341933059151e-01 8.696856828350268964e-02 1.050532138291954354e+00 -7.287747941028115406e-01 1.441790598580579896e+00 1.167326076560037507e+00 -9.631761657144499722e-01 5.553548111667456766e-01 2.121544018834957690e+00 6.959867435238713540e-01 -6.574202540132718653e-01 2.694284638696119671e+00 3.342721365132204525e+00 -4.370280651589651733e+00
1.130421787625640606e-01 -1.570016967979350753e-01 1.766744422022450134e-01 1.563242418707955217e-01 -1.342400038805553475e-01 6.076050341933059151e-01 8.696856828350268964e-02 1.050532138291954354e+00 -7.287747941028115406e-01 1.441790598580579896e+00 1.167326076560037507e+00 -9.631761657144499722e-01 5.553548111667456766e-01 2.121544018834957690e+00 6.959867435238713540e-01 -6.574202540132718653e-01 2.694284638696119671e+00 3.342721365132204525e+00 -4.370280651589651733e+00
1.207750444189821803e-01 -1.798782044764203891e-01 1.828346838616763115e-01 1.648858044084259289e-01 -1.230114627294179863e-01 4.831732014668879138e-01 9.094357710585920795e-02 -1.036796996899691070e+00 -6.379638736031836288e-01 2.615293439160204514e-02 9.073258378598225704e-01 -2.176052117458597834e+00 -3.280160402710032841e-01 1.887172174874480746e+00 -1.066833920953258463e+00 -5.022406050772421082e-01 1.780674503194418001e+00 1.302452959061341176e+00 -2.039626355156672233e+00
1.219407013202474799e-01 -1.918752268926258719e-01 1.757715821746080043e-01 1.538199691115029744e-01 -1.241125231603078527e-01 4.977320009501409181e-01 8.676235508202846669e-02 7.806393259837118848e-02 2.248441845571811371e-01 4.227656814530922347e-01 1.686639755207030689e+00 -1.367851584410241017e+00 5.711326666241642869e-01 1.982441913078679896e+00 5.128102722120981838e-01 -9.615810555212451760e-01 3.002166337505707716e+00 2.222568188463275085e+00 -3.955825677796033890e+00
1.199483133818048941e-01 -1.876763538685379262e-01 1.769269674224756006e-01 1.690854369561922699e-01 -1.357801397941014176e-01 4.107591628873228373e-01 8.796634591194774089e-02 8.405034948881020540e-01 3.249558101424305789e-01 1.091656372192733038e+00 1.531093495301667495e+00 -6.469171915236842096e-01 8.832070956233142311e-01 2.366704932464802624e+00 5.350277135748182644e-01 1.985301404174668605e-01 2.363342110263051410e+00 3.250316864435573549e+00 -4.874689501457400986e+00
1.199483133818048941e-01 -1.876763538685379262e-01 1.769269674224756006e-01 1.690854369561922699e-01 -1.357801397941014176e-01 4.107591628873228373e-01 8.796634591194774089e-02 8.405034948881020540e-01 3.249558101424305789e-01 1.091656372192733038e+00 1.531093495301667495e+00 -6.469171915236842096e-01 8.832070956233142311e-01 2.366704932464802624e+00 5.350277135748182644e-01 1.985301404174668605e-01 2.363342110263051410e+00 3.250316864435573549e+00 -4.874689501457400986e+00
1.211938325027217267e-01 -1.736222568603211780e-01 1.761619670685357353e-01 1.607205787550316511e-01 -8.330685705168949795e-02 4.130524749745863033e-01 8.481936247706665932e-02 9.222520898230168740e-02 1.147787412774183835e-01 8.409722941430155529e-01 1.123126426145835133e+00 -9.463282233526655318e-01 2.303230443825645679e-01 2.463927396971419270e+00 -8.124300908908921315e-03 7.898092656247079901e-02 2.516539495854352992e+00 2.264638368887975872e+00 -3.946432568714770994e+00
1.237698462691668166e-01 -1.973271913244194486e-01 1.797552715229991660e-01 1.534689289185001693e-01 -1.582129984232852893e-01 5.105408389182430895e-01 8.817652520513549752e-02 8.569182939878272620e-01 -9.095398025000118736e-01 9.021094565961771394e-01 1.350606459986348540e+00 -1.780364666215192404e+00 6.992519894609463549e-01 1.852627937682238546e+00 1.322491281495787874e-01 -4.426418681444275194e-01 1.272667852919539655e+00 3.411887768435386548e+00 -3.524651266906383196e+00
1.237698462691668166e-01 -1.973271913244194486e-01 1.797552715229991660e-01 1.534689289185001693e-01 -1.582129984232852893e-01 5.105408389182430895e-01 8.817652520513549752e-02 8.569182939878272620e-01 -9.095398025000118736e-01 9.021094565961771394e-01 1.350606459986348540e+00 -1.780364666215192404e+00 6.992519894609463549e-01 1.852627937682238546e+00 1.322491281495787874e-01 -4.426418681444275194e-01 1.272667852919539655e+00 3.411887768435386548e+00 -3.524651266906383196e+00
1.208491626825072551e-01 -1.758480584010745362e-01 1.774878593542092986e-01 1.553184462025917201e-01 -8.895130724934297017e-02 5.534428212890207810e-01 8.217328258012555897e-02 -4.604969743960705131e-01 -3.340541245138828330e-01 3.945877684900391813e-01 4.306937360729197195e-01 -1.198014707364084330e+00 -3.559631642654847994e-01 1.947653924936545877e+00 -6.138870309945527737e-01 -3.402262126948176757e-01 2.483864372575043333e+00 1.136717158635043745e+00 -2.755201159056752225e+00
1.188831485864736970e-01 -1.796775509101218860e-01 1.795650310218596668e-01 1.428476211316963562e-01 -1.398492525965107092e-01 4.782704482334811935e-01 8.671063163977271726e-02 5.136429611089567970e-01 -2.199520931752001474e-01 1.002822065848068434e+00 1.265086855748219996e+00 -8.585275413380539788e-01 1.372079923636526644e-01 2.563765063740451211e+00 1.912710590197139737e-01 -4.659538564020984097e-01 2.521584365099198699e+00 2.620361519087103019e+00 -4.092838589502212798e+00
1.188719495318562858e-01 -1.969515474289035284e-01 1.792221448405235118e-01 1.577271540710881714e-01 -1.925714064898912392e-01 5.798984691537003577e-01 9.065265307579420395e-02 5.776231451395226202e-01 -2.319035515401193237e-01 1.240695916704039448e+00 1.253719308106045816e+00 -7.576598885608412104e-01 4.218755496723680665e-02 2.974719928801885516e+00 1.336931373944008072e-01 -5.647874689612599752e-01 2.545961966986367564e+00 3.194776939312575337e+00 -4.441309088282102913e+00
1.215339908198001528e-01 -1.822406659353525971e-01 1.786149976366309400e-01 1.638292263352125744e-01 -1.632316992457750748e-01 5.211767307599597387e-01 8.605888446841782058e-02 -8.443678633641207298e-01 -3.466153016729824898e-01 3.362485630495948286e-01 8.202700643380742562e-01 -1.904997081725110508e+00 7.293743353860016043e-03 1.935382681787970682e+00 -1.010173656978691881e+00 -1.201571917692376701e-01 2.257972979107679024e+00 1.564555790401285229e+00 -2.548312150045667579e+00
1.215339908198001528e-01 -1.822406659353525971e-01 1.786149976366309400e-01 1.638292263352125744e-01 -1.632316992457750748e-01 5.211767307599597387e-01 8.605888446841782058e-02 -8.443678633641207298e-01 -3.466153016729824898e-01 3.362485630495948286e-01 8.202700643380742562e-01 -1.904997081725110508e+00 7.293743353860016043e-03 1.935382681787970682e+00 -1.010173656978691881e+00 -1.201571917692376701e-01 2.257972979107679024e+00 1.564555790401285229e+00 -2.548312150045667579e+00
1.194868114498322254e-01 -1.928712802698677176e-01 1.766490333820435743e-01 1.609286882921920903e-01 -9.940259340988610859e-02 5.693146368530292989e-01 8.279841400271052698e-02 3.446460343896600165e-01 -4.861887124386230496e-01 9.389212108352857911e-01 1.361170199564032401e+00 -1.885562313594712602e+00 8.715313813377125740e-01 1.691001469759588538e+00 8.341890161596587916e-02 -2.388807178088701022e-01 2.450078882297344940e+00 1.976406617917966457e+00 -3.686155246098617777e+00
1.228838225979914101e-01 -1.737027425931437219e-01 1.822700732906846754e-01 1.586692267143923196e-01 -1.051986439627882186e-01 5.490021400800855211e-01 8.808599916816550746e-02 -2.570873490180574095e-01 -1.406702131028346514e+00 1.114479889975746651e+00 3.910674925709312078e-02 -1.590450352788830291e+00 5.287431989717372716e-02 1.045563742161782272e+00 6.046894633665544916e-02 -8.770027968280569297e-01 1.720010810139369184e+00 1.172171809126703934e+00 -2.260294435720628492e+00
1.255408752784595572e-01 -2.135812782882092753e-01 1.821798903067142483e-01 1.457915844827977203e-01 -7.772779351297010031e-02 5.167783824705645124e-01 9.175024213836519005e-02 -8.964666882536018733e-01 -5.793062598828759846e-01 3.113021883931850198e-01 4.593286733778860764e-01 -1.502320135275394986e+00 -4.341942334293884542e-01 1.537264462146056054e+00 -3.220061494581392125e-01 -8.047435181270676807e-01 1.074093725350716788e+00 2.099725289680405282e+00 -2.191311719268411728e+00
1.235861306004517324e-01 -1.863854468816490417e-01 1.813955983082638501e-01 1.496589728631964045e-01 -1.636466524108741716e-01 4.496278000929039287e-01 8.297989800852699493e-02 1.917843281948828249e+00 -5.549092388840684009e-01 1.402864922101865197e+00 1.789206009639280559e+00 -1.215639460909785363e+00 1.508385577019646817e+00 2.016389975579874871e+00 5.160117614362160765e-01 6.320227693818765147e-01 3.009873126996145842e+00 2.530845194781148777e+00 -4.871634739409463677e+00
1.235861306004517324e-01 -1.863854468816490417e-01 1.813955983082638501e-01 1.496589728631964045e-01 -1.636466524108741716e-01 4.496278000929039287e-01 8.297989800852699493e-02 1.917843281948828249e+00 -5.549092388840684009e-01 1.402864922101865197e+00 1.789206009639280559e+00 -1.215639460909785363e+00 1.508385577019646817e+00 2.016389975579874871e+00 5.160117614362160765e-01 6.320227693818765147e-01 3.009873126996145842e+00 2.530845194781148777e+00 -4.871634739409463677e+00
1.205458089624031337e-01 -1.950525944035023662e-01 1.772793184979453984e-01 1.579300872434482583e-01 -5.315183346223606442e-02 5.343146351833127916e-01 8.680351929911760134e-02 2.924720483696576778e-01 -3.974271417895343106e-01 1.143756657674796173e+00 1.041195929198401871e+00 -8.608205947349603093e-01 -4.798200315700782426e-01 3.276677849103567297e+00 -6.899184978122967493e-01 -7.887632479017447906e-02 2.444933930957154722e+00 2.563968845737410795e+00 -3.921407207387193949e+00
1.167023248733934371e-01 -1.957228705577118144e-01 1.751576188930994982e-01 1.672033730806903318e-01 -1.192034590102846181e-01 6.247580459130048780e-01 8.507509476180029340e-02 3.102515260432268107e-01 -6.501705471616805454e-01 6.066971219021066730e-01 1.359298396152331279e+00 -2.050898344918813621e+00 8.000937259811893298e-01 1.740891599842687931e+00 -4.828559340179712223e-01 2.612623996262710691e-01 1.686994092824947167e+00 1.859588127242854938e+00 -3.352079050970319773e+00
1.167023248733934371e-01 -1.957228705577118144e-01 1.751576188930994982e-01 1.672033730806903318e-01 -1.192034590102846181e-01 6.247580459130048780e-01 8.507509476180029340e-02 3.102515260432268107e-01 -6.501705471616805454e-01 6.066971219021066730e-01 1.359298396152331279e+00 -2.050898344918813621e+00 8.000937259811893298e-01 1.740891599842687931e+00 -4.828559340179712223e-01 2.612623996262710691e-01 1.686994092824947167e+00 1.859588127242854938e+00 -3.352079050970319773e+00
1.164593939338231798e-01 -1.820773444505487948e-01 1.728727971341351699e-01 1.687630250120818465e-01 -1.489336741739157866e-01 5.866264557981448746e-01 8.633539655786887090e-02 9.803218551537256076e-01 -1.332834878354072217e-01 1.259809407172765461e+00 1.755817461399442614e+00 -1.194392389842713342e+00 9.526306511159541301e-01 2.783543629048061518e+00 -3.507564354295453768e-01 1.080967868390025011e+00 2.388184991619900721e+00 3.197668754903817856e+00 -4.912634409694638826e+00
1.209375179688826629e-01 -1.896668359191076014e-01 1.807818906560063332e-01 1.538122714947117720e-01 -1.456185220274850423e-01 4.906909887268979809e-01 8.071404190527996236e-02 1.240401343694983893e+00 -3.395514329029829526e-01 1.836743293653089637e+00 8.052403368540606010e-01 1.035542164144489519e-01 4.556005992555691719e-01 2.717231477114673055e+00 4.359467372964287435e-01 3.528141790689272028e-01 3.079374880717375973e+00 2.674445245908123603e+00 -4.840536582375756680e+00
1.172314502326695096e-01 -1.830594809728588457e-01 1.781166128232452850e-01 1.735527012033698524e-01 -1.159156182989756756e-01 6.145834686377233957e-01 8.588194628380063644e-02 3.131887516867495336e-01 -1.183830981475404442e-01 1.289527798192335872e+00 1.069932394366206907e+00 -8.586665228203820277e-01 3.700408115845643664e-01 2.413773987078792871e+00 4.490454312368257206e-01 -3.464122520517696202e-01 2.967362189777444925e+00 1.775751154624115813e+00 -4.362607990400040769e+00
1.185392442604312480e-01 -1.769703999571640152e-01 1.773353367651819557e-01 1.648110180034378924e-01 -1.950297120744165502e-01 5.047192546170591321e-01 8.564824630497572255e-02 -1.191561103097520391e+00 -7.079540282649672278e-01 3.715907642730069682e-01 2.484321074920172734e-01 -1.853146924520350236e+00 -2.515241999633861525e-01 1.735984852346495799e+00 -9.713262694406665787e-01 -7.351438980933249212e-01 1.761615000322793279e+00 2.157306189411261066e+00 -2.055511251164922726e+00
1.185392442604312480e-01 -1.769703999571640152e-01 1.773353367651819557e-01 1.648110180034378924e-01 -1.950297120744165502e-01 5.047192546170591321e-01 8.564824630497572255e-02 -1.191561103097520391e+00 -7.079540282649672278e-01 3.715907642730069682e-01 2.484321074920172734e-01 -1.853146924520350236e+00 -2.515241999633861525e-01 1.735984852346495799e+00 -9.713262694406665787e-01 -7.351438980933249212e-01 1.761615000322793279e+00 2.157306189411261066e+00 -2.055511251164922726e+00
1.208848327282936175e-01 -1.960111743163741593e-01 1.799288434083313737e-01 1.540200978976730140e-01 -1.578436692839145783e-01 6.275176271958402552e-01 8.097484022924666958e-02 1.473616280024021563e-01 -1.069315436694755928e+00 5.339083955873213938e-01 4.297960509555878161e-01 -1.674444272959382474e+00 -4.720427260365944733e-02 1.596496964659912976e+00 -6.277495565965249824e-01 -4.676719470975054804e-01 1.820088562797520737e+00 2.476321096838265845e+00 -2.490516453786677076e+00
1.262460534189555339e-01 -1.935181589356852472e-01 1.784683065106902333e-01 1.586134183670959708e-01 -1.709547771906566593e-01 5.598526374243268933e-01 8.347709411178319550e-02 6.938729852689364819e-01 -9.540283897136454527e-01 7.672273411231502749e-01 9.101789647494928914e-01 -1.249531278364260700e+00 -1.175459247226759985e-01 2.418594839508188876e+00 -7.412209679103991533e-01 5.475394593355797923e-02 2.682429594822593799e+00 6.853888425658869465e-01 -3.210825866612518009e+00
1.160810029146971956e-01 -1.896636918536755978e-01 1.775345823254119437e-01 1.643010198207448536e-01 -9.605571887074271231e-02 5.779292891008362965e-01 8.628820788462607250e-02 1.003962727813942912e+00 -8.045207788472330535e-01 1.383017022380236938e+00 1.052535325509511566e+00 -9.785122446656249195e-01 3.366167316718815528e-01 2.100070444470785169e+00 4.134843853461482865e-01 -9.931635100008335826e-01 3.240374585915775540e+00 2.547301032225525397e+00 -4.043451138174777526e+00
1.160810029146971956e-01 -1.896636918536755978e-01 1.775345823254119437e-01 1.643010198207448536e-01 -9.605571887074271231e-02 5.779292891008362965e-01 8.628820788462607250e-02 1.003962727813942912e+00 -8.045207788472330535e-01 1.383017022380236938e+00 1.052535325509511566e+00 -9.785122446656249195e-01 3.366167316718815528e-01 2.100070444470785169e+00 4.134843853461482865e-01 -9.931635100008335826e-01 3.240374585915775540e+00 2.547301032225525397e+00 -4.043451138174777526e+00
1.158576742987240393e-01 -1.862267881145448500e-01 1.774820752135373159e-01 1.631582455882489846e-01 -1.036899941473699016e-01 5.564865125916198529e-01 9.181845080212702737e-02 6.020378249662892145e-01 -1.142518725478911090e+00 1.592256067295288346e+00 6.208165028096654936e-01 -1.110626086877798180e+00 6.095705097011361318e-02 2.647809329446992876e+00 -5.708759994673071603e-01 -5.872345313486064811e-01 2.646929359785418434e+00 2.311317592595742987e+00 -3.681011950447109271e+00
1.158576742987240393e-01 -1.862267881145448500e-01 1.774820752135373159e-01 1.631582455882489846e-01 -1.036899941473699016e-01 5.564865125916198529e-01 9.181845080212702737e-02 6.020378249662892145e-01 -1.142518725478911090e+00 1.592256067295288346e+00 6.208165028096654936e-01 -1.110626086877798180e+00 6.095705097011361318e-02 2.647809329446992876e+00 -5.708759994673071603e-01 -5.872345313486064811e-01 2.646929359785418434e+00 2.311317592595742987e+00 -3.681011950447109271e+00
1.190100483941693432e-01 -1.853721840814895883e-01 1.794806463110359129e-01 1.516164300118018060e-01 -9.510676403943585377e-02 5.443673299310800573e-01 8.043967351626676865e-02 -4.169793248353084181e-01 -9.068808136438715195e-01 6.274259662693442152e-01 9.386903288592041150e-02 -1.316400293240379327e+00 -2.768115292192101506e-01 1.576435271431854801e+00 -4.431500427513039853e-01 -1.441337621654930068e+00 3.074474688671637423e+00 1.205320770333047520e+00 -2.371664416943013443e+00
1.124537121810984530e-01 -1.736952528084326763e-01 1.782416243390123889e-01 1.559298634973054209e-01 -1.267546673631252396e-01 4.541207391155768214e-01 8.711155309822088411e-02 9.403004352796449083e-01 -4.932914708648379332e-01 1.355497954678947181e+00 1.595804156736853052e+00 -1.469090672402362241e+00 8.539905984033051567e-01 2.648598836830244885e+00 -1.812304018783468251e-01 3.134881527871495877e-01 2.234380886272050226e+00 3.455037257530893413e+00 -4.486077219833902952e+00
1.124537121810984530e-01 -1.736952528084326763e-01 1.782416243390123889e-01 1.559298634973054209e-01 -1.267546673631252396e-01 4.541207391155768214e-01 8.711155309822088411e-02 9.403004352796449083e-01 -4.932914708648379332e-01 1.355497954678947181e+00 1.595804156736853052e+00 -1.469090672402362241e+00 8.539905984033051567e-01 2.648598836830244885e+00 -1.812304018783468251e-01 3.134881527871495877e-01 2.234380886272050226e+00 3.455037257530893413e+00 -4.486077219833902952e+00
1.185122789730132797e-01 -1.730353571575008464e-01 1.765797917799495353e-01 1.666203798113524703e-01 -1.404622333184806227e-01 4.749629556150427590e-01 8.048676175386980380e-02 1.493651273851892114e+00 -7.325593254591646897e-01 1.703366538322886647e+00 9.871525088293209294e-01 -8.427285302001088496e-01 1.153731559115072081e+00 1.821098393346205491e+00 7.495985159566584954e-01 3.330536886617352366e-02 3.475099593710309520e+00 1.460461224056716745e+00 -4.519103383446251065e+00
1.185122789730132797e-01 -1.730353571575008464e-01 1.765797917799495353e-01 1.666203798113524703e-01 -1.404622333184806227e-01 4.749629556150427590e-01 8.048676175386980380e-02 1.493651273851892114e+00 -7.325593254591646897e-01 1.703366538322886647e+00 9.871525088293209294e-01 -8.427285302001088496e-01 1.153731559115072081e+00 1.821098393346205491e+00 7.495985159566584954e-01 3.330536886617352366e-02 3.475099593710309520e+00 1.460461224056716745e+00 -4.519103383446251065e+00
1.245735985359182896e-01 -2.118671304289578838e-01 1.834270228412620551e-01 1.563860039346743891e-01 -1.383290189912013135e-01 5.289764760933612919e-01 8.625843091157507636e-02 -5.356676197907290771e-01 -8.882341170135434893e-01 6.661829507477836643e-01 2.361419952033783076e-01 -1.512658958311514201e+00 -3.170699484250407707e-01 1.803128057409453255e+00 -8.676874499520188522e-01 -6.126179250786449870e-01 1.478256372870289326e+00 2.122535676692778317e+00 -2.339322062048907913e+00
1.239124718208144127e-01 -1.829202683977581012e-01 1.784194290831594976e-01 1.580141364794441783e-01 -1.307438107593807963e-01 4.764229758898093081e-01 7.883141983549611653e-02 7.955043940906145750e-01 -1.943127997158597964e-01 1.024642451832167289e+00 1.297505054712557282e+00 -1.075704069873806290e+00 8.442194043782791368e-01 2.346658522134984715e+00 -4.851507541041844007e-01 1.121078545791080572e+00 1.985551925601258816e+00 2.739691130141279629e+00 -4.153240262078307765e+00
1.205575534687133299e-01 -1.931892460872247641e-01 1.793152830325712432e-01 1.511582861161990810e-01 -4.817531094545512982e-02 5.233356495001224573e-01 8.966004923827580742e-02 1.085584838977897704e+00 -8.967272558742962474e-01 1.577402578942469269e+00 7.667608530041274406e-01 -8.638661626999466492e-01 2.200080232045511508e-01 2.537941837357381658e+00 -2.973655676651221214e-01 5.865571732371499536e-02 2.321860579737110797e+00 2.330092474556144211e+00 -4.036458545934824116e+00
1.205575534687133299e-01 -1.931892460872247641e-01 1.793152830325712432e-01 1.511582861161990810e-01 -4.817531094545512982e-02 5.233356495001224573e-01 8.966004923827580742e-02 1.085584838977897704e+00 -8.967272558742962474e-01 1.577402578942469269e+00 7.667608530041274406e-01 -8.638661626999466492e-01 2.200080232045511508e-01 2.537941837357381658e+00 -2.973655676651221214e-01 5.865571732371499536e-02 2.321860579737110797e+00 2.330092474556144211e+00 -4.036458545934824116e+00
1.205819693184728147e-01 -1.904673148451427322e-01 1.805989777230410653e-01 1.478228615476117058e-01 -2.852656825222588122e-02 5.400245696967034270e-01 8.533945791020211558e-02 -2.750626758168204233e-01 -1.188946508270369851e+00 1.425370648964063847e-01 9.181711026733783143e-01 -2.312204393449692752e+00 -2.193401019685392583e-01 1.728698039516790352e+00 -1.127583485804287022e+00 -2.712981750393614888e-01 1.688058187053021797e+00 9.130605714405941598e-01 -2.000070579843165497e+00
1.205819693184728147e-01 -1.904673148451427322e-01 1.805989777230410653e-01 1.478228615476117058e-01 -2.852656825222588122e-02 5.400245696967034270e-01 8.533945791020211558e-02 -2.750626758168204233e-01 -1.188946508270369851e+00 1.425370648964063847e-01 9.181711026733783143e-01 -2.312204393449692752e+00 -2.193401019685392583e-01 1.728698039516790352e+00 -1.127583485804287022e+00 -2.712981750393614888e-01 1.688058187053021797e+00 9.130605714405941598e-01 -2.000070579843165497e+00
1.192417626084209259e-01 -1.805015487731813084e-01 1.811705988851745053e-01 1.584677343232179236e-01 -1.383954944029919254e-02 5.836114344855269920e-01 8.493708299889243807e-02 1.247169753574040030e-01 6.116632930213725672e-01 1.242476975187059018e+00 1.385696024887327127e+00 -4.107874754865186162e-01 3.762162404066042853e-01 2.959503374346692084e+00 2.615971694320062824e-01 4.413402421384464702e-01 2.465969754521587731e+00 3.300362148751291969e+00 -4.968745038899577082e+00
1.270207460856549730e-01 -2.098368343351398879e-01 1.780121858956919267e-01 1.572276684175474282e-01 -1.226644371416345525e-01 5.102382667013407591e-01 9.060562642512610954e-02 -3.300261162364641621e-01 -7.288245238414852167e-01 6.835373120819276949e-01 5.903926423697818393e-01 -1.400761973118779924e+00 -2.481322731246491387e-01 2.141882674100486383e+00 -3.736215260896962320e-01 -1.042710430730927840e+00 1.628148227443759311e+00 2.954288193948251262e+00 -2.732665636639333595e+00
1.198079740690843886e-01 -2.031459535304422914e-01 1.763915505690059615e-01 1.594995447072905526e-01 -9.445257103083470884e-02 5.675560029769068926e-01 8.786524439611165249e-02 -1.447311593194111623e-02 -1.437492498644253658e+00 5.748342745055401437e-01 1.727168272895269752e-01 -1.432576626789192176e+00 -4.866706473400377320e-01 1.311125025369557662e+00 -4.175236017360104412e-01 -8.210837328755848930e-01 9.447648860401782756e-01 2.127144133262065751e+00 -2.027112490989825044e+00
1.209155106842291494e-01 -1.863168649092188378e-01 1.793005488908234191e-01 1.713414477688101067e-01 -1.366651127054550052e-01 5.173683309110650441e-01 8.476205622512472670e-02 -2.825597814400451213e-01 -9.694552193967478360e-01 1.561219962945505912e-01 6.745416470491640837e-01 -1.949751542411960692e+00 -1.469629397388265701e-01 1.993209905954453021e+00 -1.496872988319340791e+00 -3.902824973143381726e-02 1.600458462299179097e+00 1.479408703514555334e+00 -2.175988953854158137e+00
1.157478236058666898e-01 -1.710967332149668785e-01 1.781872743486891397e-01 1.716507291997433349e-01 -1.373201224250782948e-01 5.537293275617405364e-01 8.972684264478164584e-02 -1.020680942309957651e+00 -6.919234103923868062e-01 8.515898410625037940e-01 1.010381505846602579e-01 -1.180107950572119258e+00 -8.193669304816637577e-01 2.367847993218330060e+00 -1.058692729514399744e+00 -5.803449882383757696e-01 2.293482662710877307e+00 9.457478624724053873e-01 -2.419715731819460203e+00
1.239256470533918464e-01 -1.864031172273284964e-01 1.755631474938306180e-01 1.730727481314975336e-01 -1.365508581519395692e-01 5.540440657991485551e-01 8.345155905866687152e-02 3.923227098226540477e-01 -1.465168260086403329e+00 2.775554235414476878e-01 7.943013062428967430e-01 -2.324325865692152160e+00 2.805592095906774830e-01 1.090248214384835990e+00 -2.433780138500862833e-01 -7.124572390947729872e-01 1.330857400408721247e+00 1.997362110972566995e+00 -2.124232808386666171e+00
1.245513404762515763e-01 -1.794442696046940067e-01 1.771701083085501505e-01 1.618509465957704840e-01 -1.279772581224990491e-01 5.511198000272488073e-01 8.416490059241152344e-02 -5.729649929466527070e-01 -6.877239012943032748e-01 -7.397374218417773761e-02 1.089121605460420028e+00 -2.417458098801262167e+00 1.123808858274077949e-01 1.562975729823286031e+00 -9.063096631212141929e-01 8.184162225431723670e-02 8.237095535807403834e-01 2.423560772110948669e+00 -2.151014827614325498e+00
1.255797494048755125e-01 -2.060383392421515358e-01 1.794282805861552310e-01 1.537658037304413527e-01 -1.385159238070410304e-01 5.003895206379369576e-01 9.165292966668253660e-02 4.852638488246263648e-02 -2.033131650273931612e-01 1.398055404473041108e+00 7.988767634941247309e-01 -7.210082668704451692e-01 -1.032634453062186708e-02 2.575833288075491723e+00 8.125450520914334618e-02 -1.993055554249947292e-01 1.754717316296947160e+00 3.913245455517726512e+00 -4.046159709745597688e+00
1.120550934226879902e-01 -1.756596099557202750e-01 1.735284019347723694e-01 1.672645939440169371e-01 -9.486927468671690900e-02 5.475091820431461365e-01 8.504445201064927962e-02 8.323225702499481571e-01 -8.836939440152882241e-01 1.215121723438508994e+00 6.591732671765484497e-01 -8.507855013330178906e-01 2.986389675182907766e-01 1.731526097112096707e+00 1.688215132749837366e-01 -4.152987105806769108e-01 2.318169304302349687e+00 2.574665317721599678e+00 -3.694695311436724250e+00
1.162035003317953286e-01 -1.603650001652563994e-01 1.790512657038111910e-01 1.580387216400451766e-01 -1.279877698879225978e-01 4.633775551505130430e-01 8.407599172776698826e-02 1.261464453457314505e+00 -1.520639023215402119e-01 1.449826726343416361e+00 1.363454635539468995e+00 -5.744330676807480884e-01 7.077326505467107509e-01 2.559368369836485968e+00 5.768716724540805529e-01 4.793907786570548168e-01 2.740116230285059906e+00 2.706616040810219559e+00 -4.896442550114017855e+00
1.224822495047288018e-01 -1.838121179779981240e-01 1.807537375449146944e-01 1.598676423149519854e-01 -9.295050403932003658e-02 5.450523510354536860e-01 8.287860992855958231e-02 -2.806917250190981150e-01 1.209559324357600829e-01 5.490807825446522017e-01 1.129240399302830156e+00 -1.038272051019694775e+00 -1.918337155065055200e-01 2.770276402024790308e+00 -1.074833785328640268e+00 9.607555371636404828e-01 1.296654423985819093e+00 3.189609692143402953e+00 -3.575864766131576111e+00
1.222525231690755609e-01 -1.740529349550804517e-01 1.775795010041723854e-01 1.558530888390200486e-01 -1.707912697567831595e-01 4.574008309206591960e-01 9.011837199536509857e-02 -4.227880881591881135e-01 -8.353154424514759313e-01 1.146816235739907874e+00 2.505791710557563334e-01 -1.594906656031337633e+00 4.304204702414695660e-01 1.317519576540023607e+00 -2.220453529257389036e-01 -3.678728209697625928e-01 1.743569001093158377e+00 1.917570079008759087e+00 -2.730292474952375592e+00
1.186525100415676826e-01 -1.815217361723436285e-01 1.780077348295197315e-01 1.572692505320301137e-01 -8.842090786410028436e-02 4.257536559394394793e-01 8.286500543832679699e-02 2.424029543861845326e-01 -6.241448571818395408e-01 1.060745481213407615e+00 6.918711810186630728e-01 -9.538917980895416093e-01 2.335035985214091170e-01 2.015920017235059092e+00 1.864259712530458302e-02 -6.608865997318673635e-01 3.163721246309883384e+00 1.786770788442836100e+00 -3.519924608830183654e+00
1.286048384602059280e-01 -1.951287751243607760e-01 1.786295365965386850e-01 1.655370988844502289e-01 -1.246770230777211053e-01 4.854395549937562393e-01 8.898568154295644073e-02 7.021461219053826142e-02 -2.239623626992219840e-01 9.812278168103052423e-01 1.299658776695538087e+00 -1.431753570998848257e+00 6.385038262136246701e-01 2.121124192756127513e+00 -2.452661635644908245e-01 2.365892089293346601e-01 2.063475402275853021e+00 2.695326802077017803e+00 -3.894341906088686134e+00
1.260206805110512251e-01 -2.038844343646219470e-01 1.783118341335309665e-01 1.454223914076543389e-01 -1.021390630570527813e-01 5.813959820236203058e-01 8.580691858675332240e-02 1.029669480137583193e+00 -3.944831698100603745e-01 1.240647949824108309e+00 1.279613851305182237e+00 -7.716332270017698391e-01 5.389106759558881521e-01 2.441462585148775233e+00 2.442528399842700537e-01 2.611378515300799563e-03 2.192033174717526123e+00 3.843693359167057011e+00 -4.446934879793315254e+00
1.180055417325095446e-01 -1.659315538888783692e-01 1.796239630090246675e-01 1.599850700384766178e-01 -1.679726038921651732e-01 5.358199328046810983e-01 8.512205369550104872e-02 2.920605762606998113e-01 9.133567907901429805e-02 5.643819079039644748e-01 1.579287694633320527e+00 -1.229649960585577073e+00 3.112337136432197227e-01 2.196965182913212189e+00 3.684524155767601172e-01 -3.826957045440924077e-01 2.677705173482061163e+00 2.292908126578879546e+00 -4.044640317327460544e+00
1.157941472868231902e-01 -1.727609671361172716e-01 1.763845133958621414e-01 1.577018885354458666e-01 -9.838125082698501167e-02 4.654446320792891001e-01 8.482113958901568718e-02 4.410258167212610658e-01 -5.178878621630556012e-02 1.191166725128688597e+00 1.250668183600547323e+00 -6.659363899073236226e-01 1.513538044236417690e-01 3.008866365145246746e+00 -5.070912508139038266e-01 4.012930141992674393e-01 2.411346552048200031e+00 3.614746542289106301e+00 -4.401667877625989433e+00
1.130156948204950884e-01 -1.823005472121135839e-01 1.782021318526275933e-01 1.647538473313145957e-01 -1.350457890062540800e-01 5.364380324347335360e-01 8.450785559651896595e-02 5.627135974336283653e-02 -3.472621538097220295e-01 4.121327367125973140e-01 1.444120231958284428e+00 -1.888343080738944302e+00 5.128801399264029115e-01 1.940446294093309376e+00 -6.592815488951933034e-01 -3.847049246813938339e-02 2.021572087755957092e+00 2.739193851911268851e+00 -3.346683943270107431e+00
1.130156948204950884e-01 -1.823005472121135839e-01 1.782021318526275933e-01 1.647538473313145957e-01 -1.350457890062540800e-01 5.364380324347335360e-01 8.450785559651896595e-02 5.627135974336283653e-02 -3.472621538097220295e-01 4.121327367125973140e-01 1.444120231958284428e+00 -1.888343080738944302e+00 5.128801399264029115e-01 1.940446294093309376e+00 -6.592815488951933034e-01 -3.847049246813938339e-02 2.021572087755957092e+00 2.739193851911268851e+00 -3.346683943270107431e+00
1.214325314718495419e-01 -1.684526946008566561e-01 1.729386140631480606e-01 1.710372721388458972e-01 -1.337816818567206800e-01 5.285915928527615826e-01 8.774790052291123188e-02 -1.593164570151071047e-01 -7.346763906313853454e-01 7.242822573387641683e-01 9.790315448915158925e-01 -1.842925750343651803e+00 3.850559357986611531e-01 1.600953658804641577e+00 -2.371673573628250153e-01 -2.845721961849703163e-01 2.150324932859150273e+00 2.063362414303812287e+00 -3.002833193766135444e+00
1.168965034088073340e-01 -1.829743114726022357e-01 1.785303313803874581e-01 1.623480198266723518e-01 -9.140458648912475059e-02 6.850033217547810693e-01 8.235550725021675844e-02 -5.851758182429493971e-01 -8.577958460424301990e-01 7.358286036186356682e-02 7.203506450879455514e-01 -2.032015084690279583e+00 -6.231794329577589053e-02 1.250233847229027973e+00 -1.834994582564588583e-01 -1.145203473755978862e+00 2.173314289867186666e+00 1.655442089591296906e+00 -2.174168098566843010e+00
1.188958620607576677e-01 -1.705192561124880823e-01 1.797484728694882794e-01 1.655741811162011468e-01 -1.674747281103317054e-01 5.011653864625822408e-01 8.728776853426040150e-02 1.643193761964791832e-01 -1.258648821522037942e+00 5.922635347271736350e-01 8.914937767365085364e-01 -2.232646175498456564e+00 5.527974329927047847e-01 1.333689259471980471e+00 -4.224775306965531385e-01 -4.338679111404601940e-01 1.252952680949713127e+00 3.067116850077631796e+00 -2.494707671461077858e+00
1.289140172827649700e-01 -1.958500395403368621e-01 1.805469176431598877e-01 1.580251119886295630e-01 -1.098868351213786454e-01 5.492681075478551556e-01 8.364058968894105828e-02 1.661244874408326133e+00 -7.574226742894376585e-01 1.390825623684840195e+00 1.685536710004194028e+00 -1.334856805138012081e+00 9.548298350611155172e-01 2.544251045241750830e+00 -1.929638507321316254e-01 8.341907624435451751e-01 2.836008077447599973e+00 2.558712150708116084e+00 -4.553801456150974758e+00
1.189834242000155917e-01 -1.859078321683603763e-01 1.766959159371938870e-01 1.607913709236233890e-01 -1.764843918115013288e-01 5.320215256912574908e-01 8.443130991105889105e-02 -3.747190994537783482e-01 -1.230504561863417834e+00 3.269694245717404968e-01 7.140800531015800701e-01 -2.277591853509947306e+00 4.320786568587351439e-01 5.237864297884939901e-01 3.245112163049590492e-01 -1.154685471213432013e+00 1.241892283759172599e+00 2.769637056128298802e+00 -2.085596659766375538e+00
1.082713445167003963e-01 -1.625041090287503986e-01 1.744669867117537021e-01 1.691999353338735634e-01 -1.485130107738572569e-01 5.573082995185383304e-01 8.598573134900064363e-02 -4.331308162713201071e-01 -1.089753580370937502e+00 8.959386257934465192e-02 6.217676066554433945e-01 -1.869603535994689203e+00 -2.400795182416857187e-01 1.244692338821769440e+00 -4.994887625832786782e-01 -6.083899452963663634e-01 1.254304073899302097e+00 2.234493947236774858e+00 -2.043516168355099527e+00
1.165565154937884540e-01 -1.961848229550802736e-01 1.747068466580132262e-01 1.523103608032086997e-01 -5.463258551961280851e-02 5.152287572416276440e-01 8.616764262869378022e-02 -1.161753948934524772e+00 -3.589856764419243618e-01 1.951623943266822536e-01 5.515111837509669712e-01 -1.869604976033387711e+00 -1.453571736341050524e-01 1.531330671186488246e+00 -6.169497110298793885e-01 -8.481332157016909790e-01 1.436144727621351258e+00 1.959253549352535373e+00 -2.241349260683913158e+00
1.165565154937884540e-01 -1.961848229550802736e-01 1.747068466580132262e-01 1.523103608032086997e-01 -5.463258551961280851e-02 5.152287572416276440e-01 8.616764262869378022e-02 -1.161753948934524772e+00 -3.589856764419243618e-01 1.951623943266822536e-01 5.515111837509669712e-01 -1.869604976033387711e+00 -1.453571736341050524e-01 1.531330671186488246e+00 -6.169497110298793885e-01 -8.481332157016909790e-01 1.436144727621351258e+00 1.959253549352535373e+00 -2.241349260683913158e+00
1.201917498028629017e-01 -1.941128721684928782e-01 1.803105500492197533e-01 1.518789809730191065e-01 -1.892874711849024116e-01 5.382355018206959052e-01 8.923683071650884147e-02 2.740720238885918647e-01 -1.460706123305477444e+00 3.946746640372182924e-01 8.850094163518464896e-01 -2.115488038049422315e+00 1.023565141223770070e-02 1.562216548183136489e+00 -5.496735494141100631e-01 -9.584197665740186167e-01 1.783843217993236863e+00 2.097935603879868438e+00 -2.278506062994529735e+00
1.131126363395995316e-01 -1.710969719917966869e-01 1.732807753982904264e-01 1.646997134110712580e-01 -4.291635715805885987e-02 5.001683006915773611e-01 9.022749916008943050e-02 -6.266174736027378955e-01 -3.860536058059116371e-01 4.263315741917921287e-01 7.371760985104334196e-01 -1.563640322490893464e+00 -4.193610506892042622e-02 1.518030809074187637e+00 1.025468340579305249e-01 -1.348173849142563441e+00 2.420592242583619047e+00 1.577486136658217575e+00 -2.747758464383020183e+00
1.234141195367868538e-01 -1.852409043520237275e-01 1.798495323515467703e-01 1.648544260832386366e-01 -1.878780619673358077e-01 5.743869043351077508e-01 8.828164464520509014e-02 6.614459013952522781e-02 -3.695586756533160155e-01 1.021224207152179986e+00 1.094865467679757565e+00 -1.233934113878722094e+00 1.419067921396699461e-02 2.707639792283893954e+00 -4.306340929359464553e-01 -8.542113970672460255e-02 2.059701038501771109e+00 3.010051012860742503e+00 -3.706661204315316205e+00
1.192855568674221767e-01 -1.727582511306607338e-01 1.754235339992027964e-01 1.712594433233798341e-01 -1.219100593108123354e-01 5.867874547589142509e-01 8.090819451799195761e-02 -4.716986644495957393e-02 -1.493701197873101627e+00 9.257981816127340835e-01 6.916893395296686009e-02 -1.811137689738119949e+00 3.681747814421463261e-01 1.116569575415613969e+00 -6.707221131469056630e-01 -3.754318444353703654e-01 2.365547647620481087e+00 7.237030251328011587e-01 -2.292485509653116704e+00
1.203266423028304388e-01 -1.821230559117257841e-01 1.748242763934788890e-01 1.554293957064362131e-01 -5.317667795817715426e-02 6.262237585304459841e-01 8.823366184495012865e-02 3.440039195199462441e-01 -9.342386546906329414e-01 8.293112306432846026e-01 8.497826189816741760e-01 -1.404910299621459302e+00 -1.649169057856241238e-01 2.333441021914859803e+00 -3.941895227257692369e-01 -7.714132498587886744e-01 2.712378700723618863e+00 1.617056322196130935e+00 -3.165760432451932616e+00
1.266007537247783032e-01 -1.987902251484596761e-01 1.803897450908118760e-01 1.528272272260460252e-01 -1.087475027181539211e-02 4.549464950438508737e-01 8.393895109872960558e-02 -1.189159968991964078e-01 -8.824224569612759694e-01 4.086875435534418344e-01 7.057038333175338352e-01 -1.695675389392356180e+00 -1.137277002516752233e-01 1.692298604927794159e+00 -4.715587866192549882e-01 -7.259292700527142372e-01 2.243184325662030965e+00 1.121898106924479777e+00 -2.458576752550193145e+00
1.205887453303563783e-01 -1.801937947388041472e-01 1.796153831563676029e-01 1.643699151405658698e-01 -1.532810148918434257e-01 5.479856902168771526e-01 8.435379857218139321e-02 -6.450754060069190388e-01 -2.841668882329271284e-01 -4.749772423907252517e-01 1.435773733673948449e+00 -2.574159427166219594e+00 3.518344365114600691e-01 1.466359435804578837e+00 -1.084500196556888341e+00 3.694645322678438149e-01 1.524622321432098637e+00 1.351830598022437435e+00 -2.286222460346119423e+00
1.268842681536246630e-01 -2.021830682459699324e-01 1.798968569323812217e-01 1.448527607117933158e-01 -1.101286735250622817e-01 6.347133082626612577e-01 8.396445814205366620e-02 -4.740598054447211496e-01 -8.893763665088307846e-01 4.290325193954860339e-01 3.088111107966078350e-01 -1.553097864326375976e+00 -3.652397962487601291e-01 1.657541506630728634e+00 -7.865329464958197292e-01 -2.209014471365726706e-01 1.600604516966212643e+00 1.658895946352457074e+00 -2.262518183349910839e+00
1.176084339507545984e-01 -1.794932285781329351e-01 1.769899646456739029e-01 1.784802883916823957e-01 -6.172132201969682264e-02 5.371596560409943599e-01 8.826532226023833805e-02 -8.818265474842679197e-02 -1.050415756498815689e+00 1.188276147834928409e+00 1.892753809753280336e-01 -9.144327644565048985e-01 -4.924788027205000418e-01 2.295944164591126047e+00 -5.535230840232552296e-01 -5.175419330137458473e-01 2.495825511465508129e+00 1.495444565612961796e+00 -2.974060017185525151e+00
1.206810322522280654e-01 -1.856939147424240821e-01 1.771101142291819086e-01 1.586990121210918314e-01 -1.362194640053684402e-01 4.493531713143408268e-01 9.592757025695804185e-02 -6.645829613717655349e-01 -1.898844395089245296e-01 1.135478425638437372e+00 5.148595156845825471e-01 -1.218833378838528603e+00 9.888997485356565420e-02 1.887363574967597657e+00 9.589918293780552716e-02 -9.019246129347342489e-01 1.987721373921403689e+00 2.970687158899092850e+00 -3.316065330929869326e+00
1.196011568934758906e-01 -1.908113671419028323e-01 1.792547789752652332e-01 1.717001557503815556e-01 -1.335465498859536027e-01 5.465373597675897699e-01 8.694449652161685693e-02 1.611785085804811501e+00 -1.443936433713655987e+00 1.360255252781597868e+00 1.422867770219449213e+00 -1.869437148730560772e+00 9.922688637756120755e-01 1.824971652725004390e+00 8.795367848819068968e-03 8.747782853822716476e-02 2.414427202459351385e+00 1.902154464956804958e+00 -3.862129096302181708e+00
1.145820966441210564e-01 -1.560204342159941526e-01 1.753966759193350822e-01 1.735830302303537076e-01 -1.121542498084057149e-01 5.158627311422909756e-01 8.573061989644337189e-02 5.131719599377158048e-01 -1.479437321353816337e+00 9.968411400555856616e-01 8.675070691120723154e-01 -2.253540284564205631e+00 7.500495155377304712e-01 1.318534355998039587e+00 -5.991088565604671956e-01 1.483398218225637777e-01 2.012622856081691225e+00 1.222783577603534511e+00 -2.833986878122175312e+00
1.145820966441210564e-01 -1.560204342159941526e-01 1.753966759193350822e-01 1.735830302303537076e-01 -1.121542498084057149e-01 5.158627311422909756e-01 8.573061989644337189e-02 5.131719599377158048e-01 -1.479437321353816337e+00 9.968411400555856616e-01 8.675070691120723154e-01 -2.253540284564205631e+00 7.500495155377304712e-01 1.318534355998039587e+00 -5.991088565604671956e-01 1.483398218225637777e-01 2.012622856081691225e+00 1.222783577603534511e+00 -2.833986878122175312e+00
1.175651329255015531e-01 -1.719192233530010827e-01 1.768010098107777039e-01 1.543152859800953625e-01 -7.067615929876014391e-02 5.865045315993087094e-01 8.903554366297486422e-02 4.792877512751090308e-01 -5.149152604885944839e-01 1.832924054892401067e+00 5.527729720356138188e-01 -5.777712283915548142e-01 5.946805472085188171e-01 2.256076312236031001e+00 -7.447495506053858350e-02 3.401486266180082652e-01 2.390273545666870447e+00 2.525528430573765526e+00 -4.371776200876062113e+00
1.137035948928679097e-01 -1.588638469639170880e-01 1.751674625097912330e-01 1.766060594113848525e-01 -1.196960688573118770e-01 5.801600698477034079e-01 9.212452411690588705e-02 -1.059271694746681813e+00 -6.677891009633079022e-01 6.307534905988401164e-01 6.142605259526598971e-01 -2.100511198550108372e+00 -4.484784240997274907e-02 1.880972215786832713e+00 -4.767351404574915463e-01 -1.137168713935536868e+00 1.903911068967891751e+00 1.803111153524755927e+00 -2.429141799726014739e+00
1.137035948928679097e-01 -1.588638469639170880e-01 1.751674625097912330e-01 1.766060594113848525e-01 -1.196960688573118770e-01 5.801600698477034079e-01 9.212452411690588705e-02 -1.059271694746681813e+00 -6.677891009633079022e-01 6.307534905988401164e-01 6.142605259526598971e-01 -2.100511198550108372e+00 -4.484784240997274907e-02 1.880972215786832713e+00 -4.767351404574915463e-01 -1.137168713935536868e+00 1.903911068967891751e+00 1.803111153524755927e+00 -2.429141799726014739e+00
1.201452624823544924e-01 -1.700877836646994545e-01 1.790657364435186694e-01 1.742592162843310533e-01 -1.156614416036321202e-01 4.795435086699750826e-01 8.454180680011344484e-02 5.962333726064876771e-01 -1.061405965444046640e+00 8.679219599629277582e-01 9.995725281422309649e-01 -1.833682833871719708e+00 3.912378993027978424e-01 1.724789318531675164e+00 -1.320333090729786107e-02 -4.248747264889578545e-01 1.978762861239447446e+00 2.517509893231506979e+00 -3.143865631749118261e+00
1.201452624823544924e-01 -1.700877836646994545e-01 1.790657364435186694e-01 1.742592162843310533e-01 -1.156614416036321202e-01 4.795435086699750826e-01 8.454180680011344484e-02 5.962333726064876771e-01 -1.061405965444046640e+00 8.679219599629277582e-01 9.995725281422309649e-01 -1.833682833871719708e+00 3.912378993027978424e-01 1.724789318531675164e+00 -1.320333090729786107e-02 -4.248747264889578545e-01 1.978762861239447446e+00 2.517509893231506979e+00 -3.143865631749118261e+00
1.162444468459787605e-01 -1.848475750652392446e-01 1.780731601894906813e-01 1.597044659015226520e-01 -1.074428956831960935e-01 5.262568949800154883e-01 8.621082604872416788e-02 -1.239413102761829144e+00 -1.838668859972258929e-02 2.030456516899583619e-01 7.882829849310049042e-01 -1.685828562558641330e+00 -3.345485417393936345e-01 2.186730801397197332e+00 -9.291186223706660030e-01 -1.638098896698725326e-01 1.885086656181562681e+00 1.134726873572854622e+00 -2.654187084529992635e+00
1.108562133938670868e-01 -1.675782265842095664e-01 1.719818021918607942e-01 1.751664138438517870e-01 -4.087744107575919106e-02 5.846681560585396120e-01 8.636896922557010803e-02 -3.091991680436212420e-01 -1.269355916486321512e+00 6.720899469494714396e-01 2.045367609891552974e-01 -1.635771165566265672e+00 -3.348233098549471265e-01 1.782277618613079540e+00 -1.095350943246054420e+00 -8.353088546454614516e-01 2.307422582768198893e+00 1.217063662696413751e+00 -2.166785277623301642e+00
1.108562133938670868e-01 -1.675782265842095664e-01 1.719818021918607942e-01 1.751664138438517870e-01 -4.087744107575919106e-02 5.846681560585396120e-01 8.636896922557010803e-02 -3.091991680436212420e-01 -1.269355916486321512e+00 6.720899469494714396e-01 2.045367609891552974e-01 -1.635771165566265672e+00 -3.348233098549471265e-01 1.782277618613079540e+00 -1.095350943246054420e+00 -8.353088546454614516e-01 2.307422582768198893e+00 1.217063662696413751e+00 -2.166785277623301642e+00
1.266787505107058454e-01 -1.864844110407860023e-01 1.819236361329348295e-01 1.528977017482489043e-01 -1.437860025455162116e-02 5.754346088329147513e-01 8.382991140314549616e-02 4.828829847413516063e-01 -1.693358641170510381e-01 7.453420959907699483e-01 1.377860436739936745e+00 -9.746190457792494044e-01 5.525169547516917135e-02 2.823231125186885571e+00 -5.203404932366728630e-01 3.534713997180016776e-01 2.962262303430042820e+00 1.552068655664983865e+00 -3.969289786409793130e+00
1.119956895301150168e-01 -1.691139549641658135e-01 1.776763221890293454e-01 1.580269206391791137e-01 -1.521586683744990953e-01 5.528492714170747391e-01 8.087032572231919736e-02 -8.434419294982475890e-02 -4.891487223720467625e-01 2.712540268397543031e-01 1.288548327399338334e+00 -1.968083667798846470e+00 5.315400879796250422e-01 1.586132846886849634e+00 -2.805690911232439078e-01 -1.891814199710299960e-01 2.546912192481140202e+00 1.636351982368432267e+00 -3.045273101961718520e+00
1.105185587644206269e-01 -1.576604272849611021e-01 1.719152628849784925e-01 1.798922393868940262e-01 -1.037344059237154115e-01 6.221695221247443008e-01 8.955880493345860782e-02 -4.783389316644832689e-01 -9.371572797541602995e-01 9.985792488168554470e-01 1.893173448320890628e-01 -1.199581644757741206e+00 -2.254264170092366015e-01 1.487346368000089569e+00 -4.347305925114586245e-02 -8.270393465393039989e-01 2.045422993672078249e+00 1.781191557677933801e+00 -2.729208458027228446e+00
1.150678239542682335e-01 -1.638836687546065818e-01 1.743617837277082194e-01 1.773823234541230809e-01 -1.110779631910688847e-01 5.749359271833967000e-01 8.448019559345656959e-02 7.934041931281274884e-01 -9.668363824117429672e-01 1.027654937972561022e+00 8.680794148420778455e-01 -1.226387699240703011e+00 6.621071411946761742e-01 1.343322673531160305e+00 5.257008739966773092e-01 -6.006802473682721910e-01 2.799703171346932251e+00 1.715817134155246393e+00 -3.553486453031358128e+00
1.161385218027032040e-01 -1.885976952976499144e-01 1.756684073652443334e-01 1.676123594529601579e-01 -1.679132377299336065e-01 5.703156512187872451e-01 9.095130735387618737e-02 -8.105768209347097297e-02 -8.182897941443476597e-01 2.279381835519327382e-01 9.930926269380391247e-01 -1.723863540636786595e+00 -3.967107674799112971e-01 1.986501069862262270e+00 -2.641361561390134227e-01 -1.523430922602782900e+00 2.222022014542299750e+00 2.029674922319369301e+00 -2.535280544932832836e+00
1.161385218027032040e-01 -1.885976952976499144e-01 1.756684073652443334e-01 1.676123594529601579e-01 -1.679132377299336065e-01 5.703156512187872451e-01 9.095130735387618737e-02 -8.105768209347097297e-02 -8.182897941443476597e-01 2.279381835519327382e-01 9.930926269380391247e-01 -1.723863540636786595e+00 -3.967107674799112971e-01 1.986501069862262270e+00 -2.641361561390134227e-01 -1.523430922602782900e+00 2.222022014542299750e+00 2.029674922319369301e+00 -2.535280544932832836e+00
1.151391110536944817e-01 -1.772505973339910668e-01 1.785293014838522097e-01 1.572725059530539760e-01 -1.396431207980481926e-01 5.498488172459632395e-01 9.031667536527676621e-02 9.810070455785746546e-01 -7.932906207788983366e-01 1.611957149718000082e+00 1.048066129146053349e+00 -9.980422415025209659e-01 4.619258888347204106e-01 2.232268001498583843e+00 5.859448876365842551e-01 -3.189468361771652383e-01 2.334818765410218155e+00 2.613323178590185591e+00 -4.347802866814587830e+00
1.161477856606508985e-01 -1.897677240221483097e-01 1.768625439913495967e-01 1.499528278656546698e-01 -7.043936401452499663e-02 5.154562891308169803e-01 8.826462892106298752e-02 9.806398019292394963e-02 -1.179271374404448736e+00 8.206306243027032821e-01 3.416124454075228911e-01 -1.156503504346640732e+00 -7.924420298227801140e-01 2.376654363423329031e+00 -1.113689256743604084e+00 -2.725226798838109588e-01 1.684406824831120808e+00 2.033474028280133794e+00 -2.582435445683196829e+00
1.147795447685169279e-01 -1.697114910263409771e-01 1.777495231084728067e-01 1.669934657091974861e-01 -4.930391166048075924e-02 6.586308472531410274e-01 8.628760151395403755e-02 1.027999436146728840e+00 -1.590844043436581146e-01 8.850459482052368543e-01 1.820374111902276937e+00 -1.400224358424396076e+00 7.088008354846664361e-01 2.625425242416021376e+00 -1.180400903988712003e-01 2.279844056902122773e-01 3.032807606604448480e+00 2.315490033928069735e+00 -4.526305003966170304e+00
1.228542987160819167e-01 -2.043212420198501911e-01 1.784521610912244982e-01 1.593599385270391133e-01 -1.938558675340419368e-01 5.642988201439500529e-01 8.508329755813448525e-02 -2.372401030500528307e-01 -9.363038127399274657e-01 1.193811834551450346e-01 4.420813699673775687e-01 -1.467679082274711000e+00 -5.850334368517149386e-01 1.566640179287500878e+00 -5.765489851832636958e-01 -8.101547634461727654e-01 1.720351032300008853e+00 1.775583151670085513e+00 -2.058635199689019313e+00
1.267665393375906613e-01 -2.049198632608911219e-01 1.817230770216994584e-01 1.511465333480126461e-01 -1.813028977818632592e-01 5.782690430766828094e-01 9.235521227332690875e-02 -2.740912873585958920e-01 -1.030599400493966034e+00 2.871501974589643069e-01 7.713658553336086854e-01 -1.816858488758701817e+00 -4.055779271825361576e-01 1.638646677425449560e+00 -2.168601163889096739e-01 -1.467693542317823230e+00 2.024612955754269805e+00 1.701306584361934604e+00 -2.174403547631061695e+00
1.255721156262988025e-01 -1.923229743245146173e-01 1.824524019489724980e-01 1.529807287939727312e-01 -1.350588262076590773e-01 5.464809316691523478e-01 8.593204939183035629e-02 1.280042934026763390e+00 -1.555028309901391737e-01 1.213287206626006309e+00 1.566389451043626480e+00 -9.678890234933481551e-01 5.054232079686453716e-01 2.860158671114176876e+00 1.199317656551768252e-01 1.121296878711657286e-01 3.067030786085261695e+00 2.950436285743306186e+00 -4.715170340536967153e+00
1.117884006313541456e-01 -1.753596026776240713e-01 1.755304123521960469e-01 1.587061600534631634e-01 -1.345623896305266909e-01 5.907144336837863996e-01 8.495541132313808030e-02 -6.042921334158721791e-01 -8.587760426625132837e-01 1.146376338588801502e-01 1.064177862975855149e+00 -2.628644932037853543e+00 4.321386523282892966e-01 1.206828403598144916e+00 -6.034190445726714813e-01 -2.575302811190383068e-01 7.471389980744653769e-01 2.607428622687603337e+00 -2.266852975049678420e+00
1.214010283974963078e-01 -1.761309714910587187e-01 1.791728984446399331e-01 1.520646238928553551e-01 -7.727060541353003575e-02 5.514662955535092337e-01 9.143972254934387700e-02 -9.555664231999907443e-01 -1.201136375717399840e+00 1.016815718234771460e+00 -1.083092205285538512e-01 -1.645194944484327237e+00 -4.028360652028846189e-01 1.464982329986854737e+00 -3.917877496261148451e-01 -1.411142246288545010e+00 2.427389972191336120e+00 1.144138198936714979e+00 -2.004180329832182750e+00
1.231796599543543147e-01 -1.756527699539546239e-01 1.816528852203125044e-01 1.554286883535558328e-01 -1.594630334614269840e-01 4.743728158849611631e-01 8.659198234122394977e-02 -3.226259650127749623e-01 -9.391672180049104313e-01 7.723487807705158303e-01 4.372908479625783329e-01 -1.824745319707361979e+00 1.999313980161110393e-01 1.236688310121987655e+00 1.730814276308993982e-01 -9.834628672551666284e-01 1.745819102134130496e+00 2.004672348858553832e+00 -2.499949082119092392e+00
1.201113412293882410e-01 -1.940436673601000916e-01 1.753929723534191631e-01 1.727384260115184533e-01 -1.387665502760836445e-01 5.777330749599398629e-01 8.956382831016787560e-02 -8.200008331918704485e-01 -2.577376873123080614e-01 6.880979195648375679e-01 8.168212703816131182e-01 -1.730404103838675489e+00 2.952371317348179147e-01 1.853178951324103707e+00 -6.235292773329526028e-02 -9.078895542719243039e-01 2.120986522666761687e+00 2.459107155547156864e+00 -3.041558432377318155e+00
1.113266346178242994e-01 -1.572621257622321411e-01 1.731807798689095901e-01 1.640341641101445980e-01 -5.957154425093091898e-02 5.071826006219306571e-01 8.306275822061479075e-02 -1.957774032546568677e-01 -1.327891107911680635e+00 4.835589635473356296e-01 2.018820507805960673e-01 -1.781050101600442304e+00 -1.450607295315791134e-01 1.304528951604270404e+00 -5.402661917689099980e-01 -7.294186885089439798e-01 1.344281005608705115e+00 1.809561405560263125e+00 -2.049939482040542327e+00
1.176230270360141272e-01 -1.871096738287272299e-01 1.775554888061689485e-01 1.648621389690609895e-01 -1.608905033126954986e-01 5.510381335570695427e-01 8.621148343603746156e-02 -1.972706270180406563e-01 -1.569319264641133138e+00 8.186063011428679204e-01 3.111731335577943014e-01 -1.923264669880389022e+00 -4.569024077176928600e-01 1.799039138278869743e+00 -8.294371887675158206e-01 -3.709959770500024234e-01 7.427300684693864952e-01 2.272784173985934686e+00 -2.076090798082713018e+00
1.181287869126692314e-01 -1.849915508892487348e-01 1.745393226486362248e-01 1.728846040303058107e-01 -1.562336184301779118e-01 5.090946552025994443e-01 9.064640179561372912e-02 7.219671122981594635e-01 -9.313983584581251307e-01 8.108759754268204389e-01 1.195776736197196044e+00 -1.568106371183185743e+00 2.627585802325960174e-01 2.170356782507225191e+00 -3.257295566461095859e-01 -2.158926639820979432e-02 1.262249870283161712e+00 2.934944385911563813e+00 -3.387467777519448386e+00
1.246584714040754605e-01 -2.003744511281376761e-01 1.781713957966453155e-01 1.768618040991913887e-01 -6.500494630010578145e-02 5.094987740531844445e-01 9.172985606231975897e-02 -2.853775025211682248e-01 -1.164248224576791557e+00 8.454271997918816339e-01 3.730189380523762921e-01 -1.633322141914641978e+00 -1.878798039552513899e-01 1.700852570013236864e+00 -4.892174592900424557e-01 -7.266170439053567520e-01 9.960861003326284546e-01 2.887481759945628390e+00 -2.362574714243477647e+00
1.246584714040754605e-01 -2.003744511281376761e-01 1.781713957966453155e-01 1.768618040991913887e-01 -6.500494630010578145e-02 5.094987740531844445e-01 9.172985606231975897e-02 -2.853775025211682248e-01 -1.164248224576791557e+00 8.454271997918816339e-01 3.730189380523762921e-01 -1.633322141914641978e+00 -1.878798039552513899e-01 1.700852570013236864e+00 -4.892174592900424557e-01 -7.266170439053567520e-01 9.960861003326284546e-01 2.887481759945628390e+00 -2.362574714243477647e+00
1.141109213909658193e-01 -1.822608023471968264e-01 1.740888939933544211e-01 1.578175211734897943e-01 -1.583499333953715116e-01 5.202607134149666024e-01 9.099850911531573439e-02 4.305290369576795229e-01 -9.379756387159794428e-01 1.404241042346219714e+00 1.072567294750960798e+00 -1.540973115703786256e+00 6.606157822225000587e-01 1.881107120320846704e+00 1.392423198677512630e-01 -5.661015056513800658e-01 2.292973535206539459e+00 3.178433619977532487e+00 -3.779686468414792166e+00
1.222054995744662753e-01 -1.820658032919435509e-01 1.818917175225593652e-01 1.486900933444730288e-01 -3.616568911436046641e-02 5.315189409452849567e-01 8.572703980778956234e-02 -8.486225244092100439e-01 -2.578315769296022353e-01 3.299248129610843350e-01 4.856147349899595511e-01 -1.186634025455095554e+00 -5.486224656257121524e-01 2.159574512181504424e+00 -4.965944409440652407e-01 -9.898275561268059519e-01 2.522310401172128458e+00 1.499698520252846556e+00 -2.605482214565094878e+00
1.123823338271084660e-01 -1.582253884529469801e-01 1.773509958670746456e-01 1.582558435353343951e-01 -1.363560572254369774e-01 5.626204850796194812e-01 8.695406969788548046e-02 3.724003291137396587e-01 1.555734365451364454e-01 1.306361464316559307e+00 1.475480142923595750e+00 -7.676575198234445452e-01 4.402480296793296333e-01 2.960274110727687535e+00 1.141747556154637522e-01 4.487950194532945858e-01 2.256094078045210338e+00 3.898051814822713013e+00 -4.863787730429254275e+00
1.202315877487735996e-01 -1.909140381682884469e-01 1.782129402032796572e-01 1.575027986838571925e-01 -2.003420368778980887e-01 5.694989267012711132e-01 8.507643013159493783e-02 7.244857513212599187e-01 1.949555962250748564e-01 1.148363593853433784e+00 1.829415109163582187e+00 -1.480400750438921609e+00 1.418644219044223220e+00 1.910022848495374070e+00 8.535216427069762801e-01 -8.828704198522441260e-02 3.091332691096361884e+00 2.790529083485548512e+00 -4.837864113355427875e+00
1.222545423041823676e-01 -1.900810324212253710e-01 1.760794369398433201e-01 1.675571042117879328e-01 -7.084562563635077304e-02 4.936230209233212207e-01 9.126256646336476652e-02 -2.036917544403227254e-02 -1.448675794394418403e+00 5.710606371885198485e-01 9.185329821825209962e-01 -2.371002630166576974e+00 -3.650163412316231870e-02 1.664187886185368725e+00 -5.230798234767330968e-01 -8.646326038103948619e-01 1.589578120603590605e+00 1.530366867373089690e+00 -2.171471189840279870e+00
1.222545423041823676e-01 -1.900810324212253710e-01 1.760794369398433201e-01 1.675571042117879328e-01 -7.084562563635077304e-02 4.936230209233212207e-01 9.126256646336476652e-02 -2.036917544403227254e-02 -1.448675794394418403e+00 5.710606371885198485e-01 9.185329821825209962e-01 -2.371002630166576974e+00 -3.650163412316231870e-02 1.664187886185368725e+00 -5.230798234767330968e-01 -8.646326038103948619e-01 1.589578120603590605e+00 1.530366867373089690e+00 -2.171471189840279870e+00
1.119129191687757430e-01 -1.645763689191767076e-01 1.767639285490936185e-01 1.603711471103060893e-01 -1.122114737927152328e-01 5.370417593320198080e-01 8.715496369664658960e-02 2.606834387977885470e-01 -1.782885702239821235e+00 9.312529645271521161e-01 5.353477009131202280e-01 -1.989700102244820190e+00 1.474816403463030667e-03 1.180324949509426347e+00 1.013778390792641204e-02 -1.211380956900296457e+00 1.735662669141485814e+00 2.134446045875540321e+00 -2.295218472522512876e+00
1.197154920522992549e-01 -1.597641672093620957e-01 1.769326512168641896e-01 1.717843420718903058e-01 -1.835458032070154122e-01 4.772395983642248041e-01 8.965639845438495847e-02 3.786725734708618063e-01 -7.903465918178671501e-01 1.052884283530069354e+00 1.016550837325747025e+00 -1.513078234576068493e+00 6.637083132138998920e-01 1.790924582589279446e+00 1.687494986014943521e-01 -5.966579969528238436e-01 2.507236097166672728e+00 1.916033873846983759e+00 -3.558608580808510169e+00
1.158834357154822914e-01 -1.823977666404228426e-01 1.717115976291367918e-01 1.824705434943599824e-01 -1.044418483415572307e-01 5.308215416853103719e-01 8.557351354086194239e-02 -3.329451951712281144e-01 -1.015388816309191089e+00 7.039383817012012656e-01 2.991891036597333908e-01 -1.803967186792580613e+00 -9.661523433566987507e-02 1.782772781564235132e+00 -7.354072713515771298e-01 -4.948829622006982731e-01 1.364029780632728617e+00 2.317804342120330929e+00 -2.398780350647136128e+00
1.173854856760603582e-01 -1.792332629190646065e-01 1.767691396142700433e-01 1.676624831947564065e-01 -1.435707069780240985e-01 5.381881264325678593e-01 8.132977046742506655e-02 -3.206068816153599954e-01 -1.072835963808444593e+00 4.704142481817612520e-01 4.819096483839580003e-01 -1.578499935747883942e+00 -2.615718902644932342e-01 1.378247347212742113e+00 -3.114052046902386905e-01 -5.639629343382992488e-01 1.184670186268682812e+00 2.608819596965376242e+00 -2.306908776639721381e+00
1.211923500284158850e-01 -1.985853924683556593e-01 1.772623055385572355e-01 1.528956190631514112e-01 -5.656584441834067167e-02 5.126317346233717487e-01 8.453940989596543665e-02 1.014496957335319749e+00 -1.027309189622291008e+00 1.387917951239261427e+00 1.097252090863385376e+00 -1.523645485924029153e+00 1.065221964112944342e+00 1.511053151731175603e+00 3.957685461665585436e-01 -5.898082724265893972e-01 2.976875852108813447e+00 2.205876490358026132e+00 -3.853362870326163758e+00
1.209041884544041490e-01 -1.746936075490823637e-01 1.798224261635020527e-01 1.599571968818439549e-01 -1.390295437003747914e-01 5.397989782733088049e-01 7.960761949059527720e-02 -8.957448387856299377e-01 -2.160052156783702770e-01 6.824779452185048001e-02 8.145932318452437926e-01 -2.010949188891144157e+00 5.965569201034686131e-01 7.028182883990776730e-01 2.210639970147791900e-01 -9.102199984288805723e-01 2.460690532659290497e+00 1.065846997975770982e+00 -2.494074771100396770e+00
1.165463419144147916e-01 -1.744980713594717070e-01 1.749192403362906656e-01 1.726178643277761493e-01 -5.576197358218615285e-02 5.573941672642419576e-01 7.833765777814366560e-02 8.825012099383062747e-01 -4.723276203180137855e-01 1.265256847157296249e+00 1.142195514070371232e+00 -1.018804170071540227e+00 6.216623632279052458e-01 2.130997822112553841e+00 1.459433006845838321e-01 2.003057988762568797e-01 3.315209219931841034e+00 1.152364329636678342e+00 -4.171245002198549656e+00
1.170101653016791532e-01 -1.736717633914010017e-01 1.763457404330706635e-01 1.620830366319669924e-01 -6.498192795766277730e-02 5.650004293707104885e-01 8.164305948264846680e-02 -1.408712357170411877e-01 -8.517514600224718180e-01 5.108170587388638495e-02 1.175186880318549676e+00 -2.728770338372359827e+00 7.730724748091555298e-01 7.695769361479669612e-01 -3.125053321262960537e-02 -9.793177084837667579e-01 2.628130489563831773e+00 1.126229828719407244e+00 -2.333485991290925377e+00
1.201457673313177932e-01 -1.711907561616804463e-01 1.787315921157782705e-01 1.682703777900592668e-01 -1.101827019828685028e-01 5.734465790036802346e-01 8.863422360310038717e-02 -4.310330772166937052e-01 -6.444071200620520301e-01 7.874591394033600977e-01 4.843665531938112778e-01 -1.530162093434153547e+00 3.635980356805212921e-02 1.692535348876007539e+00 -1.737412135132156976e-01 -3.056490677750387519e-01 7.929908878826505969e-01 3.403576381866388445e+00 -2.779976986175757059e+00
1.213455474467867445e-01 -1.918458410051581131e-01 1.823467516042019121e-01 1.501093841151509567e-01 -4.496712662641422220e-02 5.966611168233075801e-01 8.676355188123141549e-02 6.675597952267597890e-02 -1.681466000840581732e+00 9.003949924497494095e-01 4.782105183755902544e-02 -1.648943373432540938e+00 -4.112364970705764122e-01 1.835073064291189660e+00 -1.223053457322524018e+00 -6.980325344537785526e-01 1.710520629674633142e+00 1.950283511920324564e+00 -2.041682593936002377e+00
1.177700542489249769e-01 -1.620819554165243703e-01 1.775066385663687796e-01 1.752336430470453621e-01 -1.133453984165464501e-01 5.559734895695069845e-01 8.376431317796562137e-02 7.484580542320138363e-01 -1.426025871474481121e+00 1.002460636989717102e+00 5.969780259020263102e-01 -1.708910055945102702e+00 2.595941006096280645e-01 1.745841234267475173e+00 -3.662686858158084036e-01 -5.940929280110749389e-01 2.496549676012196350e+00 1.362861120098934009e+00 -2.837121292884549284e+00
1.185510198753017275e-01 -1.799238781617526484e-01 1.754651948726346500e-01 1.852562739953472759e-01 -1.204714174231108492e-01 4.782685809958455714e-01 8.497690444287392397e-02 -4.819596242844150780e-01 -8.298760995548297714e-01 5.791022577872144694e-01 1.427469590065353344e-01 -1.230021348720684138e+00 -5.456239183610200882e-01 2.065752325177051318e+00 -8.502147262854862220e-01 -6.226359996625498994e-01 2.048902928406000079e+00 1.216465683239031037e+00 -2.368581341986388367e+00
1.167619982882226459e-01 -1.662442394505325716e-01 1.763688042104374909e-01 1.595703508171263385e-01 -1.123276099680311502e-01 5.084648616372895447e-01 9.030358639789939912e-02 4.488584143872564880e-02 -1.114687386439576766e+00 8.529635081206805580e-01 6.950998191693908979e-01 -1.768571603380528767e+00 -2.911931713934823307e-02 2.054962342714067525e+00 -1.174101398557522824e+00 -2.267328711692240262e-02 1.543663205660886106e+00 2.075230952119525796e+00 -2.679830784654731790e+00
1.229929960593200977e-01 -2.062664285327263647e-01 1.786370888107633170e-01 1.499860267244021994e-01 -1.632012245964109542e-01 4.991222328705591238e-01 8.679407683180939692e-02 9.567192197197726955e-01 -1.656655819838071864e+00 1.300998987833223985e+00 7.130722465421479583e-01 -1.701387589249877763e+00 2.547408591330526662e-01 1.808461844790390849e+00 -3.957958164921713262e-01 -2.896144483547278270e-01 2.169148964150528158e+00 1.787537974894933157e+00 -3.003405446784259247e+00
1.229929960593200977e-01 -2.062664285327263647e-01 1.786370888107633170e-01 1.499860267244021994e-01 -1.632012245964109542e-01 4.991222328705591238e-01 8.679407683180939692e-02 9.567192197197726955e-01 -1.656655819838071864e+00 1.300998987833223985e+00 7.130722465421479583e-01 -1.701387589249877763e+00 2.547408591330526662e-01 1.808461844790390849e+00 -3.957958164921713262e-01 -2.896144483547278270e-01 2.169148964150528158e+00 1.787537974894933157e+00 -3.003405446784259247e+00
1.183052706880830252e-01 -1.724264529875786378e-01 1.757378419154222438e-01 1.678416413132045593e-01 -7.834582582928839578e-02 5.725945394756650764e-01 8.510017478315148876e-02 3.121721649662010378e-01 -2.153902086558066031e-01 8.936373472213068325e-01 1.470869387313349819e+00 -1.513111603105997460e+00 8.728156631128509702e-01 1.712382233017814670e+00 3.915596995714833994e-01 4.767071329730949714e-01 1.735667169976744972e+00 2.842788844987138575e+00 -4.044063424596813228e+00
1.241537880841662167e-01 -2.038949343814146498e-01 1.783807825653516144e-01 1.606663276931874496e-01 -5.917079543040726364e-02 5.803679837879509584e-01 8.280109389053551261e-02 7.997979120742471082e-01 -1.764029988956909989e-01 1.065958209862351680e+00 1.044818902350951539e+00 -4.538877316572262899e-01 6.930935279620520362e-02 2.528543265892412073e+00 -5.313908361623909116e-02 3.206987294715908376e-01 2.130459996143168944e+00 3.250868361484052116e+00 -4.181117592660540616e+00
1.237488438501092858e-01 -1.982571315092049313e-01 1.797960021650137907e-01 1.495227046124624204e-01 -1.245062927310421896e-01 5.686038723334285727e-01 8.571769831364832448e-02 -2.829396482048887052e-01 -3.593660664453359743e-01 8.808059164977812827e-01 7.966439789105059788e-01 -1.333426473070336016e+00 4.422830854766344189e-01 2.122056202637877753e+00 -7.091872472210214440e-01 2.554741716078012814e-02 2.360141483228657577e+00 2.245578945856308017e+00 -3.391698658795916366e+00
1.253644976646251519e-01 -1.802475816563364752e-01 1.790177187073991594e-01 1.569730225603673812e-01 -1.679127987248520970e-01 5.110015147176949490e-01 9.028371192158433922e-02 -3.982606910622079610e-01 -3.800984470210586608e-01 6.865812788747316375e-01 8.353311731249135619e-01 -1.408291789280162742e+00 -1.467894346133249428e-01 2.444597137218678107e+00 -9.381474884535965231e-01 9.602523161821707731e-02 1.389847062393887001e+00 2.149797022577908834e+00 -3.081230354210120037e+00
1.198834127109495162e-01 -1.799453598130096310e-01 1.769027295702839397e-01 1.596528579964302530e-01 -1.775536399724054748e-01 5.490368186599012823e-01 8.811707402306689918e-02 -7.980471721084887449e-01 -7.483065102564641080e-01 7.096868263305466940e-02 1.048854152075112900e+00 -2.616309054423295866e+00 4.886700684517890636e-01 1.119476846219260580e+00 -9.550574254750561209e-01 -1.929757616234093476e-01 1.560701009628781222e+00 1.135512572228599026e+00 -2.088224915341343912e+00
1.200736179812159632e-01 -1.877045013629592973e-01 1.793075966142841093e-01 1.591761985464600349e-01 -1.490527419744860360e-01 4.457325315056825943e-01 8.417607564063013526e-02 8.499230311553436223e-01 -1.103574474158925511e+00 1.115748180261393330e+00 1.204601799980422605e+00 -1.719795434169125947e+00 5.781951332719268422e-01 1.823618566045542622e+00 -7.100577223657111858e-02 4.934623055960152271e-02 2.213050558289050507e+00 2.128989607293865660e+00 -3.478692945844245710e+00
1.200736179812159632e-01 -1.877045013629592973e-01 1.793075966142841093e-01 1.591761985464600349e-01 -1.490527419744860360e-01 4.457325315056825943e-01 8.417607564063013526e-02 8.499230311553436223e-01 -1.103574474158925511e+00 1.115748180261393330e+00 1.204601799980422605e+00 -1.719795434169125947e+00 5.781951332719268422e-01 1.823618566045542622e+00 -7.100577223657111858e-02 4.934623055960152271e-02 2.213050558289050507e+00 2.128989607293865660e+00 -3.478692945844245710e+00
1.200914925768187536e-01 -1.991766767734806654e-01 1.799179851254016915e-01 1.622816816712823185e-01 -1.387210030251488924e-01 5.433845041277871601e-01 8.613541026869855899e-02 9.045594186516652258e-01 -5.056367202875300393e-01 1.801999378745562375e+00 8.999718282382627166e-01 -5.460196505591161653e-01 4.147262617308751231e-01 2.535044850423773255e+00 3.445242262744319106e-02 2.891021863839418060e-01 2.188452968398123311e+00 2.943956377984040529e+00 -4.563038930853350550e+00
1.158792037865638280e-01 -1.601601361641817323e-01 1.726257198981622498e-01 1.640601179274676635e-01 -1.446945165351148921e-01 5.335952138129691491e-01 8.184947921860680209e-02 -1.501333160796383126e-01 -1.076907755166264025e+00 1.041385827790710650e-01 6.010897176519458540e-01 -1.857623544686899386e+00 -3.587360915170823006e-01 1.681293172508109279e+00 -1.068476130053843232e+00 -1.524766795826524302e-01 1.400832327021057644e+00 2.123570508458298534e+00 -2.109206566751355094e+00
1.159754387602672243e-01 -1.761090924705278615e-01 1.755556232453154564e-01 1.718540146214460052e-01 -1.563546774812307749e-01 5.642592376059072379e-01 8.148866697174989016e-02 1.658646055665753849e+00 -5.039686398550067281e-01 1.564345332137984990e+00 1.274765036946959640e+00 -5.702558457728477137e-01 5.659040232004608484e-01 3.036559003995044748e+00 -3.714396821295462559e-01 9.846982261479215737e-01 2.513155259447826140e+00 2.708391417462934214e+00 -4.810091879326821918e+00
1.147985838555674321e-01 -1.955871121874769303e-01 1.770565187121885542e-01 1.616316039349889877e-01 -1.368697517632112559e-01 4.916562363639367383e-01 9.014896753678006136e-02 -2.709766006089253665e-02 -1.458022235697556290e+00 8.435091215492240835e-01 2.011359580843965489e-01 -1.665278270590857534e+00 -2.612407682026063327e-02 1.269001728953357500e+00 -5.625335691207036248e-01 -6.416833811066045001e-01 1.564054861633056959e+00 1.909829978803225359e+00 -2.178121983181812382e+00
1.212095672175357852e-01 -1.771260689253271181e-01 1.766469138473706346e-01 1.731648355196122591e-01 -9.363104277740630366e-02 5.204372626380417977e-01 8.105059479775103548e-02 1.273881436261068423e+00 -5.416657048693593879e-01 1.567811315132935590e+00 1.151560464030048081e+00 -9.055685479105530789e-01 8.465977702224858348e-01 2.090231112394594248e+00 4.974410839063914125e-01 3.561006491433404975e-01 2.043269671974650592e+00 3.318306384278542964e+00 -4.465042504316947714e+00
1.133424673377552983e-01 -1.849182177950877137e-01 1.758903734898772664e-01 1.677393052333762125e-01 -7.621996484465320965e-02 5.546125956357186304e-01 9.039530154267894080e-02 -7.592168723297021415e-01 5.606783837347339983e-02 6.425571871622004494e-01 1.071124249151994334e+00 -1.666368057877240183e+00 4.153494925245739822e-01 1.626761676129477863e+00 3.635988205431539555e-01 -9.603519046808930426e-01 1.702104314559981901e+00 3.382553004019367648e+00 -3.365490866522743207e+00
1.211214196233334484e-01 -1.820874950407345150e-01 1.786687303587503051e-01 1.796142250452651412e-01 -1.297920308723951033e-01 4.865697872630265763e-01 8.922564741517219344e-02 -1.959611082529910675e-01 -7.161252410636187449e-02 6.485969441894248178e-01 9.241560974698774800e-01 -1.139033152836347984e+00 4.480217058289861498e-01 1.747317482985960346e+00 2.956228813436112546e-02 -7.732295763094310104e-02 1.769920918565275336e+00 2.546020373013114124e+00 -3.496169846240268164e+00
1.189272486885619706e-01 -1.871432171399897704e-01 1.722396150845026119e-01 1.787620833144376586e-01 -1.489399684181902384e-01 5.970683813676322949e-01 8.524359757761210132e-02 7.982532667591177855e-01 -4.639669696943329313e-01 1.156429046606660904e+00 1.192694530949385268e+00 -1.060700553783189282e+00 7.538196079643864067e-01 2.062384863291835124e+00 -2.997719960376699078e-02 2.464667906833870603e-01 2.565180002614273036e+00 2.411544377632145242e+00 -4.181666975446183265e+00
1.253494116647564105e-01 -2.021234212326978308e-01 1.803097604478140770e-01 1.558624561196009228e-01 -8.431780993100401744e-02 6.084658130591349412e-01 8.756197363103468412e-02 5.450428676733203304e-01 -8.852653133509074124e-01 5.734419840996043405e-01 1.277215618591798219e+00 -1.882974522796928341e+00 2.995265181270596599e-01 2.155006629875344970e+00 -4.815911097334364399e-01 -2.892825063865398505e-01 1.823975143035799107e+00 3.045258430635762181e+00 -3.177099510069492538e+00
1.206895642176638028e-01 -1.744452449861362830e-01 1.817680619598520675e-01 1.481386861947409095e-01 -1.344458221080144789e-01 5.112847246467526752e-01 8.577759244061147759e-02 8.282188733603437214e-01 -2.586277711030415816e-02 1.246417944325123983e+00 1.591046111893793302e+00 -1.044466576506222211e+00 7.400168692567197226e-01 2.304711849610433738e+00 7.681782675860908682e-01 -2.899079451925077322e-01 3.385535617984853474e+00 2.547709990943141101e+00 -4.683270039556656883e+00
1.257326426095188854e-01 -1.958531112107361749e-01 1.808985230933918276e-01 1.603040631025424156e-01 -1.664754131168062479e-01 5.282449453536051109e-01 8.163090548438982352e-02 -8.437067326849749804e-01 -2.527440384678101282e-01 1.772581758462532520e-01 6.760649969697496431e-01 -1.925051951155213104e+00 5.193926806221673687e-01 8.893494872481628732e-01 -4.984133792382827721e-02 -6.250210501442516886e-01 2.001900885748598924e+00 1.439775751852115704e+00 -2.455414253575490147e+00
1.146733034201200541e-01 -1.582593028463701312e-01 1.738577419294205784e-01 1.805996350125078642e-01 -6.455273362580982166e-02 5.347726941608628159e-01 8.736222731257159424e-02 -4.143442769133018899e-01 -1.245662490694889435e+00 6.593310838569221843e-01 3.547057055200522058e-01 -1.907416786663968633e+00 -2.945525864844098507e-01 1.491271291700972945e+00 -2.657032200180031722e-01 -1.251060051465409551e+00 1.961461255791377312e+00 2.036229461543753061e+00 -2.120897459749572445e+00
1.247635815957684191e-01 -1.905034467691196776e-01 1.804911935622021402e-01 1.634528218546063005e-01 -9.315343499299522101e-02 5.591118172359639260e-01 8.681504391154322431e-02 -3.732932725451396649e-01 -3.750099347464121990e-01 8.643650525334045653e-01 8.636919029795215863e-01 -1.511188300884253710e+00 5.755468889038750646e-01 1.951163458433116560e+00 -5.223536146034977179e-01 -1.396685230315597437e-02 2.452208989598774203e+00 1.427625921086742800e+00 -3.358910370775038512e+00
1.188842858529418900e-01 -1.837598452755626055e-01 1.773616470457108907e-01 1.719916638331425718e-01 -1.422646728673115923e-01 5.293719961912128902e-01 8.673764583465279343e-02 -3.503987418316398816e-01 -1.446704280108210838e-01 9.066630730931155568e-01 8.643477167179032250e-01 -8.073601931688543232e-01 -1.280295202995267445e-01 2.560072068751511054e+00 -3.957378410109635425e-01 -5.947239592659769869e-02 2.510781270313291458e+00 2.520958063264152393e+00 -3.711579518162904989e+00
1.168773476877282280e-01 -1.696481265812805339e-01 1.746794818541331507e-01 1.597330150694935558e-01 -1.123328400307112007e-01 5.532239125759934595e-01 8.322894675399530873e-02 6.976763372892289539e-01 -1.066303262961644904e+00 6.607167194157792522e-01 9.625504171871801518e-01 -1.730973284662560285e+00 4.983391663301306451e-01 1.634841890934141340e+00 -1.708354478758344897e-01 -2.546812343221063202e-01 1.810473767566030290e+00 2.575532166715468918e+00 -3.097094978283761346e+00
1.197253702658954422e-01 -1.858975854826692142e-01 1.799377355477995710e-01 1.560601239199969070e-01 -1.417939285971510088e-01 4.626453254632165724e-01 8.867587547679199600e-02 4.767832942284409015e-01 3.088935416382838639e-01 1.416110435932498746e+00 1.490079889631889642e+00 -8.033490123128395055e-01 5.253345092286778595e-01 2.872013466081449806e+00 2.805026262916410218e-01 4.608058188226893392e-01 2.045012661422389577e+00 3.812375871196511667e+00 -4.980702154204047716e+00
1.152979541725261403e-01 -1.672145081090563590e-01 1.745662243914822831e-01 1.654347483935560970e-01 -2.001384054140322721e-01 4.711184961367429480e-01 9.251148822666621641e-02 -2.187900518674741335e-01 -1.520484025241071180e-01 9.061468152227956097e-01 1.031281865474097614e+00 -1.508728730988059041e+00 4.260936054993313959e-01 2.362991491114624587e+00 -6.909798825174382486e-01 1.739449205780676522e-01 1.841301503450365473e+00 2.550400580101596759e+00 -3.660192326791274375e+00
1.219387024754669535e-01 -1.676382902239770822e-01 1.808768117121128116e-01 1.511774692908026685e-01 -1.724739992757678975e-01 5.278293097670303524e-01 8.448630360551297180e-02 -3.383363522177251781e-02 -1.606272005756095300e+00 8.214829075942891023e-01 1.978548999829694566e-01 -1.862817399719061129e+00 5.482385868887540425e-02 1.083863517720791592e+00 -3.765430177692872249e-01 -5.199515656304223299e-01 1.086626128914849332e+00 1.710825190053730793e+00 -2.077809082312811917e+00
1.193622787556785636e-01 -1.933044655392772149e-01 1.782911606804472582e-01 1.677046311615890684e-01 -1.748956355758364278e-01 4.765623763068234098e-01 8.342449572568891303e-02 9.098482470922606424e-01 -4.083229154953311735e-01 1.229571827084563473e+00 8.548932462021294754e-01 -5.171690151841286109e-01 2.073707631238663751e-01 2.253372062060932102e+00 3.248976317262384228e-01 -1.730961580329370975e-03 2.302082452512019373e+00 2.633271230477964409e+00 -4.153097395716162765e+00
1.193622787556785636e-01 -1.933044655392772149e-01 1.782911606804472582e-01 1.677046311615890684e-01 -1.748956355758364278e-01 4.765623763068234098e-01 8.342449572568891303e-02 9.098482470922606424e-01 -4.083229154953311735e-01 1.229571827084563473e+00 8.548932462021294754e-01 -5.171690151841286109e-01 2.073707631238663751e-01 2.253372062060932102e+00 3.248976317262384228e-01 -1.730961580329370975e-03 2.302082452512019373e+00 2.633271230477964409e+00 -4.153097395716162765e+00
1.202283797981940905e-01 -1.807726778118594613e-01 1.804432122007798012e-01 1.540667243461846247e-01 -9.392163967868416563e-02 4.821748402386365484e-01 8.357095923932952863e-02 -4.381424628328023374e-01 -5.915750263987114010e-01 -6.889229995210488511e-02 1.211448109816162244e+00 -2.416515136056885282e+00 7.603430109481603694e-01 5.705390334201911884e-01 6.769473619713473056e-02 -5.218138860439482940e-01 1.452361583943341472e+00 1.945396436297507137e+00 -2.351814629712257076e+00
1.258259859077520970e-01 -1.941899977458275139e-01 1.820404135622092912e-01 1.624075203928414535e-01 -1.222361389867790971e-01 5.507230107822898013e-01 8.784761169551368043e-02 -6.571005515386971751e-01 -7.243273790088409214e-01 3.934135560136420295e-01 8.475136204689253105e-01 -2.322253249785914520e+00 4.292792766986952557e-01 1.306440474747724068e+00 -5.719091842680947835e-01 -3.004174864244113508e-02 1.169396758378695722e+00 1.478204341418058121e+00 -2.395115376450400291e+00
1.203683000500170297e-01 -1.932434415642172998e-01 1.792148955350956752e-01 1.548816752646463568e-01 -1.550533251617344233e-01 5.055728140966198048e-01 8.281535967433929779e-02 1.690602787939887719e-02 -7.379935109194617482e-01 1.297653385584915497e+00 2.504870207902198942e-01 -7.529205917616899058e-01 -8.761342526604032344e-02 1.886811799170331483e+00 3.618139355376381872e-02 -8.635564827835713331e-01 2.510657641315408029e+00 2.376334007359657718e+00 -3.295336766841042486e+00
1.288691550166884137e-01 -1.929296869987450758e-01 1.839194711669590032e-01 1.601619116195420744e-01 -1.329024895847015220e-01 4.906528716986420235e-01 8.683198955171719802e-02 -2.200041350168895349e-01 -3.401128571754679086e-01 6.365915164985818109e-01 8.754794799433618380e-01 -1.326720627815340947e+00 2.375167804407807282e-01 1.906940756678415561e+00 -2.640947137736118222e-01 1.203832332570184960e-01 1.419682548071802053e+00 2.162188650326806183e+00 -3.207973127911178501e+00
1.251312701484204037e-01 -1.829215862874289389e-01 1.802031492656757661e-01 1.678849547708648471e-01 -1.062875143315143989e-01 5.798562299596059511e-01 8.232118117594644513e-02 1.112497099089547525e+00 -4.498161287758426496e-01 1.071378492102669000e+00 1.478932963485246610e+00 -1.030630392065771339e+00 4.045710531791897324e-01 2.698707042574596926e+00 -3.185568977791239931e-01 3.018451390847998184e-01 2.908745133200700828e+00 2.323710178253266534e+00 -4.250558392239712546e+00
1.251312701484204037e-01 -1.829215862874289389e-01 1.802031492656757661e-01 1.678849547708648471e-01 -1.062875143315143989e-01 5.798562299596059511e-01 8.232118117594644513e-02 1.112497099089547525e+00 -4.498161287758426496e-01 1.071378492102669000e+00 1.478932963485246610e+00 -1.030630392065771339e+00 4.045710531791897324e-01 2.698707042574596926e+00 -3.185568977791239931e-01 3.018451390847998184e-01 2.908745133200700828e+00 2.323710178253266534e+00 -4.250558392239712546e+00
1.186102574917465846e-01 -1.830453115881171544e-01 1.800220072123784598e-01 1.637131975508526738e-01 -2.147066682312290808e-01 5.250106261939477825e-01 8.512834694827492443e-02 -4.819587003571070838e-01 -5.496815824598222378e-01 -2.055046648991609715e-02 1.194556844639789617e+00 -2.249217899760393102e+00 3.441723077743663595e-01 1.279808900975861974e+00 -3.821905760970993882e-01 -7.969550980131820950e-01 2.588264984508739097e+00 5.656871363538451547e-01 -2.432273319166186720e+00
1.186102574917465846e-01 -1.830453115881171544e-01 1.800220072123784598e-01 1.637131975508526738e-01 -2.147066682312290808e-01 5.250106261939477825e-01 8.512834694827492443e-02 -4.819587003571070838e-01 -5.496815824598222378e-01 -2.055046648991609715e-02 1.194556844639789617e+00 -2.249217899760393102e+00 3.441723077743663595e-01 1.279808900975861974e+00 -3.821905760970993882e-01 -7.969550980131820950e-01 2.588264984508739097e+00 5.656871363538451547e-01 -2.432273319166186720e+00
1.253964725228980115e-01 -1.919179575257339287e-01 1.807567618285157718e-01 1.567410117518668322e-01 -1.173677239322552524e-01 5.719185651106153401e-01 8.623204894185182434e-02 7.267801332934791247e-01 -1.086560184450633848e+00 1.252771560938197304e+00 6.206692248410057289e-01 -1.073461232738114113e+00 -1.877950292941648058e-01 2.297580140752808475e+00 -5.534182790950019637e-01 -1.307560988249667489e-01 2.317579287319002646e+00 1.919177843426908225e+00 -3.307429358662577368e+00
1.163263085673018338e-01 -1.772652166856654721e-01 1.749078056104449441e-01 1.623818783149858502e-01 -2.025888942092985978e-01 5.617126349656778039e-01 8.685893352534818090e-02 3.667114080501079343e-01 -6.261874192133287664e-02 1.011630508995700062e+00 1.410830851711295963e+00 -1.059030243655763481e+00 4.026971145259246043e-01 2.542447946325530062e+00 3.037947880982532212e-01 -2.543341857461216549e-01 2.826531578326081373e+00 2.396713679663750263e+00 -4.370875556891781422e+00
1.196539794871117612e-01 -1.747537942624162177e-01 1.779800346095699870e-01 1.575069681331403570e-01 -3.592496928475696905e-02 5.294064374069167300e-01 8.641075681559953758e-02 -5.080549533039482313e-01 -1.115323077487773595e+00 5.197466945641968650e-01 1.084639797403834649e-01 -1.659949032380716449e+00 4.225128808865719066e-04 8.447056404908845906e-01 -1.982549460315050638e-01 -6.796212934680436746e-01 9.947817593483998522e-01 1.880156371398511439e+00 -2.007573190874150537e+00
1.168511059295443688e-01 -1.788674555587400627e-01 1.754797255477316131e-01 1.585418481727774997e-01 -1.295966563348536216e-01 4.740881674718968597e-01 9.117312316729972443e-02 -4.175661779691424158e-01 -1.123752310317907455e+00 8.794208772548293140e-01 3.408410395421492822e-01 -1.509996133993984024e+00 -7.274316441505632724e-01 2.528192894477852448e+00 -1.313060784023650562e+00 -1.753983738303164230e-01 1.020616888686395107e+00 2.206585134669216686e+00 -2.385608050152115744e+00
1.214540212611246450e-01 -1.826692241708907094e-01 1.774390707157981195e-01 1.587741555236505953e-01 -9.459070354468546160e-02 5.429800453799709103e-01 8.598023618670241897e-02 -9.843550300581149770e-03 -1.367464023452356514e+00 8.470541506614708283e-01 1.476652068284947106e-01 -1.608083901171029062e+00 -5.097214390577819998e-01 1.983437696503473902e+00 -1.129480373136906302e+00 -3.321228529284319109e-01 1.695970834691649110e+00 9.469652782608770636e-01 -2.227330800110361331e+00
1.225890404502125441e-01 -1.913041859610233320e-01 1.830826293419992035e-01 1.514649425530064653e-01 -1.830368757864602181e-01 5.288845636361108049e-01 8.384749202156158154e-02 1.120092959763228535e+00 -1.014961887826207665e+00 1.361010321895136599e+00 7.087330096086823517e-01 -9.484334500015076941e-01 4.500587041089527673e-01 1.966259039115509921e+00 -1.282284678439618020e-01 -2.830269014486574974e-03 2.328227104423580940e+00 2.014795000648237355e+00 -3.696827541163135944e+00
1.168667653604052170e-01 -1.844261717801864431e-01 1.805064653083140458e-01 1.623348884406862203e-01 -5.183503100081598980e-02 5.179811560692315631e-01 8.494010986532529728e-02 1.002144461026057698e+00 1.506100852123015699e-01 8.421294353707047264e-01 2.039917446871123197e+00 -1.193893867109840023e+00 1.096647910979591245e+00 2.144786411429027595e+00 5.269903070155699254e-01 7.535315131466546745e-02 2.671677272187944041e+00 3.259314339053901222e+00 -4.774568650468148157e+00
1.183402087476025655e-01 -1.890857954774989302e-01 1.808900536329505482e-01 1.468994690856675334e-01 -1.114076215721500063e-01 5.786742502510979769e-01 9.324987238847345927e-02 2.587165603926937507e-01 -8.293557780390576895e-01 1.047900333897715086e+00 8.105869917783827816e-01 -1.188115520191245444e+00 -2.832700289050942288e-01 2.434386730102606755e+00 -2.144132028330147932e-01 -6.919803038284788599e-01 1.981210970005977678e+00 2.705420561949523517e+00 -3.376939013399318679e+00
1.143603185658323140e-01 -1.598231710510721881e-01 1.755132556856274784e-01 1.744614057459764611e-01 -1.788975832708784575e-01 4.932945148047704897e-01 8.772686699068685257e-02 -3.993168207878401432e-01 -9.210150918191217784e-01 3.655628014664475955e-01 5.501562360954430630e-01 -1.635714151305597497e+00 -8.527682983083195722e-02 1.512227152905431637e+00 -6.129830393621347184e-01 -5.193128870277368136e-01 1.438599995142896049e+00 2.633464466844452900e+00 -2.320339759003648528e+00
1.169908730402661745e-01 -1.908818503846193559e-01 1.758739453303396205e-01 1.697655873818618710e-01 -1.388878411662594070e-01 5.394460016448023865e-01 8.645631432963160612e-02 7.220074115533048342e-02 -1.601386982528758107e+00 7.446133882160115292e-01 4.208696780124494552e-01 -2.243818237513521829e+00 4.746344541660469929e-01 9.446584128585584494e-01 -6.762709533099826587e-01 4.202647656269498100e-02 6.266683621895738909e-01 2.033169389931543058e+00 -2.154337243509697686e+00
1.288875193680879827e-01 -1.898485535764371512e-01 1.811332870095433145e-01 1.472605161371252080e-01 -6.547376693988826712e-02 5.248219846027577518e-01 8.330903216429370872e-02 1.553117455548029824e-01 -8.282260765242863698e-01 8.580653350895159903e-01 7.411711932687072846e-01 -1.429336726447871797e+00 3.047907236173594825e-01 1.615592647583201646e+00 -1.044174847109946569e-02 -4.536019135454978368e-01 2.837050648450050616e+00 1.084796348750604267e+00 -3.092428786538640839e+00
1.288875193680879827e-01 -1.898485535764371512e-01 1.811332870095433145e-01 1.472605161371252080e-01 -6.547376693988826712e-02 5.248219846027577518e-01 8.330903216429370872e-02 1.553117455548029824e-01 -8.282260765242863698e-01 8.580653350895159903e-01 7.411711932687072846e-01 -1.429336726447871797e+00 3.047907236173594825e-01 1.615592647583201646e+00 -1.044174847109946569e-02 -4.536019135454978368e-01 2.837050648450050616e+00 1.084796348750604267e+00 -3.092428786538640839e+00
1.115043630602765845e-01 -1.723344835550543741e-01 1.774673176745787118e-01 1.702597194905620670e-01 -1.159386005905306272e-01 5.428442242820126218e-01 8.639258492928232613e-02 3.299016075338032650e-01 -1.092549144518914161e+00 1.265975571453148874e+00 6.728175437173691265e-01 -1.341142814288987850e+00 3.362675337321068270e-01 1.655654212982725859e+00 -2.074735281389816777e-02 -9.042358353577117924e-02 1.539022454167780829e+00 2.732469128407188919e+00 -3.385171906132930619e+00
1.243585347149198661e-01 -2.017304699951824043e-01 1.772593231984151974e-01 1.591032190152339432e-01 -1.250258238316601656e-01 5.235294726823749301e-01 8.214284498391419276e-02 7.317765388645902647e-02 -2.803911742301927745e-01 3.717282573402265200e-01 1.146806378834257956e+00 -1.424144570287777078e+00 5.949771985991620937e-01 1.335343959243562750e+00 4.369092219064203420e-01 -7.357507419832272078e-01 2.017135240866780421e+00 2.896769834040061831e+00 -3.285029003333661990e+00
1.161896222742958562e-01 -1.945917711393698735e-01 1.773353231912894457e-01 1.614771237678012117e-01 -8.706825595449263488e-02 5.279373423762669937e-01 8.817336447217756501e-02 -3.879648639881967398e-01 -9.671514566572820826e-01 3.924149064568203116e-01 7.754400561624228416e-01 -2.030016473149967915e+00 1.294940066833429881e-01 1.344536946623634321e+00 -3.333015891686450516e-01 -1.201619482737336764e+00 2.016366582226068793e+00 2.647000233679859704e+00 -2.315460447676867872e+00
1.209188208312170776e-01 -1.957278877583898957e-01 1.823718282620545306e-01 1.530248661642197305e-01 -9.438611848061362330e-02 5.297570231205703806e-01 8.903119773186314589e-02 -1.068719524938557264e+00 -8.276504373852500152e-02 4.622811073285877370e-01 8.593057611410426233e-01 -1.655220499684157520e+00 1.605621472658658178e-01 1.520775574519506179e+00 -1.108191459560066150e-01 -6.186582872152985857e-01 1.307559455549634819e+00 2.888044953758484468e+00 -2.825072818048489864e+00
1.159693645731203759e-01 -1.736981099457547417e-01 1.777329578179198122e-01 1.630492117416392217e-01 -1.628216115105678430e-01 4.998988684408751659e-01 8.210577897528778535e-02 1.222484610452710285e+00 -3.385403383839511449e-01 8.778382859590898590e-01 1.570498602386141584e+00 -1.249423973327492554e+00 6.829752064974048409e-01 2.176061051369803323e+00 1.883020479314723161e-01 5.424237921249295269e-01 2.286011929230119755e+00 2.496447171715158397e+00 -4.212104399854069925e+00
1.140527286869149892e-01 -1.729686043659802719e-01 1.714536568569896557e-01 1.718027657278806686e-01 -1.524225559259795304e-01 5.307728876458055467e-01 8.305196486848105686e-02 2.551517710921915594e-01 -1.231548812539015714e+00 7.103066243880977737e-01 6.082838499863063575e-01 -1.810158479317192537e+00 2.442131923426700268e-01 1.364234386989395809e+00 -1.804676728269178909e-01 -4.326170196907677123e-01 2.043985218786664504e+00 2.011456236163380318e+00 -2.688620310737416030e+00
1.202377316887665026e-01 -1.798191271037687944e-01 1.775215633827541828e-01 1.602176160284104478e-01 -1.501952997406297285e-01 6.226139338699043790e-01 8.330683651262185685e-02 -1.091235069051581519e-01 -7.598237759666570668e-01 6.697936112296982714e-01 8.592748381106254385e-01 -1.582509304578136433e+00 -5.177372881847652764e-02 1.816076549239546090e+00 -1.036525945624076073e-01 -8.751293344265418384e-01 2.285331331812793465e+00 2.059523934578897375e+00 -2.933140622444207146e+00
1.202377316887665026e-01 -1.798191271037687944e-01 1.775215633827541828e-01 1.602176160284104478e-01 -1.501952997406297285e-01 6.226139338699043790e-01 8.330683651262185685e-02 -1.091235069051581519e-01 -7.598237759666570668e-01 6.697936112296982714e-01 8.592748381106254385e-01 -1.582509304578136433e+00 -5.177372881847652764e-02 1.816076549239546090e+00 -1.036525945624076073e-01 -8.751293344265418384e-01 2.285331331812793465e+00 2.059523934578897375e+00 -2.933140622444207146e+00
1.211421995864842560e-01 -1.809340715592895887e-01 1.771703616503997603e-01 1.741934406823631987e-01 -7.016378999310890485e-02 5.703998942078807310e-01 8.403926663905818273e-02 7.905910071066504230e-01 -6.040406992875100300e-01 1.288974113195752835e+00 7.426162229684249994e-01 -5.940379289792740991e-01 -2.449288931260440449e-02 2.605538943736740443e+00 -5.395469559794339176e-01 5.830842279141377205e-01 2.202246203617775677e+00 2.405574892354470862e+00 -3.982557189770880690e+00
1.219785529818248893e-01 -1.811765421963416611e-01 1.776519774458244216e-01 1.688542212160097922e-01 -1.650014882467968347e-01 5.259172472453901293e-01 9.050555122709716405e-02 3.572858753045888847e-01 -1.177031365316882017e+00 1.073742250236531248e+00 4.071047437616179820e-01 -1.211975821198420622e+00 -3.848561197686954927e-01 2.534756132228297432e+00 -1.287758093872610754e+00 2.801019044530690394e-01 1.856012826267256166e+00 1.790127885105596839e+00 -2.888570827088916992e+00
1.168592650884908712e-01 -1.797047514513432920e-01 1.773588576601902167e-01 1.577438688541268341e-01 -6.746077880007594896e-02 5.091474291267714669e-01 8.550162259638660611e-02 3.629676701167205977e-02 -6.492933411233163810e-01 7.086952748478640984e-01 1.007894037305910651e+00 -1.553169539313689729e+00 2.007440381287963760e-01 1.558488211369061460e+00 9.574366986234128518e-02 -3.834146819192483235e-01 1.560986963467434485e+00 3.489137940540667060e+00 -3.180683392687264188e+00
1.229186390964622788e-01 -1.902064378025881131e-01 1.774523678690738959e-01 1.616011790913880475e-01 -7.640054589767852899e-02 5.502701292049403392e-01 8.980259653451792834e-02 -7.835858866344835860e-02 2.626760599944821806e-01 8.525247526923056540e-01 1.061216268366422355e+00 -9.220998132901581101e-01 6.121156846943440755e-01 1.881646552165165964e+00 5.159854721031020830e-01 -6.484528742239330512e-01 3.109157499056999896e+00 2.056326307511630702e+00 -4.086784578884707031e+00
1.150381523676086148e-01 -1.659962276714987972e-01 1.767997677158098246e-01 1.616340979353085849e-01 -1.550630497152180043e-01 4.411718880260648845e-01 8.739366725277561421e-02 -8.551038865577975656e-02 -9.369760683069721097e-01 3.933894057806543998e-01 1.087925903957759566e+00 -2.125464836242861200e+00 2.464890712562777253e-01 1.761836820934132852e+00 -3.909030594657432189e-01 -9.762610683725023719e-01 2.065690751065954345e+00 2.350314936204979333e+00 -2.629052142562173344e+00
1.215821138425971781e-01 -1.820331867488705346e-01 1.764704848705035412e-01 1.622320735822695426e-01 -1.330800373100745615e-01 6.149835797998322029e-01 8.389104359172484815e-02 -4.139605839372713092e-01 -1.231272582736371302e+00 5.511532646560537430e-01 3.364412915543946170e-01 -2.006993092943710977e+00 -1.908212089691634361e-01 1.467035228144850656e+00 -4.931143784168305899e-01 -1.105638047075974573e+00 2.030684239416114423e+00 2.381903643122277536e+00 -2.069412106766805426e+00
1.222439418037862824e-01 -1.850431108097170818e-01 1.784921522030191166e-01 1.493542046142006807e-01 -1.663557330255043265e-01 5.190640865795264070e-01 9.102095117212202768e-02 -4.496837610638939609e-01 -6.613634102353129762e-01 7.259196983820395133e-01 1.006508936552535260e+00 -2.080394800280177314e+00 5.680025475519041578e-01 1.635534868540522879e+00 -7.994972299688827277e-01 5.843947650737035815e-03 1.554228518898748135e+00 2.361812667411742339e+00 -2.875597309151652681e+00
1.163232723342378649e-01 -1.655567343595835683e-01 1.778919019491843612e-01 1.577274149314690233e-01 -1.393115066549210912e-01 5.084433360613829223e-01 8.772416704157695588e-02 7.964158822733926613e-01 -7.910708687780996229e-01 1.215049037237299068e+00 1.099647628993356108e+00 -1.450235370428138992e+00 8.089358628659386596e-01 1.997609670269585358e+00 -9.444667358267899715e-02 -2.184578756951971457e-01 2.369615458600869751e+00 3.326646540959304232e+00 -3.850737357858403875e+00
1.192158418172780399e-01 -1.955601187085560522e-01 1.747844104919752672e-01 1.603391806558996935e-01 -1.376544044486939233e-01 6.057402204967630155e-01 8.346143264126250350e-02 -8.907984990976602901e-01 -1.762585474488940207e-01 1.319644579890617564e-01 7.179334179668286353e-01 -1.493401957125754631e+00 -1.328046424072146792e-01 1.607692110051974765e+00 -4.996214953272977155e-01 -3.549455144621154190e-01 1.179251742239651790e+00 2.678461028094060836e+00 -2.631057795930825449e+00
1.250652323141192568e-01 -1.805600139350108102e-01 1.812062701114016960e-01 1.589135280738208644e-01 -2.052311499570640407e-01 5.396642870155767824e-01 8.894652297155886123e-02 1.583666204264311261e-01 -1.300471588364299880e+00 7.548761462153663615e-01 5.999395425758571321e-01 -1.592162150008692656e+00 -1.823810207841569664e-01 2.035165592246662492e+00 -8.186922387334227835e-01 -1.993140379932523132e-01 1.727177907624152908e+00 1.204957467287648853e+00 -2.549741807135556204e+00
1.215150395723973986e-01 -1.931093458728139756e-01 1.799431477566313664e-01 1.611493294123876874e-01 -1.261494366641181530e-01 4.683499970874467344e-01 9.341138393511723426e-02 2.842895713956652415e-01 -1.042290413461979703e+00 1.275955943000824711e+00 8.458707685501813955e-01 -1.662027096461602405e+00 3.501249099641672302e-01 1.988760573800167464e+00 -3.311153613662458639e-01 -2.334722277223688636e-01 1.784791962729999959e+00 1.696122788778435364e+00 -3.257320782571528461e+00
1.169100413706174735e-01 -1.758594990991176887e-01 1.781547597838288866e-01 1.544548061528966398e-01 -1.166760693116429826e-01 4.703088619291784234e-01 9.101200775481685379e-02 -4.027596861945514917e-02 -1.783200609053281482e-01 3.448970382780380817e-01 1.371287171439391273e+00 -1.480465424810757824e+00 -1.245774083489390449e-01 2.485388023113442202e+00 -2.700226059065222728e-01 -9.750758792768170480e-01 2.256266738052785215e+00 2.965542288161291395e+00 -3.347018739438853085e+00
1.213284683167240308e-01 -1.947804809839044915e-01 1.798929082466230456e-01 1.645408009653660519e-01 -1.586669948832930555e-02 6.228862025046955075e-01 8.546887792866032785e-02 6.507848085029230845e-01 -5.591837101163790180e-01 9.868142024207271490e-01 1.085633990290507889e+00 -1.207166536738442097e+00 4.410278737293316098e-01 1.835755589057628256e+00 3.555204377648610858e-01 -6.914239798486647715e-01 2.567167297997974273e+00 2.985514294985462058e+00 -3.768773924679464482e+00
1.152727835636049858e-01 -1.821735753596062657e-01 1.741421943017385787e-01 1.673422813770450990e-01 -1.542687004758452884e-01 4.793592494844505225e-01 8.959003767048848155e-02 -3.099984275973248771e-01 -4.696086885676749034e-01 6.542501385949028858e-01 1.011017327465132176e+00 -1.718131728629537669e+00 4.670012411650947826e-01 1.407997219001138944e+00 -6.354141068655838609e-02 -3.043705111863550528e-01 1.109887796867607079e+00 3.413139689157819845e+00 -3.122933701536499296e+00
1.223800923664272178e-01 -1.817078218962242531e-01 1.759751578628961644e-01 1.586750636263036807e-01 -1.404483619898025948e-01 5.914032192915925634e-01 8.538864164711024163e-02 1.355993007357394475e-01 -5.277193979145291536e-01 1.119048225423959764e+00 8.823312384477652870e-01 -1.218578749508991699e+00 4.444873600423431270e-01 1.869634238422726469e+00 2.107181349805129500e-01 -3.459693693410965665e-01 1.913092198894810636e+00 3.891106865253217251e+00 -3.662339699837448226e+00
1.167294776484321672e-01 -1.663813586757527663e-01 1.745731673937227779e-01 1.777187785768078454e-01 -1.501197137252259228e-01 5.761412690810692183e-01 8.579180399815616864e-02 8.663814179594613307e-01 -7.841950757094027225e-01 1.671537706933175826e+00 7.225523297768097208e-01 -9.349554352049622707e-01 9.736345970429756136e-01 1.641054237817777484e+00 5.081991493304061080e-01 -2.585356726907424019e-01 2.672885860605590302e+00 2.540039425709952781e+00 -4.185650626312116707e+00
1.255712178544640678e-01 -2.011577277882368731e-01 1.823246071103936661e-01 1.585807317610761213e-01 -9.252085655220643190e-02 5.804115080142855376e-01 9.011358045469022859e-02 1.065936348158178504e-01 1.219762496793785900e-01 3.657334062854395995e-01 1.912454360331441450e+00 -1.892440842360281206e+00 6.868710212416964112e-01 2.130368833647578342e+00 -1.856234382533594740e-01 1.115557764322305800e-01 2.186758136925943674e+00 2.495984379521562602e+00 -3.871099612510473076e+00
1.280796244681915996e-01 -1.942286213190545507e-01 1.793162340927302034e-01 1.560563533695197291e-01 -1.448350610817575879e-01 5.233237997926618590e-01 8.293052385518370762e-02 2.065013881308352950e-02 -2.553007781177036861e-01 3.537656601508647469e-01 1.000715469389573897e+00 -1.266902695019673786e+00 -2.610905666414877757e-01 2.369441824736023605e+00 -5.302073631741954785e-01 2.968606686499342118e-02 2.095242307308033958e+00 1.703924323989270739e+00 -3.143510406705531057e+00
1.133876389642081151e-01 -1.862012431136340074e-01 1.771122567792287050e-01 1.549232602682808491e-01 -1.321102839056101930e-01 5.497530188057537792e-01 8.489087943592807384e-02 -8.379326545862628706e-01 -8.317839006842042693e-02 -7.252478403075102165e-02 9.866208330776196078e-01 -1.655749679377547690e+00 -4.054591311419635247e-01 2.265183048495281959e+00 -9.886731797480177164e-01 -2.240015015213234761e-01 1.366019493603554125e+00 2.309092868360965056e+00 -2.643106734801034197e+00
1.215892805716617675e-01 -1.986244203465137304e-01 1.769438128783643038e-01 1.721439231990807839e-01 -7.440795180735504388e-02 5.676697189070387672e-01 9.095036793802126207e-02 -1.030506045097937751e+00 -5.874920729705213063e-01 1.420659872491185638e-01 5.252918932697454579e-01 -1.631513899937320211e+00 -9.680106861229544890e-01 2.174141998618153160e+00 -9.521263092236100789e-01 -1.018635443952367048e+00 1.590965149457987060e+00 1.865611192007001762e+00 -2.014363716282474126e+00
1.132276761765213524e-01 -1.694701180242905725e-01 1.775245217303186573e-01 1.747914193028906604e-01 -1.517000916407608146e-01 6.167558908734056544e-01 8.005542321061173694e-02 -5.282394727240147247e-01 -7.681800880979947621e-01 4.551658994174676565e-01 4.428914136616999286e-01 -1.725790076318606481e+00 1.410826122036343833e-01 1.142830304416959208e+00 -8.249706297407932709e-02 -8.889828162497570574e-01 2.288635402902905014e+00 1.187519587372301899e+00 -2.484034756556487977e+00
1.190177833306151345e-01 -1.786598631724092279e-01 1.783731977456959883e-01 1.749706327519778837e-01 -1.097001958242926900e-01 4.903954167743398429e-01 8.610491607470985298e-02 6.352619368235483677e-01 -8.756135626025676189e-01 7.910946645733298865e-01 8.689896250587123561e-01 -1.458765009326493889e+00 4.068409968677055844e-01 1.554372008618683410e+00 2.151393892139354946e-01 -7.419295830690320059e-01 2.262583039014703701e+00 1.630979409141493086e+00 -3.180599229115583348e+00
1.278832467288199271e-01 -1.982547028226210317e-01 1.780660031316164404e-01 1.573985086304053871e-01 -2.179253403030119163e-01 4.906900057018535044e-01 8.735768609255165074e-02 5.256021817522409378e-01 4.467890547030517467e-01 1.105431436005392065e+00 1.624046398703695715e+00 -8.706148461807563521e-01 9.484088990970001021e-01 2.479032162960763230e+00 2.790427841761893291e-01 4.015804164285086131e-01 2.669015846663276292e+00 3.041201087050737328e+00 -4.895171249534180369e+00
1.266683887044691426e-01 -1.883687107573709940e-01 1.793770067959119807e-01 1.490176531149431938e-01 -9.929759555429906737e-02 5.318866265919259817e-01 8.581134964782843877e-02 5.782927299758275907e-01 1.191257614414702459e-01 1.064089100378112107e+00 1.304898128774523158e+00 -8.892045833946147226e-01 6.944304392908584589e-01 2.311806427935199082e+00 6.263164631387514447e-01 -6.243037804981925731e-01 3.155114989610565246e+00 2.902950529631204368e+00 -4.437158668681410845e+00
1.261751880548824811e-01 -2.024249624535516823e-01 1.787871850689010667e-01 1.530319009987353152e-01 -1.090389843728105657e-01 5.460802902025121419e-01 8.816123318979390833e-02 2.748466124747377393e-01 -4.622838673908589158e-01 6.423292580337811586e-01 9.696403456001254639e-01 -1.040173786870253192e+00 -3.393078594330036779e-01 2.600907102873584620e+00 -7.722943805344879564e-01 -1.130307566133144093e-01 1.843444114808916012e+00 3.078474350322039754e+00 -3.311201836828947087e+00
1.176756846302393356e-01 -1.839609540970144619e-01 1.778953648263964793e-01 1.688724189954903254e-01 -1.030583669064732977e-01 6.141231207324922003e-01 8.766065374219614292e-02 -3.214649427900830858e-01 -9.812643962385401153e-01 6.806307247627128021e-01 5.249562158042486715e-01 -1.704687149038246918e+00 2.002132061765529158e-01 1.574575424583707139e+00 -4.705312909028904755e-01 -7.433408084997585874e-01 1.537147635740764073e+00 2.574113050738232822e+00 -2.556033319878202370e+00
1.179724831679480057e-01 -1.839710106362561493e-01 1.764522817144620059e-01 1.630388603496111255e-01 -8.977288816551642903e-02 5.137924505128257380e-01 8.510495998298060749e-02 -6.124733101966564064e-01 -3.601079633350803277e-01 -4.395775642500350244e-01 1.317118136577749787e+00 -2.309698540481331719e+00 8.858293069923028895e-03 1.582367651826166011e+00 -4.345487238590521883e-01 -1.151026604180287016e+00 1.828675375219052768e+00 1.679251077644565271e+00 -2.246457534538238487e+00
1.157607187254459657e-01 -1.792775223994438338e-01 1.800549108244000052e-01 1.628377303651701302e-01 -1.514899790875815500e-01 4.620706199759951893e-01 8.338962610002531584e-02 6.193496969792011697e-01 -1.349640643504040227e+00 1.034679027348607505e+00 6.283797793166803203e-01 -1.540537427445522134e+00 9.723351679213809717e-02 1.607046100925893839e+00 3.140744776127135651e-03 -9.325252332517681708e-01 2.630402721305484803e+00 1.658102794641546751e+00 -2.881244969871947337e+00
1.222731017133451004e-01 -1.931801738929597723e-01 1.788236806624636521e-01 1.541278122329596822e-01 -1.149510757294198715e-01 5.679285794046471381e-01 8.556040223874873674e-02 -1.314818538153952332e-01 -3.636204628086137092e-02 8.129907074261746303e-01 1.293695440131010344e+00 -1.241322160077915626e+00 3.992138575891166496e-01 2.265898717839032628e+00 -2.832606425621388979e-01 3.273083656640132233e-01 1.281837142903227367e+00 4.003870695369457167e+00 -3.887267922986138657e+00
1.143159604385368122e-01 -1.680327694841756703e-01 1.723903450377456126e-01 1.639054057264742736e-01 -1.200424287245398514e-01 5.951444974181749892e-01 8.532607367471728432e-02 -1.691981822461485763e-02 -5.273945178580365933e-01 9.621778725675262933e-01 4.994434090029784556e-01 -9.989965594410801231e-01 7.086125107834462256e-02 1.981161178930821443e+00 -3.217251083622407748e-01 -2.853519392650794018e-01 2.352673219499557433e+00 2.729917894906015441e+00 -3.369716434249945269e+00
1.251165649341338948e-01 -1.912596533379106178e-01 1.746153905126076045e-01 1.625538770288662560e-01 -7.650935269633052371e-02 5.451008028470019084e-01 8.417953274516626339e-02 1.706460273601688726e-01 -6.129604522287497304e-01 5.086224581198326433e-01 8.290965537556669318e-01 -1.410596481808605862e+00 -1.598410552965630060e-01 2.116432181698986170e+00 -6.676338935034067390e-01 -1.706193829138458185e-01 2.166133984354797981e+00 2.096441797722475187e+00 -2.976420602477692690e+00
1.260544213111911283e-01 -2.012298499238192595e-01 1.808714604099992407e-01 1.542624912178665042e-01 -2.093823458871139076e-01 5.012484533132335329e-01 8.938261968660508872e-02 -2.686733838325849888e-03 -1.583196145228276119e+00 9.875459814886173859e-01 5.934348074913486926e-02 -1.419838887463755750e+00 -4.247881396714534574e-01 1.712754067587619389e+00 -8.884098904812383068e-01 -5.573130749973573828e-01 1.722311993975564448e+00 1.330869917649026846e+00 -2.168982082742780371e+00
1.188262781174816152e-01 -1.839542387234156529e-01 1.751348395700162430e-01 1.597849077564281739e-01 -1.451689226093010321e-01 4.741077881317710130e-01 8.479828921544105280e-02 -1.765290130342300756e-01 -6.975031519396939217e-01 7.775626469581675693e-01 3.283044113273696496e-01 -1.137325038571042946e+00 -2.746238923993420400e-01 1.808261654998974954e+00 -6.325684603603427547e-01 1.078318052680229400e-01 1.444562438356880918e+00 2.268430238371959007e+00 -2.793109606200066430e+00
1.252916370695100201e-01 -1.855076236652106747e-01 1.782055625792706988e-01 1.670156782899383519e-01 -1.591858555738434600e-01 5.283986968104068538e-01 8.546231595757099175e-02 -5.332498526699662733e-01 -5.455848002970213884e-01 3.405199359589881070e-01 6.715359281350705700e-01 -1.762867465448866966e+00 5.531801179913387045e-02 1.718851805929872079e+00 -7.711154389166576806e-01 -6.242708145435820200e-01 1.951113154037809494e+00 1.857000956183650686e+00 -2.498681027501287399e+00
1.220611872646457097e-01 -1.918381523613317818e-01 1.777151070159243562e-01 1.762859404437732147e-01 -1.514906242507570999e-01 5.893562298848471492e-01 8.605289693242035298e-02 3.203942115945324076e-01 -2.583406092952680311e-01 1.208107886522111762e+00 1.098392277692412655e+00 -1.164555748171180127e+00 5.221304390994552236e-01 2.274765742744062180e+00 -7.009092124713767191e-02 3.485700397942794737e-01 2.098766535194269700e+00 2.207733848176896885e+00 -4.113138843725173466e+00
1.186450675823686740e-01 -1.864068185419232027e-01 1.770526404738498871e-01 1.577352304267239935e-01 -2.017305151760573345e-01 4.360217826098518046e-01 8.476320168479647976e-02 1.571155034222719848e-01 -8.941362274024022838e-02 4.715751106957641881e-01 1.275631654613251342e+00 -1.213712046017405566e+00 1.874310012424684757e-01 2.291400214966029303e+00 -4.155055618470839818e-01 2.356533304357046887e-01 2.451627154801276909e+00 1.538284325496789506e+00 -3.584355440716482377e+00
1.085253370297759590e-01 -1.625761602015933782e-01 1.698248107477929314e-01 1.757570228152721681e-01 -9.796026352671138859e-02 5.358280740230241257e-01 8.345990772419405179e-02 -4.800499901965880056e-01 -8.321908989683972635e-01 3.526587912277800996e-02 7.315172144046027114e-01 -2.082152484088504174e+00 1.184740639133892159e-01 1.132863715260930881e+00 -3.626651429004272842e-01 -8.630026326293656069e-01 1.387438437803131919e+00 2.589632932341582539e+00 -2.153736142717294744e+00
1.220524038912010889e-01 -1.858126216519945806e-01 1.771847812798359734e-01 1.608752453829866980e-01 -1.239625296339896821e-01 5.762153758885628640e-01 8.392366389058995846e-02 1.203279135724399929e+00 -4.152380178647954168e-01 1.071194890541230293e+00 1.519510418121811313e+00 -1.063236777649909648e+00 5.585300130927217666e-01 2.409353313631063642e+00 -2.028071732349143730e-01 9.878097126012317375e-01 1.565576568924832657e+00 3.531202843957427007e+00 -4.333220813550611616e+00
1.247934946847989723e-01 -1.960411158092676409e-01 1.833247548987048392e-01 1.507828229129194453e-01 -1.683083476996592998e-01 5.045608209772471930e-01 8.100221344944752433e-02 -6.998573554454443624e-01 -8.935326206387985692e-01 2.745201813007600578e-01 5.188655351252755565e-01 -2.271833670661520532e+00 6.123763894555365184e-01 4.962239075120189469e-01 9.626969588866973737e-02 -1.180323604453214603e+00 2.099771796039896721e+00 1.589676773264605103e+00 -2.041414923764495182e+00
1.214246148989412410e-01 -1.910649871758622331e-01 1.762782111215209779e-01 1.648114872263234387e-01 -1.130606740686055378e-01 5.308552033554372329e-01 8.417735257358777146e-02 -1.107252428041519021e+00 -1.904666470054729999e-01 3.937533146292491182e-01 2.605533206599641716e-01 -1.027952666399668757e+00 -4.755758904636850914e-01 1.628989453262672527e+00 -2.879358387693633503e-01 -6.466046610045825815e-01 1.866094462013795585e+00 2.381209958855481368e+00 -2.526113393331383516e+00
1.187981321158714798e-01 -1.821788201596649115e-01 1.793510202420906807e-01 1.688922884118863044e-01 -1.178658159640058045e-01 5.863315858607514031e-01 9.449831144599643573e-02 -2.976284527885368902e-01 -3.365447190107859754e-01 1.198336273945521668e+00 7.052231013458820641e-01 -1.111557467560956525e+00 2.931615682958259583e-01 2.006765199298156332e+00 -3.278568683618630075e-01 1.320123720944135215e-01 1.779518815982480184e+00 2.433703508843619190e+00 -3.651267923129672077e+00
1.211357869089464967e-01 -1.892486778458129515e-01 1.798728247795061963e-01 1.689716328151706914e-01 -5.544987928727640458e-02 5.303499027172047242e-01 8.747444038864302107e-02 9.806590939783692562e-01 -1.976122886512037269e-01 1.085536059496122974e+00 1.688258603514311673e+00 -1.213346263583612750e+00 5.911319077057104465e-01 2.509932649065151011e+00 3.278955947998296594e-01 2.583164214299582540e-01 1.999368093380974543e+00 3.254084682913726212e+00 -4.516191490851248602e+00
1.202034836536547691e-01 -1.812976211607274513e-01 1.795972810459888491e-01 1.496620698950874573e-01 -1.288486156727269849e-01 5.312451046334070170e-01 8.478944693213401329e-02 9.361354366977137076e-01 -2.938580028051296367e-01 9.579793937411977822e-01 1.503951012492583672e+00 -1.325763093447440255e+00 9.389032107050221398e-01 2.136618287586735221e+00 -1.477075273076096096e-01 5.961235876983916881e-01 2.496111207594648107e+00 2.682481364130584467e+00 -4.179508179562833270e+00
1.288461607823075672e-01 -1.941061564624571023e-01 1.810761768349371248e-01 1.535444482417664958e-01 -1.964199651199978192e-01 5.657810797642905953e-01 8.813139267994035686e-02 2.334831585803840426e-01 -2.174454494613566879e-01 5.009272279972529773e-01 1.458515429758952209e+00 -1.688749394222893940e+00 6.055995308306467706e-01 2.133435219479067335e+00 -5.140298992433010028e-01 2.842961994034922668e-01 1.748123899421024419e+00 2.918445298621875850e+00 -3.568840460195848330e+00
1.275146796680695915e-01 -2.089025268842905070e-01 1.805092615652046095e-01 1.571085471174614723e-01 -1.254709107878665408e-01 4.813434277316193111e-01 8.872365181719041316e-02 -8.561449933848930272e-02 -1.321766566942978560e+00 9.711874829458269076e-01 2.422325176433259841e-01 -1.738405587306330435e+00 -3.963231665622402033e-02 1.395690964903549158e+00 2.988059843079593492e-02 -1.597685761869576559e+00 2.219504942646506329e+00 2.240513625030332356e+00 -2.293841045043433446e+00
1.268699130933749475e-01 -1.954608570324697370e-01 1.812147265195322710e-01 1.572861349926704122e-01 -9.387088127729936726e-02 5.835143677910719084e-01 8.454268911351066340e-02 -1.849621677307347056e-01 -1.172778980024538953e+00 3.882190538877248187e-01 7.993416211198152155e-01 -2.310289981826549432e+00 1.948920489558556568e-01 1.560760856834859212e+00 -6.341522132365255970e-01 -5.665477463253960622e-01 1.403558120551382515e+00 2.519064073923221514e+00 -2.220342774360354099e+00
1.188382891469560443e-01 -1.724388259430908454e-01 1.804828654984741154e-01 1.546958057986430601e-01 -1.500419537290711425e-01 5.022951754948694614e-01 8.562617071632140642e-02 8.428960708333335106e-01 -1.892817561923405556e+00 1.424905930746172444e+00 2.228782252280359089e-01 -1.505160725347991946e+00 1.203471759547367625e-01 1.680928562575728868e+00 -4.791058110523120916e-01 -2.826178316990386463e-01 2.254179748418343010e+00 1.613447339975756734e+00 -2.761385908027597758e+00
1.225661748778866522e-01 -1.987553230296673079e-01 1.787388111316824957e-01 1.744467338571525916e-01 -1.003610665983210026e-01 5.206792144727843130e-01 8.802453818172556455e-02 -4.178406435205683778e-02 -2.239638042680578423e-01 7.624986650557428192e-01 1.179772667963311150e+00 -1.603441601082740142e+00 6.900192892050247551e-01 1.644866770064339789e+00 3.368899104844995662e-01 -5.748062606504884542e-01 2.470841173428558690e+00 1.686093343079272167e+00 -3.601249471823105175e+00
1.178774672043815808e-01 -1.738602607087172958e-01 1.778136833402798878e-01 1.711036369252068035e-01 -1.792756204238972195e-01 5.014920413490036033e-01 8.973995030909104331e-02 5.182513120372593818e-01 -1.018122461025843251e+00 1.248831637746321555e+00 1.068125570820038561e+00 -1.574198665296904220e+00 2.101146266778179950e-01 2.551860379095681530e+00 -5.409965876378937111e-01 -2.505610013920733792e-01 2.218596494844808475e+00 1.967211338234551299e+00 -3.555398269677882528e+00
1.219879712120455206e-01 -1.708557390182539049e-01 1.793580299363759512e-01 1.617871601727696174e-01 -1.751637959664745781e-01 5.225363140356829028e-01 9.042874696133151868e-02 3.894705498927164555e-01 -8.509187686325079270e-01 6.729922056519335172e-01 1.369949315755753183e+00 -2.116766458343435353e+00 7.428383212698648208e-01 1.612688848839662903e+00 -3.708330605990521889e-01 9.592965459372582160e-02 1.677779178348030698e+00 1.710367228940078199e+00 -3.190924019015993096e+00
1.214494700513164271e-01 -1.740395890363962694e-01 1.779151404333148834e-01 1.687400101253075935e-01 -1.998594026488181852e-01 5.726052917886899074e-01 8.754536058472384141e-02 -4.452371936915975326e-01 1.031049825087411165e-01 6.907593761424895007e-01 1.054284894937481454e+00 -1.101473499943558032e+00 3.178040207655561389e-01 2.012681119289522869e+00 2.453757971088466050e-01 -5.059127384672423844e-01 2.838750545845975637e+00 1.956044211282961243e+00 -3.714734774925387395e+00
1.167946140353917361e-01 -1.721626283494073761e-01 1.763186166585702652e-01 1.727895679506555870e-01 -1.783075528829850542e-01 5.075368042466577023e-01 8.573160855493201782e-02 3.774608891659188004e-01 -1.447523405927118478e+00 9.180519654551941855e-01 3.700222741044072450e-01 -1.325633006332855413e+00 -1.330753996226246016e-01 1.766184577444041004e+00 -3.949261682254734396e-01 -8.409777729479808173e-01 2.455059071607420762e+00 1.672097225880322391e+00 -2.672525704730284613e+00
1.118072246707087491e-01 -1.643815917649190661e-01 1.735710993168696759e-01 1.756376338303251572e-01 -8.191329964749172188e-02 5.710272862585639153e-01 8.772882361502955251e-02 -1.696517583187082678e-01 -4.447205944695227231e-01 4.492272104144650058e-01 1.192413862182188922e+00 -1.946198188196363699e+00 6.640438173931233479e-01 1.614551564893798918e+00 -1.479260962560875470e-01 -4.154536148937850726e-01 2.129609093799571085e+00 1.775180976918635523e+00 -3.196702267785674678e+00
1.203162277101117172e-01 -1.918595361425757817e-01 1.783970826127295184e-01 1.520303067095648553e-01 -1.276987667025133444e-01 5.864165079675864867e-01 8.130566307933018155e-02 4.445133687940350242e-01 -9.842098222690669473e-01 6.519975967666802319e-01 9.597689180319370905e-01 -1.795987630975905969e+00 5.815236392933424980e-01 1.197218613745095084e+00 2.046024304584515008e-01 -7.683172689838722036e-01 1.983757663255341974e+00 2.008344398989782675e+00 -2.996313286194041581e+00
1.214584429164604074e-01 -1.923887770322609270e-01 1.790645823969846395e-01 1.552437302640695682e-01 -1.505057161377594266e-01 4.694715638653170764e-01 8.559307363151943959e-02 3.887808522970583880e-01 -8.990940843087100731e-01 9.268527671579178673e-01 4.766854904164290474e-01 -1.308219412198610154e+00 1.769988136608482421e-01 1.639717067308540166e+00 -1.728538784534325856e-01 -6.453207562039438017e-01 1.842102198903608823e+00 3.026189225190563548e+00 -2.967583150253058299e+00
1.251769955771787901e-01 -1.850351977040524676e-01 1.814059539309538782e-01 1.508496687989618890e-01 -9.041085474926635612e-02 5.143112053960687824e-01 7.970920767750197533e-02 -3.195830447691072607e-01 -5.490655078626671681e-01 -3.135673337267705918e-01 1.248264237968586876e+00 -2.427208730511727808e+00 2.767846768058523921e-01 1.304619989034407901e+00 -5.274930115043430234e-01 -7.319750666719855303e-01 2.552852159645420116e+00 9.210135758798081440e-01 -2.274661424436743129e+00
1.163553223293841976e-01 -1.692182211724763685e-01 1.730716705655741816e-01 1.624952228173569546e-01 -1.002834037554560798e-01 4.596603516959727465e-01 8.675602763161817388e-02 -2.435321318121648204e-01 -4.442437498837792376e-01 6.800654528356826489e-01 7.545545790404428743e-01 -1.568737876270271947e+00 1.053282947737006481e-01 2.085192853682963587e+00 -6.126722466850544890e-01 -3.421643365055402342e-01 1.943337047176988186e+00 2.524542346902986623e+00 -3.066958213394448407e+00
1.222188079772637825e-01 -1.818955256656347164e-01 1.819721511327640484e-01 1.629258857136024474e-01 -1.076131062558300933e-01 5.729284289165965660e-01 8.173886562438476000e-02 6.625249270098425569e-01 -8.952895340686364278e-01 1.082617164684185340e+00 7.552237231315714894e-01 -1.002187378835683873e+00 -2.628281315674847463e-01 2.584251627431065401e+00 -4.576850791502771187e-01 -3.420253780790458720e-01 3.284780565457145585e+00 7.996118530152411807e-01 -3.454978061129061029e+00
1.181357155791969149e-01 -1.752291787109314658e-01 1.789393521188845926e-01 1.499275061443730017e-01 -1.829438586014306978e-01 4.880744592763464063e-01 8.946273808469433486e-02 3.759860687838756377e-02 -8.660984759540015787e-01 6.623023362520008561e-01 1.205346096342064577e+00 -2.026538630354859816e+00 1.781010319385529783e-01 2.130511986352702891e+00 -5.547584977643635895e-01 -4.954278535917664428e-01 2.333811905540786213e+00 2.265475505849099847e+00 -2.982223152579843273e+00
1.152885722237846078e-01 -1.845080030380893965e-01 1.785777423846774958e-01 1.529729511311030965e-01 -8.788070021085958583e-02 5.196224929716617424e-01 9.112194606770562810e-02 -1.967122299820189824e-01 -8.925821643382372272e-01 6.462171638542688612e-01 1.097835871517606421e+00 -2.015124717634235729e+00 -6.507979369010641335e-02 2.138109044498158973e+00 -8.174571103149261830e-01 -5.633153875062282268e-01 1.841737585645804920e+00 2.214734181904876031e+00 -2.807761974657396742e+00
1.155750288963794947e-01 -1.767873396002243025e-01 1.765608729038132541e-01 1.785841485814509966e-01 -9.573785087608177591e-02 5.842632184123526251e-01 9.033645090233632935e-02 -8.874278284134007322e-01 -6.312134149014889672e-01 1.930137330656389594e-02 7.840471414136001016e-01 -2.063572893056956126e+00 -3.664050223425050490e-01 1.661095631408615603e+00 -7.233800416875437733e-01 -5.409013814187266789e-01 5.404318204643949741e-01 3.104021344694148254e+00 -2.062158877823548231e+00
1.168453439943939742e-01 -1.941845193566447692e-01 1.766241014658502528e-01 1.708900880850844350e-01 -6.749084340967870244e-02 5.595401638651971155e-01 9.119503665919009849e-02 -5.065446936938844402e-01 -1.071611201375530786e+00 8.218998505717678427e-01 3.756015524271774098e-01 -1.603376135635619537e+00 -3.702080270711869403e-01 2.036554756956228118e+00 -1.076005494597176870e+00 -2.288473615916766235e-01 8.599359351704096710e-01 3.067861030936150257e+00 -2.385292564140628180e+00
1.214091629580336951e-01 -1.666250212966430833e-01 1.772881220882693010e-01 1.787529251781485584e-01 -1.236873221662199152e-01 5.408960565214937510e-01 8.871921058442842900e-02 3.454832006091681507e-01 -3.104335508527977794e-01 1.480226115880838300e+00 8.290738215459168003e-01 -5.552831991535169820e-01 1.843890032213071350e-01 2.594550760374676912e+00 -2.035485925137763275e-01 7.396519671467292056e-01 1.932625287101950029e+00 2.547041383771604828e+00 -4.282183962289679791e+00
1.242037765699496310e-01 -2.016077209998516362e-01 1.802998317451010302e-01 1.611613731780542347e-01 -1.118626656542565101e-01 5.814712574641043297e-01 8.576695393627538355e-02 1.287183392765678391e-01 -1.222281172641730418e+00 1.078686110165360645e+00 6.978976688458899957e-01 -1.846458233674632687e+00 5.402289319436270887e-01 1.247926177068227283e+00 1.198224432970924624e-01 -7.510782126183457308e-01 1.534684596594706463e+00 2.516147821625730252e+00 -2.877323766626803003e+00
1.160509436401964967e-01 -1.661043017566375957e-01 1.764799402752334490e-01 1.690840900386516577e-01 -1.387164514792952330e-01 5.148909681856337350e-01 9.276749951098803293e-02 -1.195187191483788158e+00 -1.288752032063005259e-01 2.302673419250611531e-01 7.309083519125847417e-01 -1.506482161728162072e+00 -4.050190245643268128e-01 2.028340797620598046e+00 -3.989135698675410069e-01 -8.369532487244226715e-01 1.861407114351862013e+00 1.816940266528582981e+00 -2.546134161434958632e+00
1.232666917712615107e-01 -1.902726454321927441e-01 1.799430431762285010e-01 1.540947947510619143e-01 -2.132416196602309189e-01 5.068734092960052173e-01 8.803026481612379051e-02 -1.169933042925205058e+00 1.037644894302358622e-01 1.885081734649620699e-01 9.859834648594389961e-01 -1.710443019247840368e+00 2.436596685325573830e-01 1.598706408736080498e+00 -1.439471669309009272e-01 -9.281737242364407336e-01 2.338980403205933811e+00 2.229906897188409509e+00 -2.815502782160833384e+00
1.190390392594760649e-01 -1.594120075388161806e-01 1.765987117882759916e-01 1.668522597585643252e-01 -3.934698433539995932e-02 5.474245620870359375e-01 8.993518671302339063e-02 -8.603466683338210075e-01 -7.516555381996665730e-01 3.790876650949712712e-01 6.317699902090296860e-01 -2.147522551131244573e+00 4.814074269065748979e-02 1.569737606141675457e+00 -8.471028040884993615e-01 -2.435204973760587421e-01 8.598145370836416390e-01 1.928748378498081451e+00 -2.181238466261547160e+00
1.129107217679331532e-01 -1.655312147948239110e-01 1.726581517382107522e-01 1.693235959725717388e-01 -5.530203770062491753e-02 5.553329700100180233e-01 8.928437535111052870e-02 -7.053318403706132500e-02 -1.377880792630232776e-01 8.542254114159426592e-01 1.308018731077219776e+00 -1.533121107245785542e+00 3.678414995162544443e-01 2.154857858110450053e+00 2.954608382492383001e-01 -9.087219320833863634e-01 3.021162833100781597e+00 2.179028321001277746e+00 -3.837282541062210672e+00
1.153729104830234220e-01 -1.725108682067476029e-01 1.765633811794841690e-01 1.656181437854297167e-01 -1.343107748633454168e-02 5.544638303972964088e-01 8.774000842583275228e-02 -2.551885644432712041e-01 -7.045229033485886916e-01 1.153041697177741298e+00 5.439730228877337481e-01 -1.410928217657296813e+00 2.265358310840497325e-01 1.697612875558023759e+00 -7.283596982621176608e-02 -3.441420503588092927e-01 2.144031097692641552e+00 2.466623700169026989e+00 -3.213725785666643020e+00
1.167318195540521242e-01 -1.790494841120678360e-01 1.764075330569973843e-01 1.592711713618978342e-01 -1.784721218834051104e-01 5.886824757189526025e-01 8.393800571605489202e-02 2.311230314662360286e-02 -1.071042592605842003e+00 5.461175786366929685e-01 8.639198430009544794e-01 -2.242566543570630344e+00 8.239874003285994064e-01 8.709237710776243091e-01 -2.624856298964814982e-01 -2.411823859876491838e-01 1.930517815004858306e+00 1.431200141010320337e+00 -2.585506550326766906e+00
1.149744225308508561e-01 -1.704924698946654882e-01 1.782030535874941368e-01 1.615947751971243962e-01 -7.915179037739306089e-02 5.572248328938749218e-01 8.153935513859678075e-02 4.242315030763741390e-01 -9.904443963031281939e-01 9.601700931746082190e-01 8.203509998406310899e-01 -1.420229690448551629e+00 5.454133092190982524e-02 2.147741527761586333e+00 -4.082342986351106262e-01 -1.347002568772035502e-01 2.384644675853961893e+00 2.458891586562526932e+00 -3.216168997344259317e+00
1.256859966555068375e-01 -1.870423689505957277e-01 1.818092465954143921e-01 1.583006923863802262e-01 -5.820707042753581195e-02 6.035516560199032376e-01 8.641907592798724058e-02 -6.612424301588433195e-01 -1.138477903088506604e+00 1.019012090862187137e+00 1.090963641124353956e-01 -1.629437497529535150e+00 -1.592144224789464602e-01 1.552267455431147525e+00 -5.303506609580086462e-01 -6.537746110679218958e-01 1.664479264929898505e+00 2.170313271461584925e+00 -2.307727701077043392e+00
1.270491177633530644e-01 -1.997366895768275530e-01 1.831844883638781007e-01 1.383860680369296547e-01 -1.263278606000315385e-01 4.415409734933186670e-01 9.067633828633597792e-02 -3.209349026549812578e-01 -9.769606577084219978e-01 3.346112156131173521e-01 8.391636524060821500e-01 -2.030965693877864631e+00 -6.388988301717102303e-02 1.399731235960556930e+00 -2.261897877598322282e-01 -9.501833043941720902e-01 1.428343302786865721e+00 2.014605143175964841e+00 -2.199921874288129686e+00
1.202703298040447011e-01 -1.817968408806457381e-01 1.749554537642626362e-01 1.663098097849903256e-01 -1.124596187538489112e-01 5.077587003462138426e-01 8.796959306537600887e-02 -3.131146828520749992e-01 -9.073006802906453672e-01 2.473811646128449837e-01 6.270297436784950662e-01 -1.818014338883757297e+00 -1.955494768649188586e-01 1.562315150609773440e+00 -6.290065922805716525e-01 -9.187437972288945431e-01 1.130890725374108285e+00 3.027220599149426761e+00 -2.207043050704327491e+00
1.223801599867236356e-01 -1.728681256873900729e-01 1.770288390104305110e-01 1.724429431359933984e-01 -1.326259929626739664e-01 6.204600049320481148e-01 8.551458020757643497e-02 -4.960932799960398043e-01 -1.202288592422247060e+00 7.397494348678730347e-01 2.931203120622862812e-01 -1.854435826544429400e+00 -4.146254426189788234e-02 1.548368676683891110e+00 -8.354669731652624165e-01 -5.082463718756002891e-02 1.453435415300420530e+00 9.690469152086098603e-01 -2.262526591170093138e+00
1.132421647834224998e-01 -1.601812438261497329e-01 1.723478718446956048e-01 1.820729208509435093e-01 -1.162821437216547960e-01 6.048568582430378093e-01 8.831455638510894712e-02 -7.019373539731184053e-01 -8.825912242589790679e-01 5.954141513560209376e-01 2.766277307884905667e-01 -1.724032149184547613e+00 -2.619618538064614199e-01 1.769829025995410809e+00 -9.314210394959827610e-01 -2.132034462012306619e-01 1.783345631967408806e+00 1.515698920589483301e+00 -2.304896314886537567e+00
1.204815773600460826e-01 -1.806515533525404615e-01 1.788700327517195598e-01 1.603467786269154871e-01 -3.173795517864830273e-02 5.817234474816017631e-01 8.682072362205667249e-02 4.328857573205802112e-01 -1.542633954122321072e-01 1.142296580815369111e+00 1.324704172552099379e+00 -1.097773362415355614e+00 5.828294805876730322e-01 2.520706832311269352e+00 -1.167208424271741762e-01 -2.358803829985598455e-01 3.260906412178654179e+00 1.740578783690269304e+00 -4.264226030531676592e+00
1.245763312284490221e-01 -1.803707765225783799e-01 1.812010704488019042e-01 1.529552675708495402e-01 -1.580672479907151429e-01 4.998858648823114592e-01 8.798111932578325800e-02 2.059262117320788121e-01 4.291464582511430592e-01 6.123640624208199768e-01 1.756909954769062310e+00 -1.385823795523671187e+00 8.993656801740463891e-01 2.187606109458096526e+00 3.696421503187607982e-01 1.941306774141242641e-01 2.106272174232428185e+00 3.302032530596264337e+00 -4.335926291873767546e+00
1.182955883712769607e-01 -1.797855921889939812e-01 1.804179967985342081e-01 1.524101656234587709e-01 -2.056681057562180781e-01 5.401643094421122449e-01 8.709062631908712215e-02 -1.392382883409375438e-01 1.379093010060827851e-01 1.724352977080148008e-01 1.628032206706356178e+00 -1.576243227258587343e+00 3.860252944652797780e-01 2.248069438861007185e+00 -4.255612148451062282e-01 -1.346828592279916137e-01 2.613080853825850980e+00 1.893956112111812473e+00 -3.602892573279705690e+00
1.218447923775984043e-01 -1.873987744483950890e-01 1.772231412785687521e-01 1.609715983011826834e-01 -5.178088868805108547e-03 5.431757875305565086e-01 8.573771475139063680e-02 1.322052644813622280e+00 -8.755734393921352776e-01 1.276871790147797725e+00 1.498256935855937222e+00 -1.627933949801220415e+00 1.127186075282136102e+00 1.843814169270478587e+00 3.911205896932559156e-01 -2.961814349387044132e-01 2.553607312409607921e+00 3.236934104182005001e+00 -4.173113456535666010e+00
1.166027435980917515e-01 -1.784912809703492753e-01 1.787983079221157623e-01 1.549416229477067475e-01 -1.829116131525053701e-01 5.030938702100460347e-01 8.790298977072932840e-02 -6.019653460846603465e-01 -4.327519982127432385e-01 1.342356151671229014e-01 1.225172376100617910e+00 -2.373706299923690199e+00 4.194331720745303471e-01 1.718141686405236790e+00 -8.828175960887598706e-01 -8.896079635710485434e-02 9.887869574660737015e-01 2.886142939876283009e+00 -2.615087945372587708e+00
1.152480186618425051e-01 -1.629647344006231457e-01 1.746689775431304048e-01 1.635460919145305114e-01 -1.266568107268329912e-01 4.251007587241084629e-01 8.903785009963532948e-02 2.260091215479071991e-01 1.814116563992644870e-01 7.926907083548577759e-01 1.430425648954894768e+00 -1.222260025319769738e+00 6.441909670461125614e-01 2.180528552208135018e+00 1.798672314025342445e-01 2.073182115070792975e-02 2.653673577206491885e+00 2.281563884475488635e+00 -4.219510041622245744e+00
1.088400523574185597e-01 -1.678952996198510572e-01 1.733170917387606702e-01 1.760475270365176037e-01 -7.556734395730035914e-02 5.295457122542437389e-01 8.390994182902732079e-02 -7.655458931022973701e-02 -8.858417644005909253e-01 9.875945936932106761e-01 4.218810382524136315e-01 -1.051094844090750158e+00 -3.517045318269609311e-01 2.226086669870205981e+00 -5.637656235977095420e-01 -1.373901628462990132e-01 1.906867860834802642e+00 2.263833130473427602e+00 -3.063413738058437197e+00
1.161293081391532866e-01 -1.575918909198635309e-01 1.741587817478894296e-01 1.756548471376655485e-01 -5.808478187730981013e-02 5.866004265598672163e-01 8.512454206813546698e-02 8.308378652754555560e-02 2.623029191279027117e-01 1.192875579047345980e+00 1.375535103402824255e+00 -9.585357837879762144e-01 8.776501543566723740e-01 2.461658513715519803e+00 3.460716338620173360e-02 5.712840139927166661e-01 2.460919083561168286e+00 2.876304983356058109e+00 -4.631014950812746278e+00
1.269831194066171343e-01 -1.965715338348424379e-01 1.808340228523559745e-01 1.454463506462860822e-01 -1.695611905788633189e-01 4.789796958255534420e-01 8.841040547164100150e-02 4.707540740151650027e-01 -3.181141948342993686e-01 7.602805602500843918e-01 1.220605901814765026e+00 -1.297801016422570175e+00 7.036695926644203070e-01 1.648890259833635241e+00 5.133996024389890778e-01 -7.155040794787081992e-01 2.825148063573569068e+00 2.345494175675119308e+00 -3.730403941189863737e+00
1.182146279815420586e-01 -1.851926410107971321e-01 1.757649847340239657e-01 1.619385018125483189e-01 -1.032259167007361089e-01 5.178526444696225361e-01 8.470264838341007296e-02 7.967471434328823321e-01 -2.409567740506881606e-01 1.263055765049351464e+00 1.425927342805630715e+00 -1.173967204311309409e+00 1.133575463931554950e+00 2.176133678433220808e+00 -1.269657754933444238e-01 7.635970323719698527e-01 1.595104035853155189e+00 4.085251943623184445e+00 -4.476233933674370391e+00
1.256586363837959575e-01 -1.941169414328546283e-01 1.783784083632175832e-01 1.554984160011261274e-01 -2.025203471554952728e-01 5.626158392797169228e-01 8.399546307308032589e-02 -3.470571796868888725e-01 -3.861105154046384769e-02 4.032363867745552000e-01 1.045765197068212693e+00 -1.535732010802675518e+00 2.709196566272087381e-01 1.945269362745537300e+00 -2.939615739400389671e-01 -4.575611826325420850e-02 1.918973162476484973e+00 2.622460488820075319e+00 -3.247148007050532303e+00
1.164340673554125349e-01 -1.782033401447394305e-01 1.787610025392596946e-01 1.557952349017965865e-01 -1.337188045594085439e-01 6.131233912777420691e-01 8.525983481077263615e-02 -9.805629662426245119e-01 -7.593545055524772991e-01 4.055031969808151615e-01 2.346992446200522053e-01 -1.612968508866161610e+00 -3.517020727000952363e-01 1.545514130983804968e+00 -4.447437001854916971e-01 -1.009642799687894055e+00 1.452758075834631235e+00 3.052725917074024409e+00 -2.142687899700628229e+00
1.183569911266826591e-01 -1.829412494517566046e-01 1.774469905231558786e-01 1.644579489075821410e-01 -1.495654719110588449e-01 5.318409800965291367e-01 8.471559975977432932e-02 4.541466247347880625e-02 -3.802648976069136211e-01 6.022324786347468262e-01 9.823483479382861816e-01 -1.304402209372556243e+00 1.710380864125795597e-01 1.874421743221688530e+00 -2.213628544255143993e-01 1.850986738759097250e-02 8.667319033714147025e-01 4.121299449487089817e+00 -3.318793773078258180e+00
1.204097434572065639e-01 -1.771449999870932102e-01 1.797421698540016544e-01 1.686537749693673982e-01 -1.994359062376057645e-01 5.096526075933147659e-01 8.292234717325849824e-02 7.325907581114776690e-02 -1.465077973567827652e+00 6.130734318285391282e-01 5.510696074016472323e-01 -2.134377382888406061e+00 4.041377433503168248e-01 1.002064383112135637e+00 -4.357200370881866291e-01 -2.478206928842459078e-01 1.467063814195096683e+00 1.010041566254752610e+00 -2.232616310829027118e+00
1.151117217262307701e-01 -1.736601474981935289e-01 1.792267284827877283e-01 1.601547653729439302e-01 -2.206474905487242344e-01 5.217302083552093350e-01 8.975388057110497697e-02 -4.551370876797724563e-01 1.359886564464751757e-02 2.356823281286590799e-01 1.354503425740412936e+00 -1.701663642391379128e+00 2.281810111771207517e-01 2.004568195751174287e+00 -3.855528049746492769e-01 -2.688558340668887325e-01 1.779838815224005444e+00 2.667791641346494380e+00 -3.264592954351504872e+00
1.201327311988656665e-01 -1.750818910025475628e-01 1.782821919784030040e-01 1.575803344326089928e-01 -1.000442236418045416e-01 5.000568890351391182e-01 8.331255614584430480e-02 4.225565813354208444e-01 3.654549889917646510e-03 8.767724022272949114e-01 1.400786879342908797e+00 -1.481017819130321378e+00 9.019804596479943370e-01 2.204472615648480627e+00 7.946436771318232672e-03 2.559752707143729822e-01 2.594050064879700912e+00 2.170196784596159389e+00 -4.094100876458062643e+00
1.176481621625248553e-01 -1.667685033310306597e-01 1.788724640049852155e-01 1.665107038629388692e-01 -5.811523486360170576e-02 5.505661303851332455e-01 8.313833543485617261e-02 1.093357028856800639e+00 -3.296151416214678775e-01 1.398550625771983746e+00 1.693432247559951698e+00 -1.237880772191248813e+00 1.093843041202799071e+00 2.446061056462824901e+00 4.115293253456941969e-01 3.031761421651264499e-01 2.970639636060973032e+00 2.539740045005468794e+00 -4.777827992281461711e+00
1.178403127525446403e-01 -1.900354351355691973e-01 1.786716475683780558e-01 1.499038420634177804e-01 -1.217149838219528935e-01 4.833634206092733976e-01 8.751582962094869855e-02 1.287905439983050293e+00 -6.064927162416910988e-02 1.139499691811897364e+00 1.834138491074456923e+00 -9.180340612797905919e-01 1.008817697872070873e+00 2.111369798203398318e+00 9.315143136654446820e-01 -1.467391631503502936e-01 2.650744658238307849e+00 3.803306776408668100e+00 -4.950271943339659586e+00
1.162065225121093059e-01 -1.864630985289830734e-01 1.740700444749106734e-01 1.662251325968822080e-01 -8.642431924102411678e-03 5.515542740757486406e-01 9.032042648150154229e-02 -5.840932697361624903e-01 -9.199560065937255615e-01 3.871002277091957211e-01 6.441311232304682832e-01 -2.049780774992692400e+00 -1.596288424617418045e-01 1.653927164163349950e+00 -8.165980266978198898e-01 -8.489913892575753351e-01 1.314793611297546683e+00 2.954006035924842344e+00 -2.179175275743068241e+00
1.259105227691306728e-01 -1.890036771266900839e-01 1.816825376322773467e-01 1.514193798947517378e-01 -1.658757420130451132e-01 5.497179622695060885e-01 8.328009083812107360e-02 1.057884839843853619e+00 -6.900248096051049274e-01 1.648104160916277650e+00 1.134687924170941997e+00 -7.498341801019243746e-01 5.387555359318110249e-01 2.460443135683481941e+00 2.402147896488209255e-01 1.616387239287098154e-01 3.233746714388569643e+00 1.881913236510612819e+00 -4.437856081438360967e+00
1.146986438238809247e-01 -1.696444504091271233e-01 1.697466756052778414e-01 1.668940723632317269e-01 -9.162794611430513658e-02 5.938798827943858605e-01 8.766456200180636205e-02 -2.779794621590090387e-01 -4.812613459511654312e-01 5.704322550224301125e-01 1.057389465464357414e+00 -1.887824089752843548e+00 5.055677940762297595e-01 1.635309612354537201e+00 -3.393805513259389173e-01 -1.596330029073698142e-01 1.746280253851058006e+00 2.442386305087231868e+00 -3.104625970342472563e+00
1.216870971819554725e-01 -1.886261389286519319e-01 1.780598906512070589e-01 1.662632690788597989e-01 -1.464849267416368228e-01 4.952704694375502648e-01 8.724826431255647274e-02 1.048624735289571674e-02 -2.016819737365187493e-01 1.094438727867961703e+00 7.165506593173383010e-01 -7.994080693183294173e-01 3.690884215123695355e-01 1.920166486238024994e+00 1.285639984705060357e-01 -2.530398500402686324e-01 3.123738945764465313e+00 1.316806602510601110e+00 -3.767857453404515056e+00
1.155347338027117310e-01 -1.870093285923282167e-01 1.772167796487486569e-01 1.661288540695233795e-01 -5.831495059900770883e-02 5.200561220410309105e-01 8.666452458335063835e-02 1.007415355961747139e+00 1.501664511616418451e-02 1.329328991056783593e+00 1.762373422111539689e+00 -1.103768555276818830e+00 8.402873237067289836e-01 2.918205712146503927e+00 -1.350570062622722389e-01 3.364376971864766475e-01 3.132997441724317156e+00 3.041274731586407043e+00 -4.961419432928723339e+00
1.181556913969291078e-01 -1.736001113060882117e-01 1.795540750563235088e-01 1.623272275153406774e-01 -8.896560490137261912e-02 5.048352479744111498e-01 8.851810818502131584e-02 -7.137168202066286327e-01 -7.705829410874525109e-01 4.154226409632215677e-01 7.962686457681940055e-01 -2.228703547759144143e+00 1.723508796218169437e-01 1.824834689666437804e+00 -1.309034425716747663e+00 -3.773955880128543328e-02 2.257673478687811652e+00 5.606073776509559181e-01 -2.317116770965816031e+00
1.141328104993693249e-01 -1.754219715664788737e-01 1.757598336576038367e-01 1.694551155401898823e-01 -1.846023761337908242e-01 4.829646303712284983e-01 8.243170724869641752e-02 -4.366059512358591022e-01 -9.349172680579576067e-01 5.840657336283410217e-01 4.603566459241488218e-01 -1.885386882413091936e+00 5.903880849928206942e-01 6.624213772865461536e-01 2.984946239698826886e-01 -8.188496414502397514e-01 1.759996890581053464e+00 2.016855780785363983e+00 -2.474026904341926070e+00
1.232480159477838677e-01 -1.703708734824232462e-01 1.790332811901436949e-01 1.625783017443866996e-01 -1.347036211990508825e-01 5.369522638269947912e-01 8.457440219618678201e-02 1.183786519412954874e-02 6.105229497525401783e-01 6.989595386538081101e-01 1.427227805894508705e+00 -5.291665224233295106e-01 1.644490551515609411e-02 3.002130839348534863e+00 -2.743611470830700227e-01 5.132649675024758551e-01 2.978360508633386416e+00 1.849886323583344705e+00 -4.432515612119457771e+00
1.211939039305623966e-01 -1.702417174848929182e-01 1.801216001598137106e-01 1.548519025278017880e-01 -1.478587053335037593e-01 5.017748307449636513e-01 8.770472795249883990e-02 1.142683380315389741e+00 -1.519727824840364505e-01 1.136737443659674440e+00 1.867397848631078716e+00 -1.222513054685365308e+00 1.198451441639650561e+00 2.077953599175678789e+00 6.497957647146659355e-01 4.920383750773762443e-01 1.911289434802094789e+00 3.402059762992720948e+00 -4.837056711618299865e+00
1.159448214437028557e-01 -1.790119390290824120e-01 1.780667924150248771e-01 1.544405883407796720e-01 -7.843153277454584238e-02 4.368696228407191740e-01 8.909993667799399886e-02 8.322129124873551831e-01 -6.920262839259940790e-01 1.287308686918672507e+00 1.032111291387391994e+00 -9.926229445278575980e-01 1.204560690029872205e-01 2.590165890985871577e+00 -2.124222906773809427e-02 -5.981061680630421762e-01 2.694022204921710184e+00 2.795282778822153702e+00 -3.985157349017805384e+00
1.176945604332674256e-01 -1.790939192864861029e-01 1.742119706360162612e-01 1.679629800219635261e-01 -9.281333974738203985e-02 5.086064511511283470e-01 8.372184505103816288e-02 2.365038703865351977e-01 -8.929102192847206965e-01 6.130554275440420753e-01 1.010184862071804801e+00 -1.966185838153731602e+00 4.958378326637529199e-01 1.575553833791676794e+00 -1.993661791212062440e-01 -2.675995812990645817e-01 1.575269364728880461e+00 2.683432661166307298e+00 -2.893591010304642275e+00
1.227464081204377999e-01 -1.790483858398164152e-01 1.817751219095571913e-01 1.614211199186434964e-01 -1.349749622626835732e-01 4.541222452192554826e-01 8.492090101401561508e-02 -2.317088163622669228e-01 -1.079374645777817054e+00 7.169731751365926442e-01 5.812103955221310514e-01 -1.750950504499826366e+00 -1.932392277008236903e-01 1.934447796126756103e+00 -6.089559677784075475e-01 -5.888984372179741911e-01 2.370259164965631271e+00 1.135297092473513736e+00 -2.513329770822395837e+00
1.173523035121713520e-01 -1.797267742745692343e-01 1.747483601372557815e-01 1.557422084326839373e-01 -1.490193108594533022e-01 4.319081829479300971e-01 8.558796443273503085e-02 -3.290412252556169648e-01 -7.261550518374519925e-01 6.029342044463099626e-01 4.971153916082986512e-01 -1.299408590801827135e+00 -1.474869870632637969e-01 1.752672394361098895e+00 -4.102699928581943212e-01 -6.228446760070234234e-01 1.666583700923393252e+00 2.677983239736130727e+00 -2.716177535469666005e+00
1.203765273301689032e-01 -1.929882681528186650e-01 1.809043479817292466e-01 1.645247573134162034e-01 -1.800294020195100098e-01 5.152869250109683996e-01 8.649764999962113177e-02 -1.226575695613876249e-01 -6.717783790202833671e-01 9.902092938009516843e-01 7.031734595012277822e-01 -1.257860313130128915e+00 1.546365642030149701e-01 1.685361296394150443e+00 3.162847091329812343e-01 -7.329976174743366713e-01 2.269441777806248339e+00 2.378399475901938231e+00 -3.262624995639702874e+00
1.207776342837802996e-01 -1.871655486568047366e-01 1.754731998881508825e-01 1.654166501251512766e-01 -1.716718936819829899e-01 5.032722770593376360e-01 9.301640418267639876e-02 -9.365335225243311967e-01 -8.203704526563555532e-01 7.142709310077099971e-01 1.451926038534159247e-01 -1.339968347739008969e+00 -3.589619963654637758e-01 1.541866325558375550e+00 -3.679552467493731882e-01 -1.059015623605504164e+00 1.973338252044687380e+00 1.320006199170498995e+00 -2.230503696424907201e+00
1.236042039450385988e-01 -2.036642372580180771e-01 1.799147065240096766e-01 1.671680135541920853e-01 -7.953803739053222355e-02 5.088242379537954996e-01 8.425332802398217968e-02 1.809415539385517135e-01 -2.255784057004479592e-01 6.727029665723849305e-01 1.340770582667846433e+00 -1.384648796145760308e+00 1.916031331510730240e-01 2.391893321185404986e+00 -2.955683313500125919e-01 -1.198964569329206142e-01 2.444299350734816301e+00 1.743118877282164192e+00 -3.632471338835397745e+00
1.201530836291113680e-01 -1.979954578794223541e-01 1.796914888205231597e-01 1.707715751918406077e-01 -8.439747989030943476e-02 5.986648454707665934e-01 8.775114966611964606e-02 -2.725358088888096830e-02 -1.113372717907779030e+00 4.738251552562804392e-01 6.957245323851370955e-01 -1.651280331130521084e+00 -3.175796175062446380e-01 1.777460799335645270e+00 -7.077806273944524662e-01 -6.798697547737697633e-01 2.054144126190050379e+00 1.265289937713181878e+00 -2.401554586693132265e+00
1.268947488134213597e-01 -1.952348654169096531e-01 1.810707253713698950e-01 1.599226100886971258e-01 -3.442198451256994751e-02 5.779704653669570646e-01 8.434734604224544685e-02 1.246808168610646916e+00 -4.467753478391598421e-01 1.238299282429795589e+00 1.366264307045176096e+00 -9.409137314052955503e-01 5.358629572559845400e-01 2.590342973646518665e+00 3.681080671186620634e-02 1.052835298380641049e-01 2.709427757438415796e+00 2.380943375564531728e+00 -4.373158319212367751e+00
1.198433358898023382e-01 -1.934828705832724038e-01 1.771136218909699356e-01 1.685695112389471451e-01 -1.070910548553618558e-01 5.371815408293088012e-01 8.770453664999694476e-02 9.429597485832799109e-01 3.546149022084783553e-01 8.244365802863065085e-01 1.911624997348756239e+00 -7.704496231080284474e-01 2.603018165295569730e-01 3.125146365692447858e+00 2.452123969558428485e-02 5.149504339598687253e-01 2.277042460634467247e+00 3.606646804502988246e+00 -4.928954126031682925e+00
1.267736135302265366e-01 -1.912013203986286936e-01 1.792000325058315802e-01 1.622020656530813731e-01 -1.285453617519706215e-01 5.549275420270225467e-01 9.125531174034549886e-02 6.592823072745250812e-01 -7.443423897844692050e-02 1.463213222218280762e+00 1.174262196163143201e+00 -7.048105402007251996e-01 6.848953464691813764e-01 2.573335772744679062e+00 4.009598095639841375e-01 -1.481523404049331916e-01 2.638445439933847503e+00 2.980513964217069933e+00 -4.733236528805350396e+00
1.168176828503094122e-01 -1.628911163256305805e-01 1.752639732520211713e-01 1.720844408622507204e-01 -1.823871865490307442e-01 5.131636795052481048e-01 8.303694912475828582e-02 -2.013057214753679602e-01 -2.337705508421326073e-01 5.147105248311927284e-01 8.506678839712042972e-01 -1.219629919679616314e+00 1.077262101188489751e-01 1.898580651337002934e+00 -3.840617326929045561e-01 -1.404495663230767022e-01 2.469325560271134812e+00 2.046322359054121520e+00 -3.219964355207020734e+00
1.199481796694474300e-01 -1.826794890793856929e-01 1.771489948463606245e-01 1.683548108793723186e-01 -1.269308836558477038e-01 5.646152487954174681e-01 8.540382499577056641e-02 -9.097043076501645231e-01 -3.546091374930337992e-01 1.621885731782253259e-01 6.013588788180390665e-01 -1.373966406920704042e+00 -9.172170773006289579e-01 2.436264708243803589e+00 -1.109337599515614947e+00 -1.317632401849841983e-01 1.333077751958736457e+00 2.266323281017701419e+00 -2.388215684131612893e+00
1.146511447758918889e-01 -1.763224034981466515e-01 1.749916541386460356e-01 1.697156054268108560e-01 -5.466455105417766802e-02 6.169519233292191096e-01 8.741461948089153389e-02 5.421428195443862563e-01 -1.299879263566408039e+00 1.007365578187452648e+00 9.814928806695633057e-01 -1.812672865728336191e+00 3.584577968289606176e-01 1.834761807337146777e+00 -2.101483525193312829e-01 -9.440342091238420608e-01 2.638279889672344503e+00 2.231565249216407310e+00 -3.168073164827471810e+00
1.173550058775387761e-01 -1.863009026960076864e-01 1.777138469368065299e-01 1.597001447255298467e-01 -1.627592666229293883e-01 5.023010866233885707e-01 8.443366377749873808e-02 -6.990903995773578572e-02 -2.943177913294503512e-01 6.703852348810324102e-01 1.032095535057832691e+00 -1.397185815231685169e+00 5.216332142208122136e-01 1.369409832061963428e+00 5.002821516351660946e-01 -2.963200589590737621e-01 2.016372454294481642e+00 2.501802839493846520e+00 -3.437696392576543136e+00
1.221605092903982337e-01 -1.778573882221249347e-01 1.796707908422943423e-01 1.587388865314409703e-01 -1.072392840669211811e-01 4.939092950639158985e-01 8.878522252816810345e-02 -4.350812931316383469e-02 -1.016671989664381659e+00 5.667431749049942624e-01 9.123592319929816341e-01 -2.059639003105900201e+00 2.002590844220009103e-01 1.838843816579347035e+00 -9.779754726470821780e-01 -4.568047915782447177e-02 1.184852516146905899e+00 2.359830594562165373e+00 -2.501177769305984011e+00
1.126302316265431203e-01 -1.859094682550273547e-01 1.758539080152451417e-01 1.681935446836975157e-01 -1.341221731868816880e-01 5.346192918391512450e-01 8.603518506394884635e-02 1.183135736248123848e+00 -8.454274560863872523e-02 1.083080385526427492e+00 1.927832520107286562e+00 -1.249887870547818025e+00 8.795183209282173564e-01 2.673848083160419442e+00 2.900766780528849509e-01 -2.105509982456954532e-01 3.352900972198325391e+00 2.318899448931526663e+00 -4.839219412078382909e+00
1.210960687004420666e-01 -1.779644790638327256e-01 1.761483651598936828e-01 1.727240195163082248e-01 -1.074805412865689203e-01 5.676608154872027079e-01 8.653117844293214955e-02 3.075165566570845499e-01 3.943614501883185852e-02 1.064169388462746113e+00 1.328812737066780159e+00 -9.309414577333043894e-01 4.223719911450078968e-01 2.426995355740130478e+00 3.258740285186583208e-01 -1.037870091863632993e-01 1.993688319294355082e+00 3.295383007573647660e+00 -4.383696191840669165e+00
1.185177927598322911e-01 -1.877497102340844326e-01 1.799787958218227735e-01 1.557986351996173413e-01 -7.500964377946073292e-02 5.614995454385853790e-01 8.839254445629526891e-02 -4.302619009088202162e-01 -2.470876501185905738e-01 5.750777456895272977e-01 1.093457517091676934e+00 -1.845694564611404687e+00 7.915164295259469185e-01 1.346709516378189697e+00 3.205781107726917156e-01 -8.197667228718232835e-01 2.433040499239385035e+00 2.027444451029366768e+00 -3.223507833078302021e+00
1.233322972750715840e-01 -2.016979798195051576e-01 1.796594620879864435e-01 1.541157958711830700e-01 -9.414356008830626621e-02 6.092403946715636565e-01 8.959128368277165244e-02 -2.690007073313438468e-01 -1.340305333003973587e+00 6.580863072829981064e-01 4.253397347071725676e-01 -1.758122082903156969e+00 -6.398079973884627236e-01 2.163123060892737648e+00 -1.246073047535190881e+00 -6.169688303839890864e-01 1.763065407828126929e+00 2.047138030089657335e+00 -2.067324368279072289e+00
1.186709077724480699e-01 -1.800730833773835360e-01 1.805105341181119094e-01 1.461756844301277392e-01 -9.960120111760473183e-02 5.658195725417671795e-01 8.627948021295689385e-02 8.883806063416361809e-01 -2.474936790604465031e-01 1.326399190108377368e+00 1.287338569917386266e+00 -5.825782660481220177e-01 1.761628611266621292e-01 2.987230738195969515e+00 -7.844613829752677958e-02 3.377562995507110699e-01 2.664994451612662019e+00 3.265536689599768394e+00 -4.583513457185013351e+00
1.158971661124672259e-01 -1.799743546648267523e-01 1.782961516596626161e-01 1.595239156117066459e-01 -7.343475980510394407e-02 4.919621510256089181e-01 9.016278325286367079e-02 1.064454987847227585e-01 -1.375848330326197022e+00 1.032091531424013553e+00 6.667560808562029706e-01 -2.085602778749363395e+00 3.722378723750887630e-01 1.422508500073719873e+00 -9.502776533833490191e-02 -8.388953395506915101e-01 1.932997170776703300e+00 1.657921048452921653e+00 -2.627658052254524090e+00
1.170641355121575800e-01 -1.715569218960431574e-01 1.743148900419705660e-01 1.631717414852817960e-01 -1.312829152048935466e-01 4.840850419970994523e-01 9.253634626493183191e-02 2.811427899394747243e-01 -8.901121400039464504e-01 1.390015453883252761e+00 8.592582824101357986e-01 -1.476336678173168160e+00 2.216680967632900234e-01 2.338075571379151008e+00 -3.487251979698777760e-01 -5.784832687001948415e-01 2.499441785202467514e+00 2.301083143079911686e+00 -3.559054642952081071e+00
1.219114567585353193e-01 -1.838243079705697558e-01 1.771264316487649315e-01 1.686237165767889845e-01 -1.097862526387406445e-01 6.063203728601544995e-01 8.618688569805818545e-02 -1.546167029542200311e-02 -2.542598521362107178e-01 9.034723398490429602e-01 6.695510183719211028e-01 -8.169115729717892904e-01 -1.107668174071427813e-01 2.230314579930768204e+00 3.841302073596430944e-02 -3.924242588351676275e-01 2.414448795298852701e+00 1.701222448956681177e+00 -3.548290709446916047e+00
1.255255600895653911e-01 -1.896810779478517173e-01 1.754933002807467501e-01 1.636848294440020890e-01 -8.788779492931764192e-02 5.127420183565121192e-01 8.944616579649845856e-02 -6.384056259271400080e-01 -4.960363760410722023e-01 4.097801752968122102e-01 6.043194100724775808e-01 -1.842732374648428095e+00 1.004919758056832535e-01 1.655051626050102698e+00 -7.372195130525573958e-01 -5.317174419945978059e-01 1.897028086523622648e+00 1.845100972933325423e+00 -2.459479405856138889e+00
1.203186928945131906e-01 -1.899711924017592479e-01 1.807980012929724656e-01 1.511082638312019055e-01 -6.996874778085848678e-02 5.228811193954503445e-01 9.265801607220564007e-02 -2.309188548228071625e-01 -1.209714583792766085e+00 6.996383932698337915e-01 3.070934316711602108e-01 -1.511385231845232546e+00 -5.192309394800895817e-01 2.043960499603945991e+00 -9.960092936885835968e-01 -7.179680054852628501e-01 1.417567309123950459e+00 2.141552993610231326e+00 -2.181644020961344577e+00
1.170171057338431908e-01 -1.831212509669639665e-01 1.745187590387429488e-01 1.625341313049584180e-01 -8.311989849193357482e-02 5.962077558960308110e-01 8.855174319925337989e-02 3.024892423341940528e-01 -4.480344098242525774e-01 1.049243093451685205e+00 1.142307729584027598e+00 -1.339861515921707991e+00 7.708005008092699839e-01 1.923622627947729313e+00 -1.967338059570380437e-01 1.327128915331048375e-01 1.765688914311343893e+00 3.449522144268060586e+00 -3.915099291511761059e+00
1.193986529052945833e-01 -1.787359708528096225e-01 1.726906163371972613e-01 1.728344601133142699e-01 -8.631624848964447594e-02 5.209702910302120848e-01 8.741685847540417442e-02 -1.571066889735028838e-02 -4.564377251590254758e-01 4.840522800170798945e-01 1.190365553777608554e+00 -1.911836491722512577e+00 5.563072549537366740e-01 1.857764517297199269e+00 -4.698253368836189381e-01 -1.879260755814824435e-01 2.337261365628612531e+00 1.534635172689979399e+00 -3.127329167812998190e+00
1.216580782313188003e-01 -1.876794872710588757e-01 1.785931738663105450e-01 1.598182603889567455e-01 -1.985918048643807721e-01 5.381329166988755297e-01 8.162510376330180117e-02 2.182784406381514941e-01 -5.821466352820658940e-01 9.381932819420937264e-01 7.912565046893060838e-01 -1.069109886778605301e+00 3.596832921007724337e-01 1.606598266928225271e+00 3.081001712911524137e-01 -5.174879992446790311e-02 1.663802077800652590e+00 2.894683541235362867e+00 -3.448132579467410697e+00
1.166226034786523591e-01 -1.804456843240443420e-01 1.775921241815479612e-01 1.698346876275320660e-01 -1.341591433879254502e-01 5.045109062403123623e-01 8.164212377265719911e-02 -7.924507869285299932e-01 -5.855691212969418302e-01 3.003697782452636744e-01 3.158302051606467487e-01 -1.544762492576499113e+00 1.941433701855563854e-01 8.594821571404729355e-01 2.311438431128660653e-01 -1.308677335190753688e+00 2.177400826569818371e+00 1.810295217100765797e+00 -2.324206821815528290e+00
1.234646711987997525e-01 -1.852342387705415150e-01 1.787025026548975104e-01 1.500187985893657316e-01 -9.957381837645584710e-02 5.618901924990140628e-01 8.569043960486708023e-02 6.539640434627091992e-01 -9.122153890300621626e-01 1.612736296770140854e+00 6.112909858147288489e-01 -7.527620350778114755e-01 2.606049675172990021e-01 2.209430886757389523e+00 1.572729859890369397e-01 -3.254685244917032705e-01 2.424757773073585199e+00 3.075023266949518330e+00 -3.841852118917428616e+00
1.210174701637919958e-01 -1.946474988270824324e-01 1.794253831204796756e-01 1.504078432108425512e-01 -1.083968496932306014e-01 6.053588325145153881e-01 8.809163006430742460e-02 -3.687025709585123323e-01 -1.353129487517791496e+00 9.113307976650117936e-01 1.398535246235024232e-01 -1.800091835769915605e+00 -2.019355773730833192e-01 1.488332609453696165e+00 -8.169777973670697691e-01 -4.681864864442655261e-01 1.523921167176823133e+00 2.054527835072939901e+00 -2.176580260874231509e+00
1.203931650543043075e-01 -1.973005491625109964e-01 1.803839076522767704e-01 1.584515399323155327e-01 -1.591017849536173756e-01 5.022487551829928343e-01 8.186691966213938132e-02 5.328629052570290625e-01 -4.927019582530718367e-01 1.491505567257144449e+00 7.475058144425101858e-01 -6.028080568093665548e-01 3.485372566896769442e-01 2.069504049357427711e+00 5.729436719949880796e-01 -5.952998778069247265e-01 3.267848559199306280e+00 2.161314752271712436e+00 -4.072110202482535968e+00
1.146769726609349338e-01 -1.742963066526921345e-01 1.741730691639769291e-01 1.753565281035713852e-01 -7.847357284064659932e-02 4.850192123478271888e-01 9.145605980400789425e-02 -2.964424768144873212e-01 -3.832393588101812298e-01 9.262595341824457762e-01 7.313505620093412318e-01 -1.052217283280779014e+00 -3.040891014993256647e-01 2.281310394427967125e+00 -7.139964582845159669e-02 -6.890442761912476399e-01 2.448346402531214494e+00 2.122287384285272971e+00 -3.370623878835621756e+00
1.203234130463295692e-01 -1.880723730120018033e-01 1.784927922151174629e-01 1.667004473047548618e-01 -1.279108950086119689e-01 4.811898324376602254e-01 9.243835119053075977e-02 -1.135214127945260998e-04 -1.796153854568125485e+00 1.177891989681960183e+00 3.621417763975989246e-01 -2.114145722061442800e+00 -1.452517477121659795e-01 1.741465209038100426e+00 -7.234269677115232611e-01 -8.931342062511573587e-01 1.558634996861493427e+00 2.342683046980821082e+00 -2.153878042899214140e+00
1.162816669561038130e-01 -1.929574791322861138e-01 1.736860929076782523e-01 1.605708642821137566e-01 -1.313848720390554670e-01 5.728724417698409788e-01 8.730624771080533475e-02 2.424578672532051726e-01 -4.678568027791598638e-01 4.722231016042304219e-01 1.491167122981924109e+00 -2.002469448049299494e+00 6.815890568092832780e-01 1.700788347863248617e+00 -9.849807925080167337e-02 -4.707051276263563011e-01 2.069112186515734919e+00 2.206282986708099081e+00 -3.358316966233093392e+00
1.258029721321358152e-01 -1.912535082056838753e-01 1.830375024810481088e-01 1.448796036196248194e-01 -8.386580766871931658e-02 5.144788495022929453e-01 7.914516092916440426e-02 1.036263450429776967e+00 -8.322086433138107253e-01 1.389780382252071789e+00 7.546627532865288757e-01 -8.102395978035570323e-01 5.454178387837780306e-01 1.948373953038126771e+00 5.807685468973033949e-03 5.086245294698912289e-01 2.168417343266809461e+00 2.720497198931445482e+00 -3.819418407790633019e+00
1.225690371640872911e-01 -1.853053995192254222e-01 1.769878717814276636e-01 1.670078029892017035e-01 -1.128656735213424689e-01 4.951408552410896391e-01 9.366744313935590482e-02 1.088541289609628038e+00 -9.263127590178434900e-01 1.809724165505457449e+00 9.051965426813399773e-01 -8.830017512186678630e-01 3.905833158640792391e-01 2.449537517260570674e+00 1.264442688082825228e-01 -5.707927307155280516e-02 2.361034720674377141e+00 2.905738533809318902e+00 -4.364012936660158104e+00
1.136948569449466317e-01 -1.704402431085368930e-01 1.754921649681080997e-01 1.828911355203427513e-01 -1.519221049475492080e-01 5.305620972094637899e-01 8.487133279407371722e-02 9.645418600492972061e-01 -1.017050083322236897e+00 1.439091375080113977e+00 8.964077933560616884e-01 -9.553889245315341228e-01 3.447536618513584727e-01 2.073083491945344470e+00 2.633074825684600384e-01 -3.053831114340166408e-01 2.527800548184839791e+00 2.423547583610584866e+00 -3.928028048591733157e+00
1.173164478267682276e-01 -1.775485546933301961e-01 1.804311056110656231e-01 1.547430133986655854e-01 -8.491398844062914009e-02 5.779892229236742729e-01 7.984487316744325047e-02 4.345731740839164914e-01 -5.227553085328855431e-01 9.183196890197660167e-01 7.848417313211886182e-01 -8.969335517313234973e-01 1.287859540850533335e-02 2.372167715602310878e+00 -6.136520700376797421e-01 5.059616310785095550e-01 2.053014068696389138e+00 2.634868111605767282e+00 -3.589759845001880834e+00
1.181663598900339618e-01 -1.934999711396698241e-01 1.770372518003404949e-01 1.648050726332328519e-01 -1.197165833444199246e-01 5.382186858533413165e-01 9.021059971704251113e-02 -1.283260069444320806e-01 -8.393185064673014395e-01 6.379861050770845310e-01 1.215527018905236289e+00 -2.352078169243506878e+00 8.428224102953478791e-01 1.179866954225865072e+00 -2.366079869091599619e-01 -3.086715594836784149e-01 1.463247956955228801e+00 2.478024314075239154e+00 -2.846009840017518666e+00
1.130197251551664783e-01 -1.700592058707237064e-01 1.757124561143409425e-01 1.690934631791971565e-01 -1.284240009564029394e-01 6.003842076224588098e-01 8.546995288249711886e-02 -1.630694401164021201e-01 1.463826377393386835e-01 9.283152605311961736e-01 1.241693030396763042e+00 -1.220409572487072047e+00 5.491125202437050490e-01 2.232706465098024395e+00 -3.097597644435001740e-02 1.693317061905084131e-01 2.301899488984679110e+00 2.077298207362141547e+00 -4.084273707561008493e+00
1.270618088554128500e-01 -2.025420041688947848e-01 1.828715502953195682e-01 1.458983332555716661e-01 -5.556873911058901605e-02 5.775896325355298622e-01 8.417729585422975558e-02 -3.647581182481447470e-01 -4.862118903271861470e-01 8.392854537009695193e-01 7.102609030514166477e-01 -1.442209224462219552e+00 4.031754763149733023e-01 1.659943867539626972e+00 -7.118474920117723315e-02 -6.258295709541830121e-01 2.655776683161500173e+00 1.750539094906232940e+00 -3.153147706622180024e+00
1.137935203432089704e-01 -1.767898095694813709e-01 1.746627832775972666e-01 1.615096616564396514e-01 -6.956549238859099926e-02 5.078348158533199097e-01 8.453686026018145117e-02 -4.061029459264711150e-01 -4.413181810728428189e-02 2.232337314542744977e-01 1.397249847127987721e+00 -1.944524262680968896e+00 8.549625614894784675e-01 1.235507646272797189e+00 3.643183488705350470e-01 -5.313395411797330325e-01 2.134643489253064352e+00 2.390159051275802859e+00 -3.253134264547918875e+00
1.150685187546098553e-01 -1.724198460238411390e-01 1.741013660383960437e-01 1.694510605965698913e-01 -9.976454929626266122e-02 5.121445757285658651e-01 9.057112058748097161e-02 2.186265505686080246e-01 -9.981161939185154708e-01 8.457985893677397726e-01 7.470281491716761479e-01 -1.803244751203428642e+00 1.174464412354048193e-01 1.992536921627142910e+00 -6.603798527674378249e-01 -3.378247317645062253e-01 2.122521979287310678e+00 1.936969904109862917e+00 -2.865777054177032657e+00
1.132141404515862593e-01 -1.740782924768677353e-01 1.765190232354593713e-01 1.642156623608632682e-01 -8.358299947929126450e-02 5.993391713644267149e-01 8.709272178791173380e-02 2.663493059353143622e-01 -9.061749377403849337e-01 1.200254953599847241e+00 7.708054074240884290e-01 -1.364394889624600982e+00 2.287173861345728199e-01 1.710442722699236029e+00 3.426854167706592236e-01 -7.155857896122270745e-01 2.202322231266530039e+00 2.768142970068801390e+00 -3.477395985666938305e+00
1.189278284902843541e-01 -1.826774227689825780e-01 1.754176405389908378e-01 1.720765553943347514e-01 -1.063516850655075174e-01 4.962054727654767738e-01 9.075276927221703760e-02 9.581013282751627003e-03 -7.364741918013848476e-01 1.161962794599689097e+00 6.538694832040716776e-01 -1.362378993868010646e+00 5.649598559664461561e-01 1.704950016497735810e+00 -1.360982414039897392e-01 -6.831537282995725491e-02 1.982239330612188155e+00 1.941102643570938646e+00 -3.392359078548234042e+00
1.234200072199646281e-01 -1.881111954335018543e-01 1.742765277756242182e-01 1.718487534271906370e-01 -1.013711695774968113e-01 5.300530845228861310e-01 8.928795052721519299e-02 -1.054219954748321086e-01 -3.224784424757212165e-01 9.353851993174799873e-01 9.279279112126044282e-01 -1.523748472406402765e+00 6.782809579686519541e-01 1.820173409083799321e+00 -1.977826025268987209e-01 1.227277426211692557e-02 1.928438748053913798e+00 2.062536128830112503e+00 -3.545581981560618434e+00
1.208867115786874669e-01 -1.841306815197285007e-01 1.791391552210714888e-01 1.501719398156350360e-01 -8.616050596732760525e-02 4.881547443488725158e-01 8.265150015054562038e-02 -8.825308950410004627e-03 -2.046797972390566045e-01 7.084479762858055807e-01 1.401759816449149376e+00 -1.868324458689272216e+00 1.104773098211300209e+00 1.367832148972944140e+00 4.659290117942536114e-01 -6.090680900123874864e-01 2.632011899087556728e+00 2.198054595817148460e+00 -3.610875768731542035e+00
1.163495917140715541e-01 -1.809306792934273767e-01 1.741696784592751679e-01 1.671294748058208546e-01 -1.401223893708404278e-01 5.282681812864389315e-01 8.933231570447580649e-02 2.141665217714008307e-01 -1.066761696257087166e+00 7.061342504846361834e-01 6.560829562163537076e-01 -1.460319289676070387e+00 -1.052625201597736648e-01 1.401986641296733005e+00 2.511206778242787152e-01 -1.101919675582027303e+00 1.593772525076486701e+00 2.784251291290988028e+00 -2.754418980357948410e+00
1.122735510327133035e-01 -1.682524569335445142e-01 1.734145931165803900e-01 1.671234154192623445e-01 -1.315321347147595521e-01 5.052502416237723004e-01 8.232055122215578558e-02 -1.006708677987608436e+00 -3.405246691948002891e-01 1.539842203712638025e-02 5.743718983513224074e-01 -1.541638845431758664e+00 -4.412241058018784301e-01 1.594114671455605148e+00 -5.318917905531996837e-01 -6.794613779664437914e-01 1.938056936063945912e+00 2.258450662054167779e+00 -2.304610970540611703e+00
1.176708550649449292e-01 -1.763598522871195895e-01 1.753827928157673799e-01 1.555874963065946304e-01 -1.355503291330373283e-01 5.045219271062473254e-01 8.992017766406074086e-02 -7.719485964926615651e-01 -7.910197218157675181e-01 8.594781886624147660e-01 3.716359461276734777e-01 -1.703949299099185577e+00 6.282399968111729294e-02 1.385473983299899459e+00 8.016314186516293461e-02 -1.486235758871101709e+00 1.911207252758075903e+00 2.866598180850229660e+00 -2.497976566267495535e+00
1.191079949131383653e-01 -1.780578025522580599e-01 1.767720458875026435e-01 1.690378400016961935e-01 -1.151818955267435163e-01 5.459064441845877802e-01 8.366852628033935591e-02 8.115077808710458029e-01 1.934354879106825464e-01 1.349545429761402460e+00 1.535556573189566620e+00 -8.567884674334731443e-01 1.109428459086084118e+00 2.203088057348702833e+00 8.224769089037682335e-01 -2.703006079678127449e-01 4.000211628507429396e+00 2.413984052304853911e+00 -4.928075914828350612e+00
1.226543961928414084e-01 -1.953153020029257947e-01 1.783286507517398978e-01 1.532573579963435462e-01 -9.836277796245673777e-02 4.933646982851120910e-01 8.146681051547224883e-02 -6.336106766681837144e-03 -6.250020054385192481e-01 5.177248283021382846e-01 5.673077954057834660e-01 -1.001005936007278940e+00 -5.265272075060654089e-01 2.377462200674717252e+00 -8.529567691381583217e-01 -9.858121355743598713e-03 1.741573113709874221e+00 2.389734493562247764e+00 -2.832131321989182826e+00
1.250664839018034991e-01 -1.908940681683534701e-01 1.829964193025745978e-01 1.491617381538518083e-01 -6.897663674645981846e-02 5.416306382741762349e-01 8.635813820206680869e-02 4.731293814757560057e-01 -3.425866329843163527e-01 1.633606994838784132e+00 7.298888368582936437e-01 -7.105467615861593700e-01 6.979363556534181612e-01 2.013740727886633941e+00 4.672487593336906997e-01 -1.443436092773362489e-01 2.458354632401555051e+00 3.149493714325656057e+00 -4.308090444239479844e+00
1.218936084225540895e-01 -1.897146428815514319e-01 1.792946388345471598e-01 1.682504438682557169e-01 -1.510881915317641155e-01 5.563419519154670922e-01 8.904333986004341062e-02 -2.964823634643849459e-01 -1.021993442911230510e+00 1.373830736604828573e-01 1.038948345159928621e+00 -2.253201568269233235e+00 4.206757664598992363e-02 1.636779609754506204e+00 -8.258016385534379111e-01 -8.670063978425934792e-01 1.733165429517889322e+00 1.584274759972309710e+00 -2.154765459885073842e+00
1.169202622575592487e-01 -1.858744078552896362e-01 1.793037295661191466e-01 1.602981338465848671e-01 -1.174682111034663912e-01 5.922069260044051653e-01 8.713999136205839713e-02 8.112968404395770605e-01 -8.001047711594111433e-02 1.278868199764130686e+00 1.769285634734797164e+00 -1.296810165892301470e+00 9.776925715640594206e-01 2.614179526214915228e+00 3.247168299418676796e-01 -8.465992189058368922e-02 3.028982993992428874e+00 3.277314713680839375e+00 -4.819226820998419925e+00
1.200255903464351737e-01 -1.798994451131877836e-01 1.775442189129551318e-01 1.696963171549638050e-01 -3.332965388145914254e-02 5.821170882074127029e-01 8.724922927394511418e-02 -5.575642193681744629e-01 -5.458707107982077034e-01 8.017335349097081121e-01 7.515994100553786694e-01 -1.787256458926510305e+00 5.911753285453009710e-01 1.387086775151963103e+00 -2.876152883810059180e-01 -2.947698533241300822e-01 2.341157225109418150e+00 1.654533642248255276e+00 -2.967179775399174879e+00
1.139091987028358066e-01 -1.790703861927145368e-01 1.749500375673140595e-01 1.608610729094998026e-01 -1.398490735685593567e-01 4.934588346657124980e-01 8.187432957313689474e-02 9.251000393081021400e-03 2.115308775679114461e-02 8.395472169335054247e-01 1.301715391185023663e+00 -1.537365048113772836e+00 1.093124732731093118e+00 1.532635013074767016e+00 5.333680773232511996e-01 -3.334442492535663050e-01 2.637517555269721647e+00 2.389969932594834034e+00 -3.905649791143605665e+00
1.140593458476112376e-01 -1.790693117044928617e-01 1.734510999892162619e-01 1.724444577925710043e-01 -1.368487619253307974e-01 5.298544643793148268e-01 8.874410763328086094e-02 3.653365922241409436e-01 -1.109271575817369904e+00 7.798717497081835148e-01 8.173950238030798232e-01 -1.508309022056646853e+00 -6.464967416115285914e-02 2.095821194128998144e+00 -4.920223098206202295e-01 -7.090894044783624395e-01 1.609844558438445539e+00 2.631665931867371633e+00 -2.948488051477323069e+00
1.221335157112714287e-01 -1.890938624107175725e-01 1.771233674531685898e-01 1.572054055942538886e-01 -1.453109769555094299e-01 5.391984458192120577e-01 8.696045605061078487e-02 7.665878612339493969e-01 -1.392544600349950201e+00 9.025626817232215160e-01 1.116259224996023036e+00 -2.008021824883692741e+00 3.263732393620184524e-01 1.944904415628421646e+00 -2.099118191642350695e-01 -8.773037830392640402e-01 2.493665158730062004e+00 2.241347771420606705e+00 -3.011470177033966245e+00
1.183850506529743607e-01 -1.693938487143467619e-01 1.804004488428019026e-01 1.663432441570057430e-01 -7.184378271174995945e-02 5.261622873839151282e-01 8.610753386272247678e-02 -9.250825601034451395e-01 -4.847491248389736995e-01 6.115067143201313726e-01 3.120228337148942543e-01 -1.317870503156989059e+00 -2.230982203888522974e-01 1.715255711068612854e+00 -3.455826188409556465e-01 -6.000106020120190564e-01 1.655617953443697665e+00 1.744180968764639239e+00 -2.566774132921104457e+00
1.171800153755919172e-01 -1.857550583269282907e-01 1.753974827188726771e-01 1.708283364762701595e-01 -9.714372364282475303e-02 5.647308046618739752e-01 8.437307874868571478e-02 9.911357769945086105e-01 -4.848522621097108853e-01 1.442559421724518565e+00 1.423389086832744788e+00 -1.041207133725209566e+00 6.551498549914969161e-01 2.483359810096859022e+00 2.852831791691023966e-02 3.513131779440303859e-01 2.815085506165637241e+00 2.175151937992414020e+00 -4.567991965137402133e+00
1.229888569550955102e-01 -1.870336942128912328e-01 1.781647049534732796e-01 1.624888727035138647e-01 -1.126373702587725179e-01 5.982794647064877402e-01 8.952814376984893907e-02 -6.200391998366496793e-01 -5.341868378239658099e-01 6.824831328167890732e-01 6.535642718691434538e-01 -1.725475368395466447e+00 1.027640121542265916e-01 2.063478513781328516e+00 -1.143935225317404658e+00 4.249019517644558874e-02 2.268238588133582034e+00 9.292877794879217390e-01 -2.776072155905660477e+00
1.154761595369080129e-01 -1.972509723986323737e-01 1.757937850607803609e-01 1.707610550346182476e-01 -1.543512978893253340e-01 5.414817814554222508e-01 8.845596977910527570e-02 8.472027803601367424e-02 -7.621043961526110522e-01 5.493713356962635075e-01 1.113313259144481648e+00 -2.041553841307359285e+00 5.539126681405548425e-01 1.416824049557949827e+00 -4.651314227925507083e-02 -6.246119089693031867e-01 2.050720560389557079e+00 1.780993906443287145e+00 -2.981864570312798168e+00
1.181994557107708954e-01 -1.715465658324324960e-01 1.748144642876030275e-01 1.717326586330458760e-01 -1.715908067187824626e-01 5.206100138199616367e-01 8.542767415531775377e-02 -6.380337926151913308e-02 3.616407020522327542e-01 1.299325459274875527e+00 9.821994638876763162e-01 -4.472220754620259697e-01 5.485981977188423286e-01 2.555300348946431654e+00 -4.222472049435843644e-02 5.807837001716400493e-01 2.649373908211432926e+00 2.544037441666013422e+00 -4.582965274096884478e+00
1.157344311169671847e-01 -1.679568391932895199e-01 1.755700951998511450e-01 1.684488780059304469e-01 -9.847450575326499589e-02 5.953618332917067768e-01 8.747206403349008785e-02 -2.102542338172517233e-01 -1.221260408090435234e+00 6.692930943973944835e-01 4.759057789592366916e-01 -1.656417086447514730e+00 -8.033170275592116383e-02 1.462013747549767650e+00 -4.790589316249267426e-01 -5.495082529653414483e-01 1.319217587137208270e+00 1.665683226908731385e+00 -2.361532463605673815e+00
1.128216632661897811e-01 -1.569977306615911727e-01 1.755339287317146668e-01 1.696897536119940098e-01 -1.311358646602430733e-01 6.237350534044927564e-01 8.577325973668342707e-02 5.885854853923415675e-01 -6.235289195009139362e-01 1.425368836344650170e+00 1.076803726713995601e+00 -1.297858379368104220e+00 7.403775499621865208e-01 2.130708172800117595e+00 5.563535866192736989e-03 3.055342836937269269e-01 2.521696531077386894e+00 2.364767390583586426e+00 -4.181518130604577443e+00
1.204030595301804618e-01 -1.704854070652466747e-01 1.786575129185057065e-01 1.627305099818462386e-01 -1.793618551017579499e-01 5.304265632665514651e-01 9.041238598740256038e-02 -1.211429634980341508e+00 -4.462394526181174825e-01 4.780214320704478936e-01 1.039416318498957992e-01 -1.284733723367476266e+00 -4.700938065517261677e-01 1.791117567832992918e+00 -9.752880852881853357e-01 -1.694615736857771893e-01 1.545503739779514163e+00 1.349435715945286773e+00 -2.209449576100561696e+00
1.146015122149946497e-01 -1.721180577139769241e-01 1.763432135128570055e-01 1.532631560713958452e-01 -9.284026342701290346e-02 5.022521635941474827e-01 8.734511998528554644e-02 -1.002929295094463935e+00 -3.299822000993311022e-01 2.624044701430374715e-01 5.292792783061051054e-01 -1.532308567501035501e+00 -3.993834851219704163e-01 1.884578837095692627e+00 -7.704412290660496154e-01 -3.823878674715821546e-01 1.241163185488831644e+00 2.980621113016592716e+00 -2.448039041361943724e+00
1.154815856790978590e-01 -1.815583369850196083e-01 1.728057958615226986e-01 1.729883443859101533e-01 -8.975091183266592498e-02 5.873657880775549067e-01 8.642306356974800707e-02 4.641211098680582126e-01 -1.410171647462508115e+00 7.224836557369407330e-01 1.020870307831688528e+00 -2.139815856528762161e+00 4.392239765991545752e-01 1.451113637347072327e+00 -4.027979212463801417e-01 -4.384839495562555811e-01 1.632824339117656898e+00 2.220295094807108072e+00 -2.739935430666611715e+00
1.194734015413316808e-01 -1.912925668699923532e-01 1.767944300657925683e-01 1.556354745591022049e-01 -6.319211755116282969e-02 5.658100591453827377e-01 8.696496701840691901e-02 -5.359850632677396476e-01 -1.007063859401524653e+00 6.568585181675867801e-01 1.826740255720533668e-01 -1.526618775523148841e+00 -4.757870596096971383e-01 1.734090062631086226e+00 -8.163395007990592589e-01 -1.066439073179465957e+00 2.366183653103670181e+00 1.789435930532809138e+00 -2.191937596347664385e+00
1.195413894240652253e-01 -1.790926622097428478e-01 1.798653001948223584e-01 1.530059445330637091e-01 -1.512403534287969364e-01 4.707399683446182870e-01 8.358170501683287457e-02 -1.809221009315047368e-01 -1.193823385481945110e+00 6.474703689844822918e-01 5.764212714629834977e-01 -1.900120461194268806e+00 2.018783897633946722e-01 1.369005226993311730e+00 -6.812264867629744813e-01 -4.008664003301332102e-01 2.494598747235747815e+00 8.130750513175657446e-01 -2.376118509136295742e+00
1.194742850832483660e-01 -1.762924756232203127e-01 1.787036590838937122e-01 1.555146758330360202e-01 -1.024714277832734499e-01 5.092890341239089125e-01 8.862040707106820514e-02 8.152983534134357058e-01 -1.304306293805093109e+00 1.053178698588692619e+00 1.132875335202937706e+00 -1.965963551762768269e+00 4.789250775414135575e-01 2.061328567961235869e+00 -5.368698224806411901e-01 -2.721376719104453556e-01 2.207220980507726971e+00 2.739877043398212919e+00 -3.201895781062114921e+00
1.197498409893529014e-01 -1.630444531468405178e-01 1.765226753512728064e-01 1.730199851252897103e-01 -1.054997642184776208e-01 5.779845444224434026e-01 8.840031015465427133e-02 -2.757109112931743766e-01 -7.168616317822822381e-01 5.616587277455664662e-01 8.490575849399597530e-01 -1.961714548339577036e+00 1.568102593219888874e-01 1.753395790368220908e+00 -6.326680436880041114e-01 -1.276483472970504351e-01 1.686281540841864768e+00 2.214864312643728184e+00 -2.724411626126886254e+00
1.178467079533645212e-01 -1.810355494630858653e-01 1.766392634212425872e-01 1.779426929940277624e-01 -1.502329064815629556e-01 5.325114629474065886e-01 9.309429178686121076e-02 -7.957162612787449518e-02 -8.309355116986480994e-01 1.406013797306191471e+00 3.498243738232176270e-01 -1.090099584932527232e+00 1.105909068337842527e-01 1.809187752085086309e+00 2.353820904141272763e-01 -9.794550407822351090e-01 1.893540953151491735e+00 2.740951318173584283e+00 -3.328616819716277320e+00
1.241334999998379152e-01 -1.949997912120530752e-01 1.809336185179792889e-01 1.567810908260018898e-01 -5.099250104016594953e-02 6.328375278375597546e-01 8.069834271970019457e-02 -1.965437379643351079e-01 -9.650144196626948556e-01 1.837302708712922339e-01 7.066546490538740954e-01 -2.063715327302892977e+00 1.144966712154635857e-01 1.175191456157159919e+00 -2.957835171376927974e-01 -7.747782981304096594e-01 2.184878533983937388e+00 1.761698257255300604e+00 -2.246977404320043892e+00
1.246627965925911630e-01 -1.865737355621535642e-01 1.800820334254263633e-01 1.586026785715493048e-01 -6.039395026107452491e-02 5.623644146801209942e-01 8.752812202628701410e-02 -6.408304850683990139e-01 -1.142690224360460860e+00 6.120965672025358018e-01 4.097118980087728346e-01 -1.980860421078984857e+00 -3.437921801202836747e-02 1.606632093231189273e+00 -9.382255478415846284e-01 -9.045411260889828498e-01 2.279815515773319312e+00 8.531924842918483520e-01 -2.100441062970521244e+00
1.171802111393720203e-01 -1.754312822241075875e-01 1.793081260252128717e-01 1.574233431839143771e-01 -1.125620544669565515e-01 5.835846795199612913e-01 8.678337732678841066e-02 -5.088662976328865994e-01 -1.072235426384499757e+00 2.449768063247157457e-01 4.564180921426919113e-01 -1.639697599731892552e+00 -7.488096458067161620e-01 1.775579080911629859e+00 -7.081260455419258193e-01 -7.570991395958523995e-01 1.089556713520750009e+00 1.873908938275718583e+00 -2.013956614427316438e+00
1.234890111339412289e-01 -1.854698906833918692e-01 1.769280099488371727e-01 1.617385381649639742e-01 -4.581407528067882318e-02 4.745463609452218456e-01 9.112037593525675050e-02 7.131491302193024850e-01 2.188767348098696885e-02 1.507536202473369613e+00 1.318223269712548884e+00 -6.924363779498001747e-01 7.417646039338086084e-01 2.509652991355294738e+00 5.650826035343285980e-01 -2.462001053589499833e-01 2.741974436907849366e+00 3.342892723502814079e+00 -4.927426617231796868e+00
1.192773712047992263e-01 -1.838294675335586104e-01 1.765108327924180820e-01 1.595685509821178627e-01 -9.799435243805809659e-02 5.750206262309598415e-01 8.707914510306152822e-02 2.571933667588677253e-02 -1.389397657963212573e+00 7.549642231439683826e-01 2.951347177916190390e-01 -1.621107496276966486e+00 -3.719371516477494310e-01 1.858344065341722029e+00 -7.751553807651099248e-01 -1.935341833841981440e-01 8.605817786281964032e-01 2.555476262721980696e+00 -2.327829734365413294e+00
1.157136403305078498e-01 -1.788380243950978832e-01 1.757650213493334723e-01 1.606794309070063154e-01 -1.283832342356130418e-01 4.613465637830791444e-01 8.796188143910457780e-02 -2.738866494668235063e-01 -1.106607143308266927e-01 6.542444451248137227e-01 8.137367989832906545e-01 -9.116683150219104803e-01 -2.028359188093320498e-01 2.287456467962663886e+00 -1.438628432253343803e-01 -5.642397812814001767e-01 2.807124919438885868e+00 1.907578907704275295e+00 -3.418453712849260029e+00
1.199809948563831663e-01 -1.795048738499531726e-01 1.790467761739565900e-01 1.582070376477143769e-01 -7.865280124247409077e-02 5.106763001149476899e-01 8.181710775806957936e-02 1.075335125765500166e+00 -5.657973101671007754e-01 1.747412038375198762e+00 8.767242377680428689e-01 -7.028649640549966549e-01 7.113982361460982062e-01 2.018571971280733734e+00 8.490333807496579510e-01 -4.359754318487940594e-01 3.507489882963559680e+00 2.007049266105621399e+00 -4.436266843088850997e+00
1.276691299256129397e-01 -2.033949154187806863e-01 1.823806536277583490e-01 1.370511339711582011e-01 -1.562234275275968809e-01 5.624450358022232699e-01 8.391331906489842007e-02 -5.731281265136267677e-02 -7.573534513933317669e-01 6.150734215554987117e-01 7.744357422590901763e-01 -1.782064544939608197e+00 2.849528002818253469e-01 1.481900835847950404e+00 -2.752011930286615282e-01 -3.392896296498140174e-01 1.602514019135287349e+00 2.423617457295643263e+00 -2.772303685606680279e+00
1.218142299863494427e-01 -1.789406014532300970e-01 1.784713804852835206e-01 1.580792487385693779e-01 -1.093846395046639275e-01 4.480790865011612389e-01 8.946713110261973745e-02 -4.524305448928576112e-01 -1.051642932321716017e+00 7.694309716561829049e-01 6.526282536849112859e-01 -1.910350161090717425e+00 6.380590803669328182e-02 1.932740633930012386e+00 -1.119856693102732947e+00 -6.110875210316546458e-02 1.294373190828054021e+00 2.130807381097955755e+00 -2.473064804577685738e+00
1.246705880398239485e-01 -1.959186987028047056e-01 1.802239610239445566e-01 1.518059525562860390e-01 -7.746108128130213544e-02 5.704239622257754050e-01 8.223696771371036274e-02 1.113334350361204983e+00 -3.047232367262298069e-01 1.245915615957960298e+00 1.508047912524467904e+00 -1.203176284815986818e+00 1.038621080159956023e+00 2.333341900100295518e+00 -8.601004273032319958e-02 8.478551648283003672e-01 1.686055724127565547e+00 3.719977565610703252e+00 -4.477135957486714446e+00
1.246605273406612702e-01 -1.842924644207105112e-01 1.805276906730141628e-01 1.617647021027823762e-01 -1.522797096461601107e-01 4.829406287616420101e-01 8.272435496640874464e-02 7.358179373241640064e-01 5.185697287052173365e-01 1.011696560426058156e+00 1.920527689685785688e+00 -1.083609384663202224e+00 1.237987115011399908e+00 2.466010539276185298e+00 3.231533618362973925e-01 3.440060896657080036e-01 3.404328787916693244e+00 2.321597676588021741e+00 -4.974775033127042612e+00
1.229400254354728328e-01 -1.992515321955951046e-01 1.808091257490421488e-01 1.426207445221047143e-01 -1.221758495349711815e-01 5.300176547419117590e-01 8.854633170323936153e-02 2.455169090570050727e-01 -4.415173835649195411e-01 8.118925998027384239e-01 1.101483271453834512e+00 -1.304672287107349504e+00 3.276684609022053607e-01 2.126020761920268676e+00 -3.030061977298839082e-01 2.982610067192803527e-01 1.273544760901692996e+00 3.013484980798979862e+00 -3.557058523608810585e+00
1.210362651669164014e-01 -1.771559509920469511e-01 1.795143703484687880e-01 1.595733338307083748e-01 -1.651225169653560698e-01 5.232764356652381821e-01 8.795051268514633702e-02 8.756925750151278720e-01 -8.657238961485260731e-01 1.374222384299509159e+00 9.414441458148701258e-01 -1.425994556802677948e+00 8.759853015527561126e-01 1.792907737154910919e+00 1.604281820397606140e-01 -8.966864613937808315e-02 2.569330031695389316e+00 1.664255970440466470e+00 -3.866234517258968939e+00
1.220694722870772631e-01 -1.891580471535898034e-01 1.767632389711325247e-01 1.630002629973560380e-01 -6.300197420415143412e-02 5.866313364434181388e-01 8.432420101969285986e-02 8.044059554949907209e-01 -1.367684211477593337e-01 1.171189477924270861e+00 1.595744946341561388e+00 -1.045955917401327540e+00 8.715842355975231825e-01 2.070484337212867842e+00 5.396935846096280187e-01 1.364780221108761182e-01 2.372002025507889300e+00 3.263431883831341196e+00 -4.564071482696553161e+00
1.167027445091483873e-01 -1.688952856681510406e-01 1.788521253262019273e-01 1.620221327757849217e-01 -1.771623423345145554e-01 5.426805675083059555e-01 8.579764131271369609e-02 -5.235334973265723946e-01 -1.130861181962466766e+00 6.953474248044955175e-01 4.066240438375441357e-01 -2.040505210510335399e+00 4.441033881348239731e-01 1.091487554692954554e+00 -4.896083628336924676e-01 -4.917486197889058275e-01 1.770706696104607403e+00 1.535703898195579953e+00 -2.328860156770154788e+00
1.261973052305772891e-01 -2.064196246162123827e-01 1.834361106494459825e-01 1.505471239847540055e-01 -6.549134368734021994e-02 5.261785469612543231e-01 8.841823702884388236e-02 6.919578942725657100e-03 -6.448416357792288167e-01 1.097920851213305404e+00 7.990048020935045514e-01 -1.265978090674400036e+00 3.613374836053395711e-04 2.209773821549669393e+00 -2.653275265109256154e-01 -5.072518685751363776e-01 1.774051571329014365e+00 3.069416785164225558e+00 -3.341488610660410252e+00
1.233368936420577155e-01 -1.984958974935680520e-01 1.809377995798630290e-01 1.575569417996310895e-01 -8.481041993361926323e-02 5.936686530181267685e-01 8.674653351452990546e-02 1.373403622320621409e-01 -2.889595521476593376e-01 1.302707518939861586e+00 7.469150322421560517e-01 -7.222116213771743176e-01 3.771417512995567378e-01 1.932987752217876221e+00 4.680107130937081195e-01 -3.940211011368397465e-01 2.071489168955706006e+00 3.723170476651278094e+00 -4.001007853961083605e+00
1.237258812090177018e-01 -1.882547557546279116e-01 1.797105522212996964e-01 1.563238857657489600e-01 -9.096753033088500473e-02 4.745583083575364292e-01 9.038014739728450486e-02 -7.928379477226439320e-01 -3.756284749473959295e-01 3.392145527079968303e-01 8.795567315865024938e-01 -1.947779736178997467e+00 4.459706549987876301e-01 1.313441175529105109e+00 -3.901220792311512753e-01 -4.909973823395725745e-01 1.408069773909876865e+00 2.613900865813199914e+00 -2.618580249099843105e+00
1.175891664793727587e-01 -1.767395716810474804e-01 1.749680651488003946e-01 1.706761012924898901e-01 -7.307378529986763294e-02 5.206307275734403106e-01 8.813234617996841547e-02 -1.852222715451201651e-01 -1.027044924872474674e+00 9.498217722560475806e-01 3.897838941398319434e-01 -1.669359661964310959e+00 9.860500248016457192e-02 1.763007834612521307e+00 -4.611137420315101210e-01 -4.320679381844350075e-01 9.557201723530974746e-01 3.122450378091519596e+00 -2.656305878060897907e+00
1.117139254246083124e-01 -1.689212167267925557e-01 1.729668549428446667e-01 1.724005484820582135e-01 -1.484767343115307447e-01 5.539399490544156812e-01 9.286006122617036784e-02 -4.512466824982457325e-01 -8.935249665062192648e-01 7.307266589171570459e-01 5.491066744005959066e-01 -1.582497303796231325e+00 -8.101779050138180338e-02 1.566329624856249936e+00 -1.186728875673628281e-01 -1.203047536364558745e+00 1.467676025985743316e+00 3.182742591848287006e+00 -2.598750665551230465e+00
1.106184418096990696e-01 -1.691205764101818554e-01 1.741224405186384550e-01 1.705396298184227444e-01 -1.673111724717747384e-01 5.662253857486101438e-01 8.605299107402716863e-02 -8.926097382436068983e-01 -4.621720537258049433e-01 1.661397034339451295e-01 9.216842115678094416e-01 -2.056823299465290411e+00 1.512816693856722239e-01 1.408091996281802594e+00 -4.306576091409546336e-01 -9.905968232053732336e-01 2.187863508613807184e+00 1.941405492848388370e+00 -2.474970360658366175e+00
1.151554428489717508e-01 -1.866210397266252485e-01 1.775969017146489803e-01 1.574752340892258129e-01 -1.316286801184199939e-01 5.775112998371261241e-01 8.427909032051197902e-02 2.506962991679007047e-01 -1.046303713078362119e+00 6.298951967495591830e-01 7.373859553568182790e-01 -1.448404269748686080e+00 -7.513834706969824140e-02 1.698663815459859450e+00 -3.444140531351491674e-01 -6.427633186617267569e-01 2.295319388700637120e+00 2.291153368641404953e+00 -2.809081610008321572e+00
1.211881884261732101e-01 -1.799773695081552383e-01 1.767339404129618929e-01 1.637813435020210040e-01 -4.328559603532899924e-02 5.415077611309051520e-01 8.560424784050613134e-02 7.425554492602071122e-01 -8.518642075110793854e-02 1.125333810016215352e+00 1.470476542204571579e+00 -1.018168526989895462e+00 8.344858146414724231e-01 2.258067929415117803e+00 1.471829886547082467e-01 3.486525065016721214e-01 1.941905674677918192e+00 3.443402706471498931e+00 -4.512650266143396038e+00
1.165896917513060405e-01 -1.796516335975849588e-01 1.756249743169425170e-01 1.574776124017384094e-01 -1.671396339351088889e-01 4.820771894810396141e-01 8.871270362296426737e-02 -2.779238842744815585e-01 -5.836656038643326383e-01 9.632585597923135623e-01 5.729179659319347806e-01 -1.382288173453002145e+00 5.978556061413797806e-02 2.100487241959915430e+00 -4.372739995854297845e-01 -8.049061363374834244e-01 2.077403259339258845e+00 2.798189617741440038e+00 -3.094492574177191369e+00
1.242939468309637585e-01 -1.866812647165244088e-01 1.793262892821148313e-01 1.556405619090711623e-01 -1.447523981363812995e-01 4.553995857833630367e-01 8.844131497230911521e-02 6.290476269491920291e-01 -1.720362381759628079e-01 1.014593710302996499e+00 1.858101015802285261e+00 -1.620482279917239143e+00 9.604119834488908936e-01 2.356643237678149205e+00 1.749066147737448063e-01 -1.844019252220068239e-01 3.130021820090858498e+00 2.087966037746161518e+00 -4.409088642454544349e+00
1.289739132272334776e-01 -2.093193804720758222e-01 1.814873924377651826e-01 1.521739875361566297e-01 -9.858264602201327609e-02 5.377497069098704507e-01 8.385649950160684041e-02 -4.791777930256406748e-01 -8.839017139709923754e-01 2.947793049105680296e-01 6.606643136158165674e-01 -2.005686869806106998e+00 -2.649676653224020129e-03 1.574845302887922571e+00 -8.981472265027701241e-01 -5.067854453511442259e-01 1.902425336853847959e+00 2.177327492226785566e+00 -2.186252499554845130e+00
1.271557232438908225e-01 -1.992411472573182851e-01 1.809773435764193694e-01 1.543575118470245089e-01 -1.857472157573101246e-01 5.205077737050212150e-01 8.052456395309551263e-02 5.577114729572940632e-01 -6.625943158376088604e-01 8.499808161626729586e-01 1.045011505894097859e+00 -1.563365247799179514e+00 7.616540111322587236e-01 1.666311680298978359e+00 -1.427855495885310688e-01 -9.600935013224898285e-03 2.257247491215456314e+00 2.155322760935426629e+00 -3.387313526009977593e+00
1.181507055553835395e-01 -1.686226979830505734e-01 1.742263113807340225e-01 1.728763067765667349e-01 -1.549707045663168969e-01 5.968011120363083677e-01 9.048916429858738786e-02 -1.233274060345870282e-01 -1.042938784433691257e+00 8.046020242238753895e-01 5.234713743419403542e-01 -1.549192797372594299e+00 -1.671959873216595227e-01 1.980199716921543285e+00 -8.800535840982224300e-01 -1.169078692119445151e-01 1.439200008753472204e+00 2.653890828186074913e+00 -2.679691862935263291e+00
1.137480227615744466e-01 -1.816056100769966597e-01 1.762041062218442089e-01 1.631878769528770645e-01 -1.003880476294327639e-01 5.170595703005518295e-01 8.509629845153966754e-02 -2.722934784049249046e-01 -1.068695433857894450e+00 4.138377472223275788e-01 5.490927790569211098e-01 -1.929293190396739632e+00 -3.493468891002349253e-01 1.944112073077236325e+00 -1.392978184172865674e+00 3.136786358698948618e-01 6.291881633084788206e-01 2.405196286011279660e+00 -2.206230404451659410e+00
1.229951978228412401e-01 -1.876515958486935087e-01 1.799813772504365583e-01 1.660449581181717704e-01 -1.787141331136142819e-01 5.525287663596314403e-01 8.620254971851608328e-02 -9.737875895384640046e-02 -1.049932037518572780e+00 7.430318245208002992e-01 3.238166569939711081e-01 -1.473669705204494917e+00 8.704996464909076082e-02 1.038405269389690133e+00 1.689963467102781891e-01 -9.470937835065909027e-01 1.871226626477804800e+00 2.057323813859643913e+00 -2.472855681531234584e+00
1.146610189743786090e-01 -1.775071347926116538e-01 1.714485784740047980e-01 1.727097287019259131e-01 -6.748512481506374616e-02 5.818798122970658682e-01 9.122836328301969777e-02 -5.414305099663589971e-01 -1.132158932463243062e+00 5.658733747921402824e-01 4.660571425584798533e-01 -1.977482251384642176e+00 -1.576132701889356724e-01 1.611425380618451086e+00 -5.701156856221665237e-01 -1.381840714254637170e+00 2.252444210581594497e+00 1.594151421813774228e+00 -2.111441488906740105e+00
1.183221326533814843e-01 -1.803587147056743833e-01 1.799048654529404878e-01 1.681287718348120075e-01 -1.448775615191453259e-01 5.277428095840837052e-01 8.657124954047384913e-02 5.416455378577911262e-01 1.511434041628323399e-01 1.123644012760167676e+00 1.624949283739026029e+00 -1.079292987000411763e+00 9.042318338786774490e-01 2.041721086954023434e+00 7.291807558816696400e-01 9.211046113983378802e-02 2.759827748869923880e+00 2.608116559220670538e+00 -4.665474278267706332e+00
1.236838754658943773e-01 -1.850527340940674725e-01 1.761699830356013297e-01 1.635619628529384473e-01 -1.076097712431177689e-01 6.037501604557498069e-01 8.426645550706264587e-02 -3.201450071325870894e-01 -5.310116638485027352e-01 6.196432123772570577e-01 5.526363064418617910e-01 -1.436396721541375321e+00 1.564470886575408670e-01 1.829393744815964951e+00 -8.387968794340370238e-01 2.732488922488798266e-01 1.476787945799536317e+00 2.232200017216586119e+00 -2.880806626956847083e+00
1.170052646660236506e-01 -1.709572339991310974e-01 1.781514978163099283e-01 1.582110931665783315e-01 -1.447704400842265704e-01 5.464656943185750571e-01 8.491344890551660862e-02 5.567357719961592011e-01 -7.169805738692485164e-01 1.293076261168625507e+00 7.840397121930440250e-01 -1.049610795614476011e+00 3.506685376168583446e-01 2.221612599729864357e+00 -2.965942311654341523e-01 6.653909507863362549e-01 1.629486886092043285e+00 2.693979619165691730e+00 -3.822444753709744347e+00
1.272769822533536543e-01 -1.870461314486870363e-01 1.818835385782331948e-01 1.569013490661369525e-01 -8.809161489954342450e-02 5.513740381065792562e-01 9.122212197400020317e-02 -7.043156551579166091e-03 -9.165278857374001831e-01 1.079339962737860148e+00 6.574086697538135127e-01 -1.598230676365138159e+00 3.605606772079994471e-02 2.118016242781781244e+00 -4.369009853384264730e-01 -4.269090862400792830e-01 1.510985101365593941e+00 2.391111420603997395e+00 -3.004498116655893725e+00
1.213873208994718789e-01 -1.942412731637886969e-01 1.755240243627139429e-01 1.640195133348423262e-01 -1.276104883681187241e-01 6.109308610311936505e-01 8.832230944343046064e-02 -2.667012575549740916e-01 -9.703573758163352991e-01 3.279813471742922815e-01 8.909276596415152127e-01 -2.109317634391167928e+00 2.333629492837552277e-02 1.819614452788885117e+00 -7.200648515317524812e-01 -1.079237082095736433e+00 2.023552231070270047e+00 2.257283334186466206e+00 -2.382398506722087639e+00
1.239554025076862465e-01 -1.891123998437790887e-01 1.818288291897454945e-01 1.588290966122172243e-01 -1.796857333105845722e-01 5.813423513619841998e-01 8.803373598909178255e-02 -3.849282766921566790e-01 -1.262159235704634064e+00 6.298305303578395353e-01 1.862943544394157769e-01 -1.571158142857786988e+00 -5.493386703501919044e-01 1.889785133216264512e+00 -1.226172591249097277e+00 -8.546488057888357304e-02 1.284058928945501776e+00 1.842763275794294664e+00 -2.002405028460602310e+00
1.192658832417318460e-01 -1.830935135525382229e-01 1.798441405464908938e-01 1.570638851044260376e-01 -1.342334465057359871e-01 5.518729803827397973e-01 8.590115627732822223e-02 9.068755716539182998e-01 -3.717732634945560832e-01 1.412578777806309915e+00 1.147877842354747102e+00 -9.362645686948027901e-01 4.108545697435666000e-01 2.685191208080719427e+00 -1.364611864346816361e-01 2.441540680276723663e-01 3.127297280195788787e+00 2.124971248120390399e+00 -4.433621827377192126e+00
1.229867638408242425e-01 -1.849741807899067392e-01 1.788050776973610090e-01 1.522277642711823420e-01 -5.133888685272547381e-02 5.649828812099149111e-01 8.933086696353220724e-02 -7.752703978628616710e-02 -6.239070179543588779e-01 9.317849104225883750e-01 8.474615874118676118e-01 -1.556425080707446451e+00 1.778614625441887753e-01 2.277353327928240745e+00 -8.596378221742693171e-01 -3.714437601665210309e-02 1.622165764318753922e+00 2.828840350031649464e+00 -3.232526269783116302e+00
1.220926581808002842e-01 -1.973103946885765847e-01 1.772155219465338105e-01 1.633640735554674484e-01 -1.542311787248921151e-01 4.941244277028484788e-01 8.881144565358473075e-02 7.182761641664008323e-01 -1.546787531159655060e+00 1.510443139199533213e+00 4.794478595766022977e-01 -1.416852604582752306e+00 2.560656318536294052e-01 1.823284278485649779e+00 6.215828280040014420e-02 -7.980506744319306733e-01 1.920062354795141424e+00 2.714325372397750513e+00 -3.162122877283447320e+00
1.164844178025516430e-01 -1.735530084180150756e-01 1.799791438872544724e-01 1.497643735365490336e-01 -9.615213426292823495e-02 5.813918610361974437e-01 8.523353272558845117e-02 -4.176113482080126005e-01 -8.033886380028381069e-01 2.755592292426820578e-01 6.639519333976986459e-01 -1.808028220262298369e+00 -1.858577276816228974e-01 1.610853459951238520e+00 -4.263190114431409938e-01 -8.826310711664850928e-01 1.219510139262563797e+00 2.885123303987569443e+00 -2.337220584681638513e+00
1.166443431806802600e-01 -1.687032880080682751e-01 1.741638912132939532e-01 1.692809149817231518e-01 -1.119519147908234480e-01 5.217113347570205839e-01 8.997100236054930700e-02 -3.491571613864046242e-01 -1.159094860590501153e+00 9.026862863557276739e-01 1.270716165499328199e-01 -1.229732200380789564e+00 -7.680898622993703739e-01 2.396023444212475262e+00 -1.356186158193400715e+00 -3.265810818279355487e-01 1.855345769002489931e+00 1.559391933836000277e+00 -2.378237503244680084e+00
1.223912239808674085e-01 -1.959491032067565142e-01 1.798061172245011829e-01 1.469072838339152698e-01 -9.400285185443002511e-02 5.782015019031581105e-01 8.349258842351287013e-02 6.273964377361149758e-01 -7.857385452814460436e-01 1.007122247878132981e+00 1.042549876927735042e+00 -1.391214817192288233e+00 5.622674238547418213e-01 1.919905417241450252e+00 1.268406516314879440e-01 -7.797691877152903572e-01 2.824880783047053256e+00 2.251263050394236132e+00 -3.576647442834592017e+00
1.257238743563265371e-01 -1.858277101176545876e-01 1.798406442737374711e-01 1.605636214717522936e-01 -1.338932612823817703e-01 5.143644960817930212e-01 9.026784303807999787e-02 -9.186831401916366602e-01 -5.712393110276376973e-01 1.280423935472585484e-01 4.463113786427905794e-01 -1.818424744415019667e+00 -1.058375826429056588e-01 1.225221761800049158e+00 -3.779078775495383624e-01 -9.222436805708937868e-01 1.788252197573342528e+00 1.216879360624007589e+00 -2.013480714172900754e+00
1.132042801742955962e-01 -1.752537777705759914e-01 1.763619403643230388e-01 1.565047368594110200e-01 -1.444103751168769323e-01 5.289018515534871234e-01 8.253305777263798826e-02 1.836945472181650274e-01 -1.093811421482440149e+00 9.099651757988782563e-01 5.482223270408876914e-01 -1.512879767283166199e+00 7.366947901931197862e-02 1.704400578346189299e+00 -5.852842717166870656e-01 -1.831841677831134163e-01 2.041172408437683217e+00 1.478148537256329220e+00 -2.837237815068391011e+00
1.188186536882855915e-01 -1.738605972566530378e-01 1.766076290647644598e-01 1.599032293595791243e-01 -1.048865148841767736e-01 4.801755555990161461e-01 8.514839713977662150e-02 1.226744802911142074e+00 -7.883705026494798318e-01 1.637013454437123094e+00 1.224059022191389623e+00 -1.050197029137321714e+00 8.836130228072001103e-01 2.189050915232865435e+00 1.197856821261478188e-01 5.553214247083371191e-01 2.348122620542501870e+00 3.142542719185193789e+00 -4.487825395479792867e+00
1.154876593732782619e-01 -1.781004440027751379e-01 1.777587605532357229e-01 1.575355886752271006e-01 -3.567456364327314944e-02 4.991591965358437299e-01 8.789646119921873391e-02 7.673065088526538347e-01 -6.838737771304126412e-01 1.012167702176093087e+00 1.294130828778392583e+00 -1.539054471235144383e+00 5.633431771499894936e-01 2.233846048632818437e+00 -2.435566749200992476e-01 -5.318080746704278994e-02 2.463010237666774849e+00 2.333288680626822931e+00 -3.804031633839428217e+00
1.193788747923053561e-01 -1.827056896547607501e-01 1.761822024252718832e-01 1.591495509083833415e-01 -7.902935583352665994e-02 4.597357422966705798e-01 9.240442091777331668e-02 -5.508052887030245870e-02 -9.618830068767501018e-01 6.549952385138189115e-01 7.520566887994704075e-01 -1.771844598323723652e+00 1.310386584998823878e-02 1.586277472821534751e+00 -1.754639336510415148e-01 -7.168104503057275423e-01 1.154028629944320095e+00 3.024675912346603823e+00 -2.585549586785551135e+00
1.215384250400360078e-01 -1.831959048585491967e-01 1.782263138129945024e-01 1.620176643804244199e-01 -1.551242611584275899e-01 5.079831135564218947e-01 8.742276264285653298e-02 5.990620925895306925e-02 -1.605487922093717490e+00 7.717716639300666870e-01 2.187410734128718559e-01 -1.402734846722846651e+00 -7.586523662539264024e-01 1.855155088311262190e+00 -5.787574875472074609e-01 -9.470213679357177838e-01 1.442385351304427132e+00 2.294011973649450198e+00 -2.136074923827689709e+00
1.225903698282650722e-01 -1.898983197775648279e-01 1.783277873388991186e-01 1.646462128880847864e-01 -6.759106937836800721e-02 4.548814490135111299e-01 8.816361311632192610e-02 -8.202682407577901458e-01 -5.981944819830378179e-01 -1.961337671757767964e-03 8.508238841641393435e-01 -2.017742109746767820e+00 -2.122879356327098677e-01 1.537031478568785303e+00 -4.029133991932338787e-01 -1.359896672737870293e+00 2.395284351003312828e+00 1.398504050149178113e+00 -2.075903245158045696e+00
1.177496009141479338e-01 -1.780822204802493536e-01 1.802756548904048683e-01 1.614379904524274600e-01 -2.182235807685818374e-01 5.387758591927789276e-01 8.762881328347203735e-02 -7.912284679934185050e-01 -6.939554137767887099e-01 1.996936191017182338e-01 7.740758949242918519e-01 -2.215963636168271300e+00 5.308788557900623317e-02 1.524689157283660279e+00 -8.474963058940083727e-01 -1.896756721942480794e-01 9.848077826626102649e-01 2.257924740921087192e+00 -2.174380259787336733e+00
1.132757960495285043e-01 -1.721167527532698749e-01 1.769669875721554264e-01 1.716833733408158480e-01 -1.051371883407756780e-01 5.157132725993092137e-01 8.774040330218088601e-02 1.243684773652073972e-01 -9.435380425520119019e-01 8.840993018292522265e-01 8.600619361769687998e-01 -1.709789091986546605e+00 2.984529515041582926e-01 1.889029946528637538e+00 -7.873387116656340723e-01 3.606974804762055342e-01 1.158949207615512123e+00 2.787859145655541937e+00 -3.010928762350908006e+00
1.158355213992408039e-01 -1.726266624143151796e-01 1.780931918817452997e-01 1.668816635378040925e-01 -1.521962290414534680e-01 5.005968984672453104e-01 8.818409648741051821e-02 6.530577499420182619e-01 -3.426783523555059219e-01 8.121230769758387424e-01 1.669509032124260273e+00 -1.375784214821702989e+00 4.006045116973346865e-01 2.480547638147669431e+00 -3.298712896928126526e-01 4.459333519603720930e-01 2.361830111446971969e+00 2.052333153012568800e+00 -4.109317543455242472e+00
1.118606049642530131e-01 -1.680084795056008273e-01 1.749650593782287600e-01 1.790135621901695062e-01 -1.134962269015107328e-01 4.640735286642798663e-01 8.937212834765212444e-02 1.535867713933285472e-01 -1.133694515107822376e+00 1.040985619081564728e+00 6.082958657010077985e-01 -1.665299236574239394e+00 4.733222001596750772e-01 1.518954986568279431e+00 -4.546300056248009369e-01 -1.185943215857223620e-01 1.524603590240616313e+00 2.227564744069726821e+00 -2.937702190729302831e+00
1.225422277215577060e-01 -1.981182708117917302e-01 1.801705699243186520e-01 1.534135476606972581e-01 -8.502431449997782664e-02 4.872806956338990858e-01 8.521609353651829477e-02 -7.987294982509087760e-01 -5.362693027754996677e-01 8.686156526754373886e-02 7.040598839925351626e-01 -2.045850957055876052e+00 1.967654309348851882e-01 1.188749919994428694e+00 -5.611752692798805953e-01 -5.961644940656878333e-01 1.107725607120002564e+00 3.145366778636290661e+00 -2.154707033183605347e+00
1.236431772006254537e-01 -1.772268290033852667e-01 1.783442313156030357e-01 1.700305280978532396e-01 -7.946236997764710708e-02 4.787605141629613925e-01 8.363650711104583801e-02 -4.682254592013546102e-01 -9.505277775349831870e-01 3.150644852011925678e-01 4.839342583117787200e-01 -1.844972008010725251e+00 -1.953044420015768168e-01 1.314631553895171834e+00 -3.617813332989250341e-01 -6.275676268660355106e-01 1.518118415988870318e+00 1.629994280950024077e+00 -2.094276680983826466e+00
1.138360200393165322e-01 -1.701116822470639112e-01 1.756938867153591266e-01 1.619694344401561015e-01 -1.356799779660273764e-01 5.451689663159258181e-01 8.730595468209026433e-02 -1.031680056620161601e+00 -7.249561282498984127e-02 1.902834647479902941e-01 8.419975378054100901e-01 -1.693192758063583714e+00 -1.336788021727839393e-01 1.965428505321249020e+00 -5.949338900530865004e-01 -4.519177185975680189e-01 2.048283159111234930e+00 1.268378015481347099e+00 -2.727524454820835054e+00
1.171842900970025692e-01 -1.707984320779385445e-01 1.772518045927653496e-01 1.644297555281292178e-01 -1.058897427806277936e-01 5.374912110413849753e-01 8.212624801576479117e-02 1.481795968475639214e+00 -4.947801268576439426e-01 1.638586920093536570e+00 1.510193722807625427e+00 -9.957996703421088114e-01 1.227180238994353800e+00 2.111766966508577426e+00 1.002030044895142247e+00 -2.421021781637060499e-01 3.180851341490074091e+00 3.080262787257488810e+00 -4.850093770051320696e+00
1.193479498789751791e-01 -1.689220757494847569e-01 1.764299591683926305e-01 1.791964162365685675e-01 -1.449798933542667534e-01 5.660903428776684621e-01 8.745650190304030125e-02 -2.333749805343021677e-01 -4.451728082952319809e-01 7.665112936049967018e-01 7.567307177489510650e-01 -1.394534884267482067e+00 1.501971928838017334e-01 2.095629872242245284e+00 -6.983666548000986296e-01 1.964910190636128817e-01 1.793098726493744799e+00 2.337988841155711484e+00 -3.227552431855331694e+00
1.240011519084447678e-01 -1.919555569663711214e-01 1.803084911887695430e-01 1.540448215774197216e-01 -1.537135160800593425e-01 5.365709284899939924e-01 8.393043545870601529e-02 1.720593738526172700e-01 -1.073247813835712883e+00 8.434242125321276262e-01 3.890399623240226035e-01 -1.310792352979403219e+00 -2.392709780726525182e-01 1.801745198092588041e+00 -3.308495884741100568e-01 -1.741648062038763101e-01 1.054701626748256515e+00 2.931672060119483447e+00 -2.733259876480858885e+00
1.171318437622519970e-01 -1.913052294511073947e-01 1.778961937040645092e-01 1.703767230753450157e-01 -1.719379628920858494e-01 4.775721023765706619e-01 9.016854963393711175e-02 -5.539162379373836487e-01 -5.061783815421438959e-01 8.842520580588946189e-01 6.115104756398608288e-01 -1.535988846114683781e+00 1.818763166786840912e-01 1.782433951786331683e+00 -2.649446352296784823e-01 -5.673856168932207567e-01 2.277422502128166215e+00 1.514434524799408877e+00 -2.999969273441467799e+00
1.169935525602072979e-01 -1.801036898430896094e-01 1.742266129763464233e-01 1.639956413807550639e-01 -8.887364203153325093e-02 5.637611467314331826e-01 8.345219204729095730e-02 -4.511456607251131956e-01 -2.390901523690747155e-02 7.299726165469770933e-01 7.656422889652230168e-01 -9.513164508589424528e-01 -2.654263358888542257e-01 2.418263232779018779e+00 -4.512641013670970480e-01 -1.922508490421481753e-01 2.266985976250132317e+00 2.656731802613600202e+00 -3.468374967539411990e+00
1.202140919446843537e-01 -1.718228938218179791e-01 1.776448798495122994e-01 1.767336074074120633e-01 -1.271633548395809665e-01 4.689759135287099312e-01 8.697804547752530091e-02 -7.169928313695610456e-01 -9.797444120452896144e-01 5.053543356868184233e-01 6.781709810422853479e-02 -1.492263693304861860e+00 -5.524030597514340002e-01 1.727013857221733950e+00 -6.524077962921870366e-01 -8.770113070684484313e-01 1.728520248538839787e+00 1.619655371615953854e+00 -2.011363534268147291e+00
1.147092811819948877e-01 -1.791960809313226655e-01 1.740744937831346373e-01 1.672371489164053981e-01 -1.147431426616080108e-01 6.454826921349079427e-01 8.675066249862245504e-02 2.233936777746077240e-01 -6.593713964699041696e-01 1.066031803831978486e+00 9.854009524940821052e-01 -1.455779436556340123e+00 3.447939994824640308e-01 2.170880672535369094e+00 -4.316696859435094069e-01 5.276463177384727032e-02 2.211620017887524270e+00 2.054263386386731227e+00 -3.638957714291598311e+00
1.213410313963395326e-01 -1.929100580853370661e-01 1.796003955030050503e-01 1.535004996953219791e-01 -8.094298609617345264e-02 4.671109029684186176e-01 8.739216034509987574e-02 6.444231825703194971e-02 -1.257235444280672798e+00 1.033995124297230284e+00 5.765869796607407949e-01 -1.897631700450942205e+00 2.101390648098320213e-01 1.600188686807221927e+00 -3.811498495879774850e-01 -8.912205885962416474e-01 2.441248682911837165e+00 1.744472385826560945e+00 -2.628300980043927204e+00
1.164223879483423651e-01 -1.864923380725627688e-01 1.773969982797589662e-01 1.668755127637522317e-01 -1.068356109691417366e-01 5.428075735100819088e-01 7.966676222794588647e-02 -4.262747479173834009e-01 -4.638835513617332040e-01 3.320826838663260006e-01 7.281914119934995711e-01 -1.615935115712470171e+00 9.366368204922892460e-02 1.459166170718613209e+00 -4.544192605852153122e-01 -4.191447137149593161e-01 2.235151156104972614e+00 1.794370614449873003e+00 -2.695280044496873639e+00
1.174517216179416790e-01 -1.759498393531316873e-01 1.747334648655200218e-01 1.749977774325657265e-01 -9.311053518941703189e-02 5.888096989529612024e-01 8.471564163329886599e-02 -4.670308252467618715e-01 5.689961801384999518e-01 6.816009039706596440e-01 1.359093495774096105e+00 -1.126117578624847848e+00 7.104959171894265069e-01 1.965112868111470235e+00 4.063292897896220168e-01 -9.359080095336658189e-02 2.672950460966387887e+00 2.779406999219884433e+00 -4.173506902820804498e+00
1.185994046064117180e-01 -1.829525902130642590e-01 1.813764159964840750e-01 1.462581648620213670e-01 -1.085715123010611016e-01 6.070568715203559229e-01 8.670731167294534747e-02 2.286341190622547259e-01 -7.158289431721502893e-01 9.101522928106851040e-01 8.458368477745592529e-01 -1.195438155821161530e+00 -5.496119857619863325e-02 2.263171252094261732e+00 -3.297139806289530739e-01 -2.880176467971331533e-01 1.831663251983539631e+00 2.744568004078892898e+00 -3.388314732076342040e+00
1.238616344809014280e-01 -1.800573716567258620e-01 1.787717473726261608e-01 1.648677239241816972e-01 -9.200043088664011659e-02 5.957427324901236609e-01 8.310880049320493179e-02 4.577180457952483295e-01 -4.924343438692710961e-01 4.863969567155930207e-01 1.444763736100425966e+00 -1.686696710100737295e+00 2.756086988515864533e-01 2.194027488408570647e+00 -5.815055122754557715e-01 4.069863298597011791e-01 2.094036609822159889e+00 2.127875422152214924e+00 -3.433722559205798941e+00
1.224522381826350648e-01 -1.778413255501369306e-01 1.800799907102233199e-01 1.551767939713870614e-01 -6.515156099611174589e-02 5.422588688854630412e-01 8.400224706572408107e-02 -6.880680649178341213e-01 -6.551946314762044921e-01 -1.643791040911679602e-01 9.572461513104730813e-01 -2.423984591967793811e+00 2.053869876936751382e-01 1.194854471691323639e+00 -3.723145566094192560e-01 -7.679209043012713565e-01 1.332654349935591398e+00 2.130237339352851755e+00 -2.038057997919117792e+00
1.174672355479054464e-01 -1.739950827302851888e-01 1.770525841883444917e-01 1.658297876275603988e-01 -1.371092276506539198e-01 5.874304500436555720e-01 8.694758010724949748e-02 -8.997758583524575471e-01 -4.789894925498874301e-01 -1.298175397278189536e-02 6.748457880093159389e-01 -1.902205885844705957e+00 -1.497402103881366742e-01 1.736824160377567594e+00 -1.000385024869060224e+00 -8.152844131948642215e-01 2.211514725650385316e+00 1.587829656961798008e+00 -2.156103873876647814e+00
1.220920055102054369e-01 -1.979573862125028061e-01 1.795683822644593974e-01 1.595714729473494131e-01 -1.310362110151125359e-01 5.199082364238352127e-01 9.313154013873781167e-02 -1.914415375772193784e-04 -7.590582999106523232e-01 6.924073143144759968e-01 1.077454425253561610e+00 -1.547938780983338702e+00 -3.482613767888755874e-01 2.431939934643612133e+00 -4.514741571351184035e-01 -7.316777858156653380e-01 1.806593659348310510e+00 2.982728967367538786e+00 -3.048555423267482745e+00
1.250170843217852656e-01 -1.917308389389922318e-01 1.772411873235117952e-01 1.591718228766560994e-01 -1.196549205521878489e-01 5.290355507427269011e-01 8.171879217192004607e-02 -7.849115208903807428e-01 -4.092695840269042762e-01 -9.495895746465699006e-02 8.496805733488983492e-01 -1.932397559472720516e+00 1.916140949635245505e-01 1.157545371111567967e+00 -1.689382555122564966e-01 -1.066743759476476594e+00 2.355164240052123326e+00 1.678617330411602993e+00 -2.276582235401582111e+00
1.167350455247161689e-01 -1.801107480252832627e-01 1.777120066003899934e-01 1.757326566130242851e-01 -1.513769369300173029e-01 4.985634076842870854e-01 8.740244335014760169e-02 6.884393515312225986e-01 -3.172771972830830123e-01 1.103658088500885093e+00 1.328200732020633268e+00 -1.055195695319768756e+00 3.460298035534510319e-01 2.368197912530010107e+00 3.368734564904123374e-01 -3.895499611274519935e-01 2.422640533590189271e+00 3.274495883501593596e+00 -4.239084011088749548e+00
1.182312538178406092e-01 -1.966137152036136482e-01 1.782921099016172850e-01 1.482815069597120949e-01 -1.122585522749118825e-01 5.598888585310781707e-01 8.896910964301264768e-02 -2.638422742779100716e-01 -1.206824325565419187e+00 6.859824393221645167e-01 4.344206751675416811e-01 -1.858938544930825110e+00 7.321509701831185879e-02 1.450241444600875340e+00 -4.790200448588102233e-01 -7.737448028076112649e-01 1.295097961229005890e+00 2.678428715529164172e+00 -2.275355589907374743e+00
1.198918439508298572e-01 -1.920328552782323839e-01 1.791420664003155472e-01 1.653769711519348373e-01 -5.778264263355703534e-02 5.276757622346099907e-01 8.956803090162343550e-02 -8.703673283188528842e-02 2.349699205055788553e-02 4.862374106573756904e-01 1.607191724933404231e+00 -1.851799777591357277e+00 6.426230708403766201e-01 2.070876761979444147e+00 -1.621091235063492064e-01 6.465872257900517894e-02 1.786878560530441362e+00 2.741016901521817317e+00 -3.715490793832959326e+00
1.275700139865316440e-01 -1.920705900894034701e-01 1.813427920566005047e-01 1.465906928465017245e-01 -1.226828314929275798e-01 5.432614280173573285e-01 8.953039619016897599e-02 7.669688945772161759e-01 5.206635878503895754e-03 1.594254879372137168e+00 1.256876672867209166e+00 -4.794562821584253953e-01 5.056360480622394959e-01 2.650741773958424474e+00 5.693625083505216011e-01 2.374502326796452678e-01 2.494391179429996441e+00 3.288877703660695317e+00 -4.966758190693545849e+00
1.245687686692094620e-01 -1.888944321385301328e-01 1.795060740395662546e-01 1.563888000116330224e-01 -9.013251004946731815e-02 5.169081953056453571e-01 8.510187169629471193e-02 -5.034022788301717455e-01 -2.604320296262816470e-01 4.094522415767443135e-01 8.142052019985008826e-01 -1.548593599537604781e+00 4.894421484712072612e-01 1.152855429701729051e+00 4.377320104807100876e-01 -1.030418010427549547e+00 1.801370142381899520e+00 2.928295876105309503e+00 -2.899918703270933040e+00
1.184638992050242867e-01 -1.927971671937808162e-01 1.771985519750559346e-01 1.571262991593523894e-01 -1.064114472437817094e-01 5.287184197706591426e-01 8.676936971273935262e-02 -5.402916750536759238e-01 -8.125506913754785288e-01 1.639132108308327673e-02 6.871759266423875800e-01 -1.992336360991040500e+00 7.117244304553960177e-02 9.629628669836467481e-01 -2.477211800168852562e-01 -7.610008105037202597e-01 5.959817855457751890e-01 3.285570549242736504e+00 -2.027561239601768150e+00
1.146348487813320105e-01 -1.742955912085987213e-01 1.778991984972008722e-01 1.672499724481315564e-01 -9.881366095379362502e-02 6.010525720092503299e-01 9.012581476294093119e-02 -5.912622747868603312e-01 -8.855670825024279935e-01 5.840135640905996794e-01 5.652518452344796884e-01 -1.863419633014982146e+00 -4.519832102380938466e-03 1.463565247495961508e+00 -6.866968000482529533e-01 -1.447292119128267274e-01 9.492022515989475551e-01 2.184046261136610489e+00 -2.354574144850183792e+00
1.193882960186660458e-01 -1.856781444006117554e-01 1.768399318447736734e-01 1.633946934593779599e-01 -1.576256713086400252e-01 4.874079605041297114e-01 8.575732683521949951e-02 9.041535370589492970e-02 -2.045000974932449367e-01 8.296127111834072920e-01 1.056131744557776031e+00 -9.650404377120942456e-01 5.401264876447697816e-02 2.303265805176848424e+00 8.141999058843651937e-02 -3.616831232589445833e-01 2.003827197981101982e+00 2.538346061142579657e+00 -3.742936415319756627e+00
1.236350280842250238e-01 -1.825188628378626721e-01 1.800481238699945252e-01 1.491399199586876945e-01 -7.133728408036388302e-02 6.061070314344609855e-01 8.758371647346158140e-02 -2.880687268456050276e-02 -6.278032610590607021e-01 4.429737151485788615e-01 9.545280787791288191e-01 -1.770916099783816477e+00 1.762278367688905334e-01 1.818957913847178531e+00 -4.864478639091540657e-01 -4.471052553130494545e-01 2.192074023146439288e+00 1.817636909609401386e+00 -2.823226749741269082e+00
1.125542924642605469e-01 -1.656967610888602782e-01 1.739876953019086625e-01 1.625081847269105317e-01 -1.102433054376412702e-01 5.657675218228330749e-01 8.726492656047944718e-02 1.043990898286004665e-01 -1.322771776345595285e+00 1.056310190247939929e+00 1.988347141946906760e-01 -1.308817325907749574e+00 -2.032308686017643140e-01 1.781319346880088084e+00 -5.111331198046888957e-01 -4.143683914053699624e-01 1.982972506312066230e+00 1.903251448038273175e+00 -2.701668763058903355e+00
1.258857935852233101e-01 -1.960918922802800668e-01 1.806571142721923040e-01 1.522404187940279430e-01 -9.076345118779860499e-02 4.429970994852712174e-01 8.819744545554847326e-02 -7.919458870521687288e-01 -5.847828586083272384e-01 2.431971339182679159e-01 7.540418164461186734e-01 -2.027061019997544733e+00 -4.455575196503325230e-02 1.479946215193929326e+00 -5.457021558627062063e-01 -6.859460683877083298e-01 1.772422541478430702e+00 1.962200857919778052e+00 -2.187917280809111187e+00
1.192784653688531982e-01 -1.817929744202446130e-01 1.784553105595835798e-01 1.615806643722377256e-01 -6.785937358898752603e-02 4.850454346013495233e-01 8.913561653301119159e-02 2.820721852195697821e-01 -5.334439513415745182e-02 1.240683076054326150e+00 1.222270683836173433e+00 -1.033468877691197108e+00 8.291069072412637908e-01 1.847559064230265058e+00 9.218866175600233248e-01 -6.763983213167579223e-01 2.931384724187520163e+00 2.639790836891490855e+00 -4.396069823352653394e+00
1.190418383940902991e-01 -1.886212172052448288e-01 1.767831054359013387e-01 1.580241758387195272e-01 -9.907282779258741456e-02 4.979447340713787362e-01 8.290379915476275841e-02 -4.967218992177890868e-02 1.439307160309120093e-01 1.034370169005890183e+00 1.137528628476387027e+00 -8.908664772336436499e-01 5.049384042217202051e-01 2.317171514307458047e+00 2.136141905132857843e-01 -2.059387406390138509e-01 2.635334633887749689e+00 2.619247670251665383e+00 -4.185850516911072461e+00
1.253402325819830410e-01 -2.029481705435354777e-01 1.810144391288076304e-01 1.555245925217898506e-01 -1.031782092963683395e-01 5.970211711379804775e-01 8.673393171072221741e-02 -5.279148114667684411e-01 -8.576713173222989539e-01 6.750178495354735020e-01 5.650262808295174466e-01 -1.744101335848817325e+00 7.409926790315957135e-02 1.410132709986578803e+00 -4.021837505701935100e-01 -5.131662164536656690e-01 1.479520427192799303e+00 1.819958776648173959e+00 -2.508115224658854725e+00
1.146117997750356332e-01 -1.840729137034169960e-01 1.748097010333691803e-01 1.659626831993072926e-01 -9.746834452066177601e-02 5.523168717212394441e-01 8.935465722424670854e-02 -7.927741496563793788e-01 -9.540986101607700220e-01 5.534057817740345442e-01 4.295748048287055809e-01 -2.174834330689767725e+00 2.922952073029829734e-01 1.114520083492295477e+00 -4.183590926779050534e-01 -8.633958536566570530e-01 1.245564073470174726e+00 1.654259109843200903e+00 -2.129932664928877895e+00
1.157850930800304601e-01 -1.849492184680137097e-01 1.769430037050886695e-01 1.646287279472800069e-01 -1.500570821818170142e-01 4.870573186397355592e-01 8.706273331674832527e-02 -7.192281711479786566e-03 -1.121660745993146691e+00 5.066810404667423384e-01 7.569496792464835977e-01 -1.928543696246838302e+00 -4.475666351805074328e-02 1.984300444217338644e+00 -1.048953501817408096e+00 -3.894157630558847671e-01 1.262685785545258454e+00 2.494949544015252485e+00 -2.458273160633590138e+00
1.173954276991232282e-01 -1.621056509312769345e-01 1.778609242818730285e-01 1.685759284427629234e-01 -1.130270267623068037e-01 4.991329161841591144e-01 8.877714269362288468e-02 4.264761663307918838e-01 -1.645376372990750014e-01 9.431826698009970755e-01 1.532493963846186524e+00 -1.488656717150882436e+00 8.709512333739937162e-01 1.877836073809321604e+00 6.334041848553697562e-01 -6.625102167726062419e-01 3.030357949177741261e+00 2.384522195027576785e+00 -4.171541005588724538e+00
1.208384574253261734e-01 -1.773686001446686533e-01 1.786161859196795376e-01 1.595358185546583707e-01 -1.146794029842741480e-01 5.102580053279375250e-01 8.883445362486908081e-02 -6.227463635563097455e-01 -6.416849875763537270e-01 5.313514176291986857e-01 5.389868104029265083e-01 -1.477006076178978056e+00 -4.082594157785530697e-01 1.941218399422172780e+00 -4.183802357195576249e-01 -7.820504158026846397e-01 1.191051824531477621e+00 3.501899712755106364e+00 -2.541080051009394492e+00
1.234461101993578613e-01 -1.933784460197538468e-01 1.793595517715826371e-01 1.598313419919481504e-01 -9.508245581294449966e-02 5.771266179278851105e-01 8.720014327810315935e-02 -1.045839207951591021e-01 -9.052614646121650566e-01 3.234201297491532401e-01 7.649686693361292811e-01 -1.926516338553107666e+00 -6.995934336175491097e-02 1.833688948754086390e+00 -6.209448317527384020e-01 -6.279037680273349409e-01 1.508512809764807727e+00 2.208937703804649821e+00 -2.381162423862750455e+00
1.191080175107148142e-01 -1.742885860078485227e-01 1.776430610893812434e-01 1.706833018242155386e-01 -1.334237578201975527e-01 5.112106939063676414e-01 9.229508168105148014e-02 -6.722395158611407240e-01 -3.011793167558227680e-01 7.822297796498407507e-01 6.584359016201748460e-01 -1.347935545388438072e+00 2.411467354984431211e-02 2.130543278855670408e+00 -7.271017885337069941e-01 1.568647296667791124e-01 1.123109446175579507e+00 2.958143989005193042e+00 -3.108391810580189762e+00
1.259208727570685915e-01 -2.015522624869410251e-01 1.812203951929859946e-01 1.565439172221090303e-01 -9.411155314325292398e-02 5.219259413190009411e-01 8.931852347907306977e-02 5.643452893540423787e-01 -1.411838380215595379e-01 8.883267482224752598e-01 1.672151568625617202e+00 -1.352593349693832714e+00 5.183832188767727445e-01 2.531605857483532063e+00 -5.481661815205907118e-02 5.446644690329627281e-02 2.631477257002562631e+00 2.840764687728139393e+00 -4.285421386526945042e+00
1.219966350452904857e-01 -1.851047806928832751e-01 1.777219469861844314e-01 1.606364436864837764e-01 -1.082966212716212073e-01 5.991470317737959128e-01 8.331726814719955798e-02 4.685911191180096580e-01 -2.895147000083939659e-01 1.432280246427057868e+00 1.043281978278106870e+00 -8.401069621933192622e-01 5.835661062275132593e-01 2.336324676890270347e+00 5.722816777785322273e-02 5.482355760718746751e-01 2.046012016848887782e+00 3.576597747248467130e+00 -4.299123522257766616e+00
1.187076571171011841e-01 -1.942394493137849509e-01 1.794765505619455581e-01 1.605217101468920937e-01 -5.544895919505110626e-02 5.773743292640824976e-01 8.194666068511134716e-02 -4.815135991089016798e-01 -7.218261715774296761e-01 2.971580106174576130e-01 8.127727952034753400e-01 -1.950723004808863070e+00 2.362526144982624032e-02 1.488053396366511016e+00 -3.456080710326085992e-01 -9.488687944061027224e-01 2.225503055019251164e+00 1.330542594759962505e+00 -2.468604340731543001e+00
1.234717378404961707e-01 -1.774555830650679233e-01 1.788838238614115506e-01 1.575415836517686241e-01 -1.477447316402964450e-01 5.063783732228523959e-01 9.012767797329024333e-02 3.002102681281506591e-01 -5.828950419812617412e-01 1.723434113972884596e+00 6.415254119941407041e-01 -8.147515332343200356e-01 6.047690268118310897e-01 2.077392215621700622e+00 2.444462294567548710e-01 1.262397277888949176e-01 2.019585696490246995e+00 2.863216654850003096e+00 -4.150451186398153247e+00
1.193800569087584418e-01 -1.816078101884019969e-01 1.768212628556279087e-01 1.650042374308343662e-01 -1.180082989376540770e-01 4.743159529621832071e-01 8.364516473166813681e-02 5.255548485313710216e-02 -3.529145286133763548e-01 5.583546572330888580e-01 7.889485742562278858e-01 -1.018946370510962929e+00 -1.845652200753571393e-01 2.316762327154615164e+00 -3.213295891484149180e-01 -4.942365573723677130e-01 2.631620602260836606e+00 1.857657299751012125e+00 -3.263221164684109610e+00
1.199642634929979079e-01 -1.741111733551262697e-01 1.777019992775466517e-01 1.670669214195197316e-01 -4.235852405296225420e-02 5.930121374893224662e-01 8.913069662079683986e-02 -1.067220600037543932e-02 -6.216107583510614987e-01 7.639314395976342098e-01 1.226603054052636921e+00 -1.954146564688725718e+00 6.889818409294710122e-01 1.531367359336359257e+00 -2.236532255921819257e-02 -5.278073896595270043e-02 1.578485163228675603e+00 2.501240782792917727e+00 -3.279947072299140842e+00
1.191532128481208042e-01 -1.873925289871644084e-01 1.763817435008553647e-01 1.638091379175565798e-01 -1.113100589264879314e-01 6.206517138700511360e-01 8.481192029100789731e-02 2.305681334683473693e-02 -4.394858105743395527e-01 5.235855587973903269e-01 1.080957320454267290e+00 -1.629438353297079978e+00 4.600524939345955744e-01 1.714158335506724029e+00 -4.641725289573042090e-01 2.389657588622835505e-01 1.181306837520365249e+00 3.092336192783410098e+00 -3.195211569052474054e+00
1.162345299811016752e-01 -1.855343509669750701e-01 1.763792721790636842e-01 1.557825645761045097e-01 -1.723007129934537307e-01 5.130608407280106142e-01 9.290737682065128289e-02 1.033369224011533305e-01 -9.532967555752556166e-01 8.592585353739101706e-01 1.030542892934761312e+00 -1.935229877310404856e+00 3.923562805730851366e-01 1.829335013463106563e+00 -3.286678559461400084e-01 -3.662851225632302032e-01 1.246999027959956763e+00 2.959245237503047576e+00 -3.066139255268398145e+00
1.167165370307944594e-01 -1.686290096941658878e-01 1.761516163417789493e-01 1.741492955042031054e-01 -1.542794083044696229e-01 5.096258585898039151e-01 8.731367026569715473e-02 -5.221034635877508379e-02 -1.005706097875174176e+00 4.691950091475298734e-01 8.310901201072509181e-01 -1.972656343308326399e+00 4.386942784082226154e-01 1.371106918657465812e+00 -6.548910942002015290e-01 -7.861660305447770725e-02 1.445706180558653742e+00 1.777952150207212867e+00 -2.513588139767910512e+00
1.153562073436835422e-01 -1.765000251093286621e-01 1.753569175873986585e-01 1.657885303916120101e-01 -1.754426348460447205e-01 5.857734997095493945e-01 8.892153637746753880e-02 -3.309370994317015757e-01 -9.885639810264867933e-01 5.864156812874385949e-01 8.775149105024517837e-01 -2.333956063992196128e+00 3.950757970162968036e-01 1.273330691963835193e+00 -1.462741687534254709e-01 -1.045319548299449952e+00 1.869779028684957822e+00 1.933359905515596999e+00 -2.505778750177807712e+00
1.253069092476434554e-01 -1.816992712516913855e-01 1.788590076240072768e-01 1.497261362613636626e-01 -8.987927809749807206e-02 5.118807630799615538e-01 8.424385003617516909e-02 3.828821155750361527e-01 -1.463979498735951346e+00 1.185859469974129610e+00 2.560233916546117428e-01 -1.573027463935052772e+00 2.498173294552294976e-01 1.504342191683290864e+00 -4.206108140371966897e-01 -2.356583377011123304e-01 1.719136450531002502e+00 2.249239561284392508e+00 -2.679757613577941733e+00
1.176707450561095269e-01 -1.765022513842970375e-01 1.755206776006427993e-01 1.641163019817003521e-01 -1.498766664206462318e-01 5.201944325704386252e-01 9.039518594846690513e-02 3.366273061838249703e-01 -7.851563166701325258e-02 1.484072389615684884e+00 9.055716640913598070e-01 -6.373166721257792489e-01 2.851900489394338933e-01 2.846742952043999075e+00 -2.260978784862039959e-01 3.718717862597307189e-01 1.855081275296592835e+00 3.623849689589661693e+00 -4.519601055671694567e+00
1.190608449219374143e-01 -1.802134184701578157e-01 1.757722474608528207e-01 1.723031940984447452e-01 -7.892106340865578940e-02 5.956149972099038514e-01 8.992375063979005101e-02 3.330973662541953928e-01 -3.679714967311102924e-01 1.484495944558561931e+00 1.053911304042278729e+00 -1.005942310860969080e+00 4.841725922697603934e-01 2.399650763978455892e+00 2.845588512178061080e-01 -5.828046538144091571e-01 2.862570606022794450e+00 2.956758632213789539e+00 -4.290855319087755859e+00
1.172671170208440250e-01 -1.883026325594083783e-01 1.786320723599758853e-01 1.599666807711492833e-01 -1.698119442232233212e-01 5.866182716299350730e-01 8.280630574944883304e-02 -2.403809361508013609e-02 -8.020561392524498956e-01 7.967336921940324501e-01 5.769755108857275161e-01 -1.278370943975609464e+00 5.714178321971630226e-03 1.933104054428693708e+00 -7.990043651870584185e-01 2.410513746167382010e-01 1.787859343682235647e+00 1.705495489493182859e+00 -2.967817494254655131e+00
1.201487997200781088e-01 -1.804603945127022380e-01 1.784347797685410797e-01 1.750249053372652241e-01 -1.215772305108371310e-01 5.245892385026826865e-01 8.931580466979616162e-02 -6.770016843091237746e-01 -4.636234886776939845e-01 3.798686376133293408e-01 8.705256952081885657e-01 -1.906588279823382415e+00 2.999538935336856227e-01 1.310922349803158582e+00 3.787336938619745297e-02 -6.695568109533223122e-01 1.198211900147169828e+00 2.514975683373032567e+00 -2.608965247857390590e+00
1.188455330431882617e-01 -1.865590995724716317e-01 1.781067452811396501e-01 1.609573397345903656e-01 -1.650838164815003895e-01 4.828383248310075260e-01 8.971548928143269208e-02 4.204525907438814158e-01 -3.854200033204069342e-01 1.107903229335221340e+00 1.001026690235557126e+00 -1.150632108964463107e+00 3.319262660456621106e-01 2.164805882345330446e+00 2.112717945900648431e-01 -3.011169698736670952e-01 1.899358807662984816e+00 2.987975846050749951e+00 -3.843047774272328354e+00
1.152358689000480829e-01 -1.777071322087731553e-01 1.783248031231863817e-01 1.587212043258681149e-01 -5.829017496060306947e-02 5.467550256162603262e-01 8.957130626240086824e-02 -2.214245633353097986e-01 -1.114041589983063574e+00 6.017825378447829721e-01 4.931280694663175979e-01 -1.865092655298252744e+00 5.474155464543883909e-03 1.396727287581555288e+00 -4.432691608360785906e-01 -6.386978654727784033e-01 1.301777776029813261e+00 2.632506392420669528e+00 -2.272729875862775639e+00
1.149612106935103406e-01 -1.842191910267408916e-01 1.771796843960021239e-01 1.651356157402121827e-01 -1.062568045623963897e-01 4.901936769641719316e-01 8.523261470015361385e-02 6.447778851208774142e-02 -1.013907180318434076e+00 5.053723804088052773e-01 1.203786363959407524e+00 -2.419181388559601409e+00 7.632220326679606259e-01 1.144712524219514194e+00 -1.210560592586231721e-01 -4.904472319645778455e-01 1.596365361225954516e+00 2.433554790372882692e+00 -2.735512202854155639e+00
1.195293502460733626e-01 -1.878760370783896239e-01 1.748372638905922871e-01 1.593995470541234027e-01 -9.947829359571991326e-02 5.007905103493928145e-01 8.873982691667336997e-02 -4.618188515869672273e-01 -7.226147307433814504e-01 6.794473746765987698e-01 3.865493708967715492e-01 -1.598523614516354385e+00 2.083248778011874691e-01 1.513102124236508139e+00 -4.874750597293093790e-01 -8.292995847775772589e-01 2.162994375871408081e+00 1.716012674810334815e+00 -2.559495466091515681e+00
1.145688223025677632e-01 -1.676088235290473794e-01 1.731597222770321631e-01 1.814604911579897895e-01 -1.442938868565699639e-01 4.918152307492333897e-01 8.809348331752309136e-02 -5.418535970961091408e-02 -8.187384382206408517e-01 4.946514731477238414e-01 1.168323677745527256e+00 -2.132391015102835574e+00 5.008565735726620005e-01 1.669419457201368751e+00 -6.357888170838936759e-01 -1.038814446823712601e-01 1.909926119031486458e+00 1.464399967298019689e+00 -2.842555077178697154e+00
1.204272646692654269e-01 -2.001454012697081453e-01 1.767919900145815404e-01 1.509051193581734118e-01 -1.640718281645372478e-01 5.310590416142968451e-01 8.566360336809356046e-02 1.120056408583357310e+00 -2.864045993691615166e-01 1.455535889676821348e+00 1.377179702631536884e+00 -8.529843396076985940e-01 9.084727586774921093e-01 2.366481433699380688e+00 2.423517461340596313e-01 3.247953103553449239e-01 2.697403658143723959e+00 2.933560408855486301e+00 -4.754620624284632946e+00
1.162021633710272617e-01 -1.698122152275655106e-01 1.767669915913419598e-01 1.713109871052076461e-01 -9.541837391588425810e-02 5.425381734820740043e-01 8.665000055759626563e-02 7.373590844339492634e-01 3.089575168547442630e-01 9.390261993989934552e-01 2.006034456171164493e+00 -1.389797966720979439e+00 1.242790847466989312e+00 2.407861147692946346e+00 8.176011650574022127e-02 5.880772817283386189e-01 3.296822702499879298e+00 1.896320697520065934e+00 -4.910051405748242281e+00
1.174600255382306502e-01 -1.788216247654509372e-01 1.757179174091847984e-01 1.710366961104787809e-01 -1.368763753697213037e-01 5.823361545956400320e-01 8.565949920663332162e-02 -7.582016265329452054e-01 -4.774809261396626425e-01 2.713193330076268950e-01 7.627739068719971982e-01 -1.850809342406822822e+00 -1.503193501239046270e-01 2.041840986306575623e+00 -1.164040706668499237e+00 -1.039345576653882830e-02 1.885494093846170394e+00 1.314820619108766131e+00 -2.471434421857057195e+00
1.190796679456566920e-01 -1.658826933345235455e-01 1.771533606871374400e-01 1.636600723298923254e-01 -1.304637639091198453e-01 5.623609709169778981e-01 9.269427738195307187e-02 -4.541301162482129783e-01 -9.852391109671714275e-01 7.760169990263943163e-01 4.423446901101613093e-01 -1.608507099753789138e+00 -3.314139108130991218e-01 1.899501682181016449e+00 -3.012570010133828191e-01 -9.801687731068131626e-01 1.830187726441900864e+00 2.162074427000126420e+00 -2.484030555142803465e+00
1.135778619867221229e-01 -1.676376991494665791e-01 1.735763088667364173e-01 1.671259513448839495e-01 -9.179445758378645959e-02 4.797987327049897388e-01 8.704958643986833444e-02 -4.688595642379436157e-01 -7.573592808097986406e-01 6.658691971517329833e-01 7.345112906223452143e-01 -1.999119112563612521e+00 3.225231437928837153e-01 1.712608500593056249e+00 -7.537754182631966060e-01 -4.716121526983307888e-02 1.780595234332894350e+00 1.946747345013801755e+00 -2.682513525683036804e+00
1.189255459456587394e-01 -1.948199391466385877e-01 1.780532398022360852e-01 1.551288752331638765e-01 -3.472231331132924481e-02 5.420912148050476276e-01 8.581768490405383698e-02 -5.034499356431973993e-01 -9.835950147309873159e-01 4.965469562614330812e-01 4.593382784798283325e-01 -1.746931352847600483e+00 -1.136190329102459984e-01 1.471776363470617355e+00 -5.193008215861478760e-01 -1.109919599281059099e+00 1.782498291473385343e+00 2.307198621029444396e+00 -2.219598763767208105e+00
1.169061742668137394e-01 -1.863301084433731658e-01 1.784079265413513748e-01 1.646735011367297385e-01 -1.296908642276373147e-01 5.195587276799042975e-01 8.181165119646680028e-02 -1.798630354304000534e-01 -1.245655763710812991e+00 3.910286817752481880e-01 2.164480315011605427e-01 -1.493563405768615127e+00 -5.690799078262775978e-01 1.614209100246615236e+00 -6.254705298285143655e-01 -1.112319695754060866e+00 2.480827357525992483e+00 9.690382264414285629e-01 -2.013390861072387406e+00
1.247208860157366095e-01 -1.895900907028190141e-01 1.837848196231600950e-01 1.529216205271164419e-01 -1.410985859812654564e-01 5.071469670331558710e-01 8.621978039419922468e-02 6.483669117086376943e-01 -1.451298198848729459e+00 1.289003215765285759e+00 4.303751522242427185e-01 -1.426390353351221663e+00 2.671928501935845190e-01 1.510348102244780222e+00 9.409337130683859129e-02 -7.263214815930840729e-01 2.123375762897561358e+00 2.416227561122489931e+00 -2.962568984208958867e+00
1.199545245972755414e-01 -1.858439560375284572e-01 1.807940918254016260e-01 1.583914100923983215e-01 -9.510145334949260398e-02 5.351156247846362568e-01 8.807377884354020137e-02 -1.042881753205033846e-01 -8.294079667762854768e-02 8.045621032122571847e-01 1.021428320882648677e+00 -1.039742707349190276e+00 2.191787381788916633e-01 2.102131151523721542e+00 -1.253155204847722359e-02 -1.830260166952122347e-01 2.281342028965534396e+00 1.891020520538891247e+00 -3.672406942628334114e+00
1.196548846185999382e-01 -1.852559382497252494e-01 1.774806765102613648e-01 1.673297163149668476e-01 -9.842896624796626526e-02 5.823563086123404453e-01 8.883810823635168719e-02 2.490716924031088908e-01 -1.261367620220424257e+00 7.408469488124787006e-01 9.195682376999450014e-01 -2.225653006029708614e+00 6.645972459323337134e-01 1.171787064646171217e+00 -3.276496745428572055e-01 -4.779054264284612330e-01 1.971836807825377846e+00 1.361679456471380334e+00 -2.679099121750303070e+00
1.245722683501046812e-01 -2.010516899908798560e-01 1.819433997944114034e-01 1.516850514678423911e-01 -1.048009115636513444e-01 4.576560824519666504e-01 8.484180490893926396e-02 4.467051577797587214e-02 -8.408837712271708398e-01 3.734730632427361030e-01 8.715550260273428052e-01 -1.738694171168177149e+00 1.875803029082483420e-01 1.361217394518961399e+00 -1.598821544278630213e-01 -7.246606808486211193e-01 1.624754859553689812e+00 2.889690753829167846e+00 -2.577810784369650055e+00
1.190443248963390377e-01 -1.816492133300978140e-01 1.778603561614205686e-01 1.723111504504051261e-01 -9.459008584471351178e-02 5.321390365576332826e-01 9.218313127958266406e-02 -2.265989052609107546e-01 -7.464326341029350331e-01 6.346179963625306897e-01 1.038208993934297553e+00 -2.173361392359320021e+00 7.588492482447017906e-01 1.237307890178866998e+00 -1.142839380240348035e-01 -5.679452642061484369e-01 1.830446946304769895e+00 1.831255479806587871e+00 -2.821269611516086684e+00
1.230620503248101294e-01 -1.881335441278635390e-01 1.804813117418651580e-01 1.565707497414386973e-01 -1.308528906745271003e-01 5.527791951552356586e-01 8.121950590221321820e-02 5.989503511162848071e-01 -1.011912397649836759e+00 8.694820783851877621e-01 6.215104015097345780e-01 -1.245669388937439948e+00 -4.523619369701226134e-02 2.009647709017460038e+00 -5.463931109829260890e-01 -4.149384331704890627e-01 2.779171878484602232e+00 1.773469589676281544e+00 -3.026417267513869191e+00
1.192762754840655526e-01 -1.818527812462100712e-01 1.760121375922025777e-01 1.708689188201075737e-01 -1.433713070022215597e-01 5.584998472576345740e-01 9.202141075333070130e-02 3.778128745334896621e-01 1.258004080981498518e-01 1.304888088499895460e+00 1.402558381962726308e+00 -8.420005932510550295e-01 7.511541427742862709e-01 2.250388487011361072e+00 8.012572654839633657e-01 -2.317793380898240940e-01 2.180796250611680698e+00 3.540635979393181643e+00 -4.805957173255739789e+00
1.170452744260510880e-01 -1.732155882678433900e-01 1.751670006080497666e-01 1.715462734457745553e-01 -4.865130615562618388e-02 5.246567192708093685e-01 8.299949888476029769e-02 -3.278893988712372476e-01 -5.754707213326710757e-01 3.332424030274570015e-01 8.814444593839523279e-01 -1.945636838807727642e+00 3.172700201315468149e-01 1.477527753805508937e+00 -3.281930474706342693e-01 -4.743728410816352437e-01 2.120931912977161105e+00 1.183463554356167791e+00 -2.671840899163972605e+00
1.197274913969333665e-01 -1.925230236214849344e-01 1.791756673739510475e-01 1.642252597786744150e-01 -1.413470986717367817e-01 4.998828092173730475e-01 8.325991756441325498e-02 4.469130370466212199e-01 -3.508260238292315591e-03 1.205159229032448209e+00 1.404155929103811928e+00 -1.074425990279749499e+00 1.205261709762752709e+00 1.756003295137606557e+00 6.742022306757720074e-01 1.034347485558022584e-01 2.649426380113135693e+00 2.893043822042185909e+00 -4.496629565327125100e+00
1.170758794637271338e-01 -1.723802564030083584e-01 1.786027811326447723e-01 1.627867770281568038e-01 -9.698432205020912633e-02 6.040299469817993483e-01 8.472300588913772579e-02 4.589432093179173222e-01 -1.593684936224937232e+00 1.295419545259527183e+00 2.369771294090909919e-01 -1.539256788815355659e+00 4.457058574114824978e-03 1.698062272267493178e+00 -4.720369164111115623e-01 -3.569957530436616011e-01 2.225917624780230142e+00 1.324658965539042832e+00 -2.734627447959935065e+00
1.221936361286622141e-01 -1.899578291584790857e-01 1.773841385097290890e-01 1.539462702834114571e-01 -1.482511871501867029e-01 5.491835442174397564e-01 8.742266589424745049e-02 -2.707379021274789466e-01 -8.386008293487110521e-01 4.638381162363778287e-01 7.874271414472211461e-01 -1.951801221420639276e+00 4.627623663063609172e-01 1.236607463060578560e+00 -1.475634150610378725e-01 -6.973141107101641367e-01 1.189867625443392640e+00 3.088137722797144491e+00 -2.584522699114800481e+00
1.246154206317573732e-01 -1.930937638121179023e-01 1.803141473313386312e-01 1.590933760924637674e-01 -1.281171273702617075e-01 5.143479337224570180e-01 8.833633854757663717e-02 5.569355569792335814e-01 -1.082602281698605395e+00 7.609372854629770089e-01 1.121177898355037783e+00 -1.973339178772446356e+00 7.591571635563809650e-01 1.360073819190614763e+00 1.136995663908635379e-01 -5.926512303825379746e-01 1.707931301701037796e+00 2.970692030758202762e+00 -3.084895398737601102e+00
1.241735444369888031e-01 -1.914321188549483188e-01 1.780040998804287289e-01 1.664882868161431384e-01 -8.894834145482799492e-02 4.841423006809710827e-01 8.822197705490986142e-02 -1.491291540930816950e-02 1.013053038148505891e-01 7.720319245777096384e-01 1.247757581674688865e+00 -1.257704394119897984e+00 5.677235727130502951e-01 2.126423074012376624e+00 3.161552264170364168e-02 -3.079772473031106017e-01 2.162604625516758361e+00 3.036059744701560703e+00 -3.889498771948617595e+00
1.223854748664212067e-01 -1.965918339713896290e-01 1.774278157152038293e-01 1.587858472496668227e-01 -1.337517893688719983e-01 4.578534910808080838e-01 8.311071628671276579e-02 3.288660571860546611e-02 -8.592839287742641829e-01 8.198988918405145654e-01 4.238718245944328444e-01 -1.156980198910066981e+00 -1.667952178149034737e-01 1.891446998690935466e+00 -3.145932822421038111e-01 -5.339564150804001486e-01 2.473735954662906522e+00 1.220720621383380333e+00 -2.860077200875359438e+00
1.151353426721601902e-01 -1.617366144673069162e-01 1.754131675389886125e-01 1.739911815443786480e-01 -1.650722002913149744e-01 4.852730289844746636e-01 8.606283139001245919e-02 4.167365843426740213e-01 -6.630714336533749531e-01 1.050030190954988285e+00 1.069784697357746062e+00 -1.383535689645864597e+00 5.660866844356506888e-01 1.896880251810450169e+00 -1.414669550438798495e-01 -8.324761432821148333e-02 2.512442987856900345e+00 1.869829073311173318e+00 -3.641750709750718684e+00
1.171078743401250399e-01 -1.775382418611983759e-01 1.753437827702586937e-01 1.648653380764676379e-01 -9.903276511862679765e-02 5.264334512005555133e-01 8.439051807068159716e-02 6.056857730508093951e-01 -8.555259365933665094e-02 9.618104732993204564e-01 1.245050042590628792e+00 -1.076694532178751551e+00 7.122080080417028114e-01 2.177830365653750988e+00 3.280097871927489805e-01 -3.340332558309437871e-01 2.589484169802953595e+00 3.265124703312380916e+00 -4.212263334456151753e+00
1.175674601136461883e-01 -1.944474321388225957e-01 1.776096194156043251e-01 1.583822401370085231e-01 -1.649051008913752225e-01 5.766103772126682792e-01 8.428223905880709299e-02 9.834182048619570793e-01 -1.059026459136131137e+00 1.122728341037230848e+00 1.073011670130378015e+00 -1.493983613416813405e+00 4.403598492948663790e-01 2.022620883739088882e+00 -2.382189071351037413e-01 -1.417214879895913882e-01 2.493772745692456105e+00 1.987865524079623469e+00 -3.594720626313113065e+00
1.279545959093867924e-01 -2.075284336823448594e-01 1.831561717160191394e-01 1.442093221357552135e-01 -1.033783653765306676e-01 4.960678184756623921e-01 8.238177657113571195e-02 2.401087413851303864e-01 -7.272877101654504628e-01 6.791275143951356341e-01 7.020577951175956954e-01 -1.292369233138163764e+00 -1.181130337334170832e-01 2.163959117724376213e+00 -7.185369701402350984e-01 -2.627531537794460803e-01 2.405834960335745620e+00 1.665663883413460944e+00 -2.950502905762104611e+00
1.246092094449063603e-01 -1.941456433156455441e-01 1.800887768463641792e-01 1.601377732546477306e-01 -1.042489632224312679e-01 5.417534790058646799e-01 9.120912312813500566e-02 9.887475442778637102e-02 -7.338310607320188694e-01 5.815142142545850490e-01 1.095316590057366035e+00 -1.986883759765633251e+00 6.281645032400824391e-01 1.372013248723918721e+00 1.272723898154071165e-01 -6.363705890216060368e-01 1.629178055842080752e+00 2.690457969340736000e+00 -2.983865629201479130e+00
1.143528369785638266e-01 -1.676428045843019743e-01 1.721267483034788215e-01 1.748796454584955473e-01 -1.369410162959165955e-01 5.397716919609925057e-01 8.351348669387267942e-02 8.387376441693312756e-01 -4.444581643606282384e-01 1.064217940949740537e+00 1.170820962127823606e+00 -1.054420326342782044e+00 5.664754940260507965e-01 2.325336254050016649e+00 -3.105298725102043633e-01 3.828603456959811524e-01 2.866373521579037131e+00 1.985489629801318046e+00 -4.087982654054578724e+00
1.217271434272667874e-01 -1.773975478049389931e-01 1.793285193986501602e-01 1.598078574527319606e-01 -1.076914378078173140e-01 5.177039261462237363e-01 8.944389878698064122e-02 3.094698886491151768e-01 -7.326506065302513804e-01 1.705676772984229927e+00 6.776421505935656953e-01 -1.071055088266998911e+00 5.908926294975733740e-01 2.171271924904742079e+00 -9.237785071512316648e-02 7.190348557807979546e-03 1.905963511771520125e+00 3.150819660259244870e+00 -3.961857534808047365e+00
1.237697942264214812e-01 -1.755965438888175689e-01 1.803235139646502949e-01 1.616816458572590820e-01 -1.160636709581921444e-01 5.791004237066106342e-01 8.774859361115136536e-02 8.963249184168020633e-03 -7.213611387871754488e-01 6.379111377835293695e-01 8.318503090259969923e-01 -1.493201644844425857e+00 7.330608012596329104e-02 1.789745156549842342e+00 -4.657036461583539122e-01 4.713510405393250835e-03 1.681717047150881328e+00 1.547499885140727116e+00 -2.950277120030055489e+00
1.219379948719302165e-01 -1.812682215639673800e-01 1.794807102857534087e-01 1.585122399999812082e-01 -1.133861370756247267e-01 5.145749855776502457e-01 8.656424593202434459e-02 -1.852465634836111263e-01 -1.534012854209642729e+00 9.570306155423260464e-01 2.418715680823426695e-01 -1.852755697109873534e+00 -9.421017513084439798e-02 1.356959564674560248e+00 -4.547591439154814452e-01 -6.978682086385115113e-01 1.776288825860192766e+00 1.024910999370858278e+00 -2.152535730737660025e+00
1.172032092253078583e-01 -1.774081919906930205e-01 1.784690688867686947e-01 1.607140736963799110e-01 -1.634154773625363655e-01 4.860355625552457148e-01 9.037684755620192800e-02 -1.216039880053303435e+00 -6.892298082320831298e-01 5.070748671314877498e-01 6.879703405532211491e-02 -1.382764681159511344e+00 -6.876932973002025662e-01 1.791163112198760565e+00 -9.095154436612125082e-01 -6.180394638806401275e-01 1.847754723491009443e+00 1.185169109401766896e+00 -2.009860987727546178e+00
1.256883954058240216e-01 -1.976616930668342875e-01 1.803902371903116919e-01 1.596646461997868194e-01 -1.220084349144111568e-01 5.124229939645577048e-01 8.524988068731298441e-02 -3.344267964379445957e-01 -9.776395459509936714e-01 4.539218341523190148e-01 3.660175562737686406e-01 -1.437975825045337608e+00 -6.109379795821814341e-01 1.820812408518666103e+00 -7.339117635266259043e-01 -6.407949725717951850e-01 1.712999902209544345e+00 1.719959014243919171e+00 -2.156886620864318260e+00
1.106237421135597421e-01 -1.622084651133517408e-01 1.739962092910840308e-01 1.766914404501365166e-01 -1.416426322367800861e-01 5.543833685658414723e-01 8.569790708401764379e-02 -6.775525890434703769e-01 -1.045251148775833805e+00 7.234278681429557878e-01 6.155051914629972032e-02 -1.528831236595675769e+00 -3.381049241462097399e-01 1.551807159754400089e+00 -7.008988420378257089e-01 -4.458492530930797670e-01 1.752195352884173829e+00 1.579392278882457035e+00 -2.251777474442024918e+00
1.262032191692194771e-01 -1.912598508414328768e-01 1.801165747525449168e-01 1.559564002757768408e-01 -6.370066291646292456e-02 5.491326776974951862e-01 8.718429771216268387e-02 3.117036226455667247e-01 -6.207735335838684421e-01 1.004165979887918780e+00 8.030654014563118892e-01 -1.183314389497185370e+00 1.822011183796856670e-01 1.935716687931088309e+00 -7.021554267256568949e-02 -3.662326758605001231e-01 2.269712998431448803e+00 1.930007530604722632e+00 -3.425692978266674515e+00
1.185265521443959469e-01 -1.877172081431346951e-01 1.785121595163533803e-01 1.538334867714340470e-01 -9.412410205991117440e-02 5.205395539686774597e-01 8.510270195424154971e-02 5.066863245688502104e-01 -7.847870988687999372e-01 1.264065964019525978e+00 6.519603112220906382e-01 -1.204779355150205067e+00 4.273493146007947274e-01 1.845514303779535403e+00 2.119805113763160165e-01 -8.421245501283403101e-01 2.721976279690803580e+00 2.459831862576709050e+00 -3.569575647952640818e+00
1.202694019990037388e-01 -1.878378252986642738e-01 1.763778002326386596e-01 1.680378280617714770e-01 -1.305710935854743626e-01 4.859978750766202893e-01 8.448026968786659374e-02 6.900012618375015450e-01 -9.827673270513681558e-01 7.913041140887173697e-01 1.256466821161854597e+00 -1.921899765475266975e+00 7.958637358489495384e-01 1.696397797018041054e+00 -4.574085257237765489e-01 2.646781152527992731e-01 1.976980750482493221e+00 1.923794972912265422e+00 -3.302661234963834236e+00
1.231489727077924312e-01 -1.976780732535406981e-01 1.801252282674028204e-01 1.553476939217018904e-01 -1.357151207283654459e-01 5.379652805622461287e-01 8.367809917997377778e-02 -7.150329131231156765e-01 -3.292778167468259909e-01 5.048918230802090790e-01 6.732467117490052999e-01 -1.365036285465119015e+00 -1.065838733553174933e-01 1.825200301148601767e+00 -3.680072893320041061e-01 -2.058079796959173535e-01 1.790367279764747188e+00 1.796386014868347480e+00 -2.825147389800050313e+00
1.209291027471059154e-01 -1.936228291640266774e-01 1.778662520707598171e-01 1.614908611925962578e-01 -9.447201888356071553e-02 5.317569316620613940e-01 8.492202425107213404e-02 -1.251464338310990243e-01 -1.229331779734867069e+00 5.916730364767435191e-01 5.563454657383557489e-01 -1.863680556405530098e+00 -6.472174781642525687e-02 1.696397536054381483e+00 -7.936821635634929706e-01 -9.061750952886775679e-01 2.471205248170877944e+00 1.366932626260624950e+00 -2.336595950990993042e+00
1.185109982974079934e-01 -1.930740447971117657e-01 1.794777957428107251e-01 1.562318877516584159e-01 -1.001126078155001320e-01 5.810155217365111646e-01 9.158819500502191069e-02 -4.780107847530352672e-01 -6.626525415626138837e-01 1.245191125677239441e+00 4.255363587705147665e-01 -1.295856903549299499e+00 1.577006508657641248e-01 1.796371552275234151e+00 2.461977821359973007e-02 -8.984184964393087114e-01 1.886181132825046625e+00 2.804088254597138175e+00 -3.159109744126624708e+00
1.207973893280306354e-01 -1.793658230054970826e-01 1.777109617251505513e-01 1.670557593119845752e-01 -6.193039610819650598e-02 5.356055685342915318e-01 8.685663250754244169e-02 1.691235118466316578e-02 -7.840070577214266478e-01 6.398057292456265088e-01 8.732656672592140623e-01 -1.649262275684584278e+00 1.672477238971410429e-01 1.689218241674662835e+00 -2.054194021158552985e-01 -8.404764555932171533e-01 2.464210077865840454e+00 1.665981339803868977e+00 -2.906909463424495854e+00
1.135915023849726757e-01 -1.772218301282945108e-01 1.754044491868353983e-01 1.624953288591767242e-01 -1.232039375682373317e-01 5.728978608101416015e-01 8.564047034790095436e-02 -6.038575493864941635e-01 -1.275071738839717028e-01 5.099310864767065965e-01 9.294741097650662809e-01 -1.508565982496294922e+00 2.090933922223703334e-01 1.983028242993523094e+00 -3.737895755072377924e-01 -1.726155638086366295e-01 1.660049321940499922e+00 2.909101449580951737e+00 -3.240515253486587088e+00
1.216955592652320395e-01 -1.742416514020110885e-01 1.781957757334821646e-01 1.686284039465556495e-01 -1.025557258899265634e-01 5.552922981116599210e-01 8.427591230795214439e-02 -5.125181230812536626e-02 2.668629730857752236e-02 8.898286495070291124e-01 1.195852153287767727e+00 -1.030155234906366069e+00 3.816530254357282104e-01 2.519714663585923553e+00 -4.320162479961764390e-01 5.970368056800623435e-01 2.539939542505999626e+00 2.033309445528077575e+00 -4.004561537509634839e+00
1.150427114565511499e-01 -1.768501014747612676e-01 1.786276594202058643e-01 1.628011302531312543e-01 -8.018103844180513029e-02 5.641807499227731171e-01 8.761676898171655292e-02 -9.726097380744853638e-01 -8.494060658581883416e-01 2.927212786051143212e-01 5.482583965707776841e-01 -1.991128878469555552e+00 -4.583388012458122773e-02 1.228499468846109721e+00 -7.001638291242828771e-01 -4.913738905527473833e-01 1.367525897964380732e+00 1.592359935892960543e+00 -2.029634629548715097e+00
1.228938199028622169e-01 -1.840771093070054931e-01 1.801880467326323065e-01 1.523289365867879219e-01 -2.881291557723419938e-02 5.129137156916461215e-01 8.623257542788684282e-02 -6.844985357091788458e-01 -6.330308428074546967e-01 3.125563319852133759e-01 6.807777295913073345e-01 -1.962084418977123157e+00 2.794742106481784560e-02 1.619727744380565326e+00 -6.405715473507997970e-01 -4.653069194093077954e-01 1.802860116414906955e+00 1.593093307672155845e+00 -2.344076300197517337e+00
1.226078037844047230e-01 -1.881639313118040890e-01 1.778718921098634276e-01 1.608354853026783271e-01 -1.747602776807302138e-01 5.317759754510520409e-01 8.736983082806976109e-02 -2.895478473971158095e-01 -1.162586641340036309e+00 3.844350853052329597e-01 7.690979600286462770e-01 -2.286929831507382271e+00 1.100947286599893715e-01 1.482470547739513478e+00 -6.820755305020513859e-01 -4.621671852651951795e-01 9.891314369633521508e-01 2.859006829718675036e+00 -2.150790683640514622e+00
1.189358402077389798e-01 -1.672869578723436002e-01 1.760200943712227628e-01 1.654091785013280802e-01 -1.127602851559941222e-01 5.240368436906126526e-01 8.924064284943775127e-02 -5.846738363749262035e-01 -1.009617880907217824e+00 3.645740479859078675e-01 4.080066234572559125e-01 -1.795948610270107881e+00 -2.375057787731726933e-01 1.327535686894202982e+00 -3.445912221941132003e-01 -1.016511949435990658e+00 1.289298757643896565e+00 2.432754175009125497e+00 -2.047421959355042897e+00
1.150329626529795202e-01 -1.762598744078870405e-01 1.769712042292528043e-01 1.617992139835092713e-01 -1.292382530882686398e-01 5.112507013608449391e-01 8.546788944666039445e-02 1.498356410210018197e+00 -5.554114582194511485e-01 1.765161008037514634e+00 1.160731046292778679e+00 -4.871743460519377678e-01 6.982552688253758078e-01 2.664426073613067381e+00 2.156402949756186516e-01 2.004680714906807992e-01 3.173086089585888558e+00 2.621866442769227312e+00 -4.888479977654551334e+00
1.223867350727232683e-01 -1.864023563303609521e-01 1.812857478549428636e-01 1.540521711316491515e-01 -1.284506679461755452e-01 5.328206602301031047e-01 8.755883775000639080e-02 8.656098192769743349e-01 -5.429281447838434360e-01 1.323954814463181862e+00 1.137990646301297204e+00 -1.196027305259553586e+00 6.313376136486938961e-01 2.237170174330423755e+00 2.405311168026225133e-01 -3.391399095745875059e-01 2.792543800728717329e+00 2.937797557803680348e+00 -4.135036903916017970e+00
1.145685748574169216e-01 -1.679265640424137951e-01 1.779372803317670892e-01 1.555981789573072094e-01 -1.280450600810812967e-01 5.079216125065633136e-01 8.901628353211459010e-02 -2.508149474963161651e-01 -1.470491677927384000e+00 9.037352320167801878e-01 2.638504884551711172e-01 -1.629832618019774415e+00 -3.038698823570742391e-01 1.660196968432813058e+00 -5.159129430129043570e-01 -8.469516924703226479e-01 1.455821883382864002e+00 2.031987952841781464e+00 -2.225234336176241001e+00
1.162241791440686012e-01 -1.736294070226127029e-01 1.758585192813732490e-01 1.636650464022079143e-01 -5.874096673183304418e-02 5.544356618263908132e-01 8.694755916958414599e-02 -7.708624373180565925e-01 -9.208743504852385797e-01 5.479583841963613366e-01 4.682805203887054901e-01 -2.172697834487281376e+00 2.765714285263580763e-01 9.683325694600757316e-01 -1.829039892744575013e-01 -8.884002995717628082e-01 1.722902401344167167e+00 1.888222414655009729e+00 -2.165524828428186943e+00
1.167561151969085109e-01 -1.671137913204597258e-01 1.734932419930972636e-01 1.668274635843293163e-01 -9.219662904658110225e-02 5.935056802731457637e-01 9.039905344601779913e-02 -4.140576735737573344e-01 -6.736609068395127409e-01 8.855527462003189854e-01 4.902110607259837494e-01 -1.364741065724383695e+00 -1.221229336940057308e-01 1.957876555499473703e+00 -3.062121741843837341e-01 -6.918286933165944674e-01 1.899465965185117788e+00 1.940608574755598781e+00 -2.931278185710972650e+00
1.207686566479430346e-01 -1.737205954205501834e-01 1.753985565776254030e-01 1.716370073159771970e-01 -1.412571099801853691e-01 5.597426373898901630e-01 9.148111352523383144e-02 -4.172611310895639747e-01 -8.907802181779125306e-01 6.204858776697879108e-01 6.750466454218493340e-01 -1.907722068521883863e+00 1.871239430806159731e-01 1.531346271271978310e+00 -4.369372052999214162e-01 -5.332501994607170559e-01 1.583477043559556208e+00 1.876064043118494062e+00 -2.513987249336055108e+00
1.183410902795615782e-01 -1.819815356810108864e-01 1.769232246212205095e-01 1.696522356928458208e-01 -9.420656235083346708e-02 5.596541376047561300e-01 8.250371671291553688e-02 1.150292155035685937e-01 -8.697609647015251966e-01 7.794792790336799726e-01 6.845552280270510437e-01 -1.540371400901940913e+00 2.189941117234708301e-01 1.413019594835006387e+00 3.480512543906630896e-01 -1.242880821487271081e+00 3.068720678694482729e+00 1.299487665964054628e+00 -2.932063582009305946e+00
1.195994453148940539e-01 -1.913726127380348530e-01 1.772748024856875826e-01 1.599237061520675240e-01 -1.325437845196932862e-01 6.321237146200235912e-01 8.511707214404182209e-02 1.190608341560732697e+00 -2.602452327710151891e-01 1.257459140950746956e+00 1.705680999997434277e+00 -1.075406270443608037e+00 8.779308890489847528e-01 2.475886583542616926e+00 2.077830003986029794e-01 4.142507390703471515e-01 2.644667013564375502e+00 3.242803646390397532e+00 -4.779501221930236632e+00
1.173200830782262782e-01 -1.660370335285732413e-01 1.767323074504575930e-01 1.694369328023490606e-01 -7.977011721336968453e-02 5.770232606429064326e-01 8.821331698030633606e-02 6.185827728565644890e-01 -9.789066353202002801e-02 1.457446991266399650e+00 1.262081593862519391e+00 -5.814777799819017545e-01 3.197020717649410315e-01 2.916855640562725505e+00 -1.090566098891017077e-01 3.473435060308656119e-01 2.878355957303117663e+00 2.637316603827283501e+00 -4.749740653456603567e+00
1.221108925559783731e-01 -1.897791957887071668e-01 1.782239541816177941e-01 1.563135522271834610e-01 -6.053326480799292586e-02 6.059544359405770741e-01 8.879402393781057889e-02 2.962904670531099072e-01 -6.279861425265780284e-01 1.465611262857143160e+00 5.592798622237049599e-01 -7.428884463586129527e-01 9.417421432091899192e-02 2.397039407036642977e+00 -1.826496538448552087e-01 -1.961864460060525062e-01 2.411142761115787181e+00 2.811728487015120237e+00 -3.864668397215567097e+00
1.205428605336906489e-01 -1.778809715611507913e-01 1.795110741458758319e-01 1.536129033207197514e-01 -1.230634944755879534e-01 5.571878866438857436e-01 8.788008386151860418e-02 -4.656578494684744385e-01 -9.006970632241548813e-01 3.950205358750320528e-01 6.814602612832079132e-01 -2.229689533454343398e+00 3.778928267314380918e-01 1.122416148103994260e+00 -4.804288403499592519e-01 -7.173022086619704751e-01 1.674581125768924039e+00 2.094920663249066450e+00 -2.255736346354052735e+00
1.246222028667063886e-01 -2.008308792179165359e-01 1.810507717682449946e-01 1.552196886535873732e-01 -1.356803093687499739e-01 5.203570697257249300e-01 8.801815504261742418e-02 7.574739699613965982e-01 -1.591745628865317119e+00 1.120548271574609345e+00 6.722662023381840157e-01 -1.781168462839506361e+00 2.591154522915495306e-01 1.891478134630109942e+00 -7.330921191296546624e-01 -2.920742958451763016e-01 1.979637123097028883e+00 1.635682835041995631e+00 -2.807406978834589673e+00
1.215526853351583669e-01 -1.901596171279096859e-01 1.791353276198965616e-01 1.488445058642643426e-01 -9.474921154691084979e-02 5.785016166101861756e-01 8.560029346389275151e-02 6.921051006716609777e-01 -8.734463757238621895e-01 1.054985447833391987e+00 1.053142030191514422e+00 -1.623981457301882259e+00 7.945035255845667166e-01 1.648992972754531827e+00 -3.916758182472790395e-02 8.229960610369779772e-02 1.954059859445359315e+00 2.849089032132271271e+00 -3.521632644551418778e+00
1.182340469716646469e-01 -1.714605818570232310e-01 1.774383887850131680e-01 1.716185764422178961e-01 -1.286160267427201020e-01 5.535635728467527272e-01 8.534506707364900024e-02 -3.635227228916519948e-01 -1.037831961183043994e+00 7.352042313938689233e-01 2.040796410303924446e-01 -1.248384382437259355e+00 -5.842064199755983012e-01 1.949689539198608657e+00 -6.568650010410310713e-01 -4.765118645795638486e-01 1.537193525975331099e+00 2.419471289452086893e+00 -2.440510735221697480e+00
1.212067234719247100e-01 -1.758106250513628011e-01 1.789410818880307619e-01 1.611539129428781747e-01 -1.449889976489704413e-01 5.594082102221142883e-01 8.577420161441542956e-02 5.548371203536381913e-01 -6.995665435359228468e-01 1.180634020072438339e+00 1.111484069407709718e+00 -1.471871016534319843e+00 6.979037051454417551e-01 1.935437014645449594e+00 1.846902282081437363e-01 -4.880310113627004398e-01 2.651391752648951439e+00 2.571346416767039678e+00 -3.812965425186111812e+00
1.175865476219665196e-01 -1.718494619675176582e-01 1.765760565911063673e-01 1.703938355735844512e-01 -1.231125423957892817e-01 5.094739363454348080e-01 9.156650268101788892e-02 1.334233612058248752e-01 -5.775541453813763937e-01 8.820258911432734550e-01 1.285982686066072134e+00 -1.737301713200313458e+00 5.011320030771129197e-01 2.077276547955920982e+00 -1.680368533650726803e-01 -3.913354468328362756e-01 2.173573141024318645e+00 2.294369115639282697e+00 -3.539641872667010247e+00
1.175865476219665196e-01 -1.718494619675176582e-01 1.765760565911063673e-01 1.703938355735844512e-01 -1.231125423957892817e-01 5.094739363454348080e-01 9.156650268101788892e-02 1.334233612058248752e-01 -5.775541453813763937e-01 8.820258911432734550e-01 1.285982686066072134e+00 -1.737301713200313458e+00 5.011320030771129197e-01 2.077276547955920982e+00 -1.680368533650726803e-01 -3.913354468328362756e-01 2.173573141024318645e+00 2.294369115639282697e+00 -3.539641872667010247e+00
1.142438951726174878e-01 -1.699683141139461395e-01 1.750451012582501797e-01 1.716262920335034359e-01 -1.212401502546949228e-01 5.767442280132053511e-01 8.680985641509345041e-02 2.108346968798073817e-01 -6.374482831677505956e-01 7.067177141651237449e-01 1.212922384151433164e+00 -1.750958563776346288e+00 5.278328489378942834e-01 1.948281788545386028e+00 -4.843688880283094633e-01 1.520741541060814939e-01 1.765795804881321374e+00 2.962265263970989437e+00 -3.408715208608103620e+00
1.183023187671696230e-01 -1.718808898542440455e-01 1.790855611500872524e-01 1.563849361102688240e-01 -9.777084799115032254e-02 5.388874575903588315e-01 8.501990755972224645e-02 -2.164794919450692134e-01 -1.216071809487824673e+00 5.544351968357306149e-01 3.877217546897062661e-01 -1.925996100637572983e+00 5.964504739550680057e-02 1.309772989962796785e+00 -4.623180634484107543e-01 -5.801177965623232069e-01 9.358864205769679145e-01 2.903335025905805722e+00 -2.180822269693059923e+00
1.207718013227444542e-01 -1.940522049688486184e-01 1.778764566035184180e-01 1.599028843028543756e-01 -8.849412039997150980e-02 5.643518817252184405e-01 8.805755986980230710e-02 7.615676523590053648e-02 -9.164917156814285093e-01 1.029788797323649696e+00 9.775140218508777679e-01 -1.879966290126577899e+00 3.769405533981728951e-01 2.132291354092128444e+00 -5.781935799414403832e-01 -4.511173498460578912e-01 2.539569752040861772e+00 1.731593615100031514e+00 -3.212721661476639845e+00
1.164254839685456844e-01 -1.747104476959901453e-01 1.770939093742680548e-01 1.662348634494266175e-01 -1.080218699465843590e-01 5.620128423556272068e-01 8.850817256197490712e-02 -1.074455518478307781e-01 -1.477094513673812948e+00 8.302446199439241781e-01 3.842184001589785680e-01 -2.057404654861584525e+00 7.170802425622735399e-02 1.484842625249818582e+00 -8.071040886872680176e-01 -4.730345604539447635e-01 1.124764142820722235e+00 2.095564222077403116e+00 -2.234693139442415877e+00
1.235676427606909877e-01 -1.851432152859360247e-01 1.803450316258956854e-01 1.486247071138818709e-01 -1.235781831278286447e-01 4.899297945901968099e-01 8.612450420038283982e-02 5.940762420151024514e-02 -1.565368550345131560e+00 6.458096104417521133e-01 4.780951367577941369e-01 -2.221540192277240866e+00 4.089581395135226671e-01 6.593844123977143923e-01 2.262821046628005206e-05 -9.401594393740042577e-01 1.681271459902376364e+00 1.701310573528180825e+00 -2.023068826145092203e+00
1.189028965814236671e-01 -1.725146419208538062e-01 1.779733768313845887e-01 1.634680662449522481e-01 -8.526836638409374114e-02 5.802137416902630740e-01 8.519800213216910389e-02 5.542796424112541587e-01 -3.360022504478141769e-01 1.271437784339143562e+00 1.331636126083131089e+00 -1.277839740376202293e+00 7.851012346991650404e-01 2.269485623199251734e+00 7.895114440484363172e-02 3.512683804937708487e-01 2.722321172637849784e+00 1.958788700537354543e+00 -4.320565093757187114e+00
1.162019341634524250e-01 -1.851555646675426825e-01 1.748745631906299669e-01 1.664444996389733422e-01 -1.402424503930045363e-01 4.524980963050992955e-01 8.758898598721176487e-02 2.442076664650647544e-01 -1.421700312656579701e+00 9.261992437981216852e-01 4.801253965239782318e-01 -1.878041388706596315e+00 1.146734996147440455e-01 1.741115853962927673e+00 -7.942576276872976848e-01 -4.377198091895468934e-01 1.726917919160893433e+00 1.945442657428223754e+00 -2.502937850436921075e+00
1.185413044827925144e-01 -1.918908051358985678e-01 1.761341953129361149e-01 1.607667696744118357e-01 -1.081673960377992350e-01 5.087023706215458851e-01 8.345774270991594690e-02 -3.697398476430109326e-01 -6.634211346787974861e-01 -7.738403606571786497e-02 8.531634355019912519e-01 -2.020204954079696691e+00 9.002562313593731602e-02 1.288939813985543026e+00 -6.356424968695897348e-01 -4.805273117658543924e-01 1.550733207644023004e+00 2.334710578740053499e+00 -2.220720685703851061e+00
1.215731413034998321e-01 -1.946993931654512622e-01 1.796374553356339665e-01 1.490421476692734837e-01 -1.064495874912639861e-01 5.215691473882944074e-01 9.204254286207880220e-02 -4.156858975943062973e-01 -8.978547928367541786e-01 6.718656941548655226e-01 3.749958749506578926e-01 -1.370504635998772702e+00 -5.172109675704454901e-01 2.103564414718009701e+00 -6.332590147172849626e-01 -1.038544969719142230e+00 1.848835729466541622e+00 2.197433463510749974e+00 -2.411177866759010247e+00
1.207411400367263687e-01 -1.897200427749977103e-01 1.806674910378572863e-01 1.567390736767374504e-01 -1.265760198289567207e-01 5.081385765970334312e-01 8.484740269507536070e-02 5.484103933875772441e-02 -9.685907214436175749e-01 4.154441311619834210e-01 6.592240245296636658e-01 -1.659533315716272828e+00 -2.534285692344173668e-01 1.738371356669069279e+00 -3.384537937369742622e-01 -8.331210427502879767e-01 1.866416853128926689e+00 1.688409446108821932e+00 -2.487009498840601296e+00
1.201521130708823326e-01 -1.890924779957066093e-01 1.763834110567961411e-01 1.626990705937376713e-01 -1.138106217758615424e-01 5.041178920503601724e-01 8.593163442441566213e-02 -1.587281373514279892e-01 -1.255635558660635365e+00 6.364355654150779529e-01 2.095210238340694531e-01 -1.427167973527381228e+00 -4.089487165970222549e-01 1.617656545586378058e+00 -5.341841204564365952e-01 -7.296297487013978511e-01 1.409306796261740047e+00 1.858325229374759857e+00 -2.169225112779486153e+00
1.229088111589081711e-01 -1.959190126566429102e-01 1.791143063361360366e-01 1.564249197166792671e-01 -1.234174144960233921e-01 5.087452509331908956e-01 8.861776206908283937e-02 4.308184200414535425e-01 -3.209522216125186844e-01 9.040661240523917286e-01 1.110614945868217518e+00 -1.090673514540668521e+00 1.368574936043529533e-01 2.443153399754286248e+00 -3.094427605745604382e-01 -9.795466249041684392e-02 2.135586275692096692e+00 3.149033017971071047e+00 -3.839374231353610334e+00
1.154637749136485370e-01 -1.815130309392041785e-01 1.753622545298753888e-01 1.634707419967705855e-01 -1.285484548791747672e-01 5.328039773599795303e-01 8.692181203124238476e-02 5.575953008912293285e-02 -1.081393217384664318e+00 8.081724174592306298e-01 4.474306408330086526e-01 -1.495120134655711919e+00 5.972649412924191381e-03 1.446504905019700971e+00 -1.266031518551056223e-01 -1.220870303217175490e+00 2.624712284316860433e+00 1.455848174830168595e+00 -2.648680709810563361e+00
1.199684086490432067e-01 -1.856402181068768087e-01 1.790155349154322340e-01 1.630240892515172346e-01 -1.264511738897184934e-01 5.293781284983825053e-01 8.627846058340164770e-02 5.026120764064909707e-01 -1.064137876367397872e+00 1.047335242469586092e+00 9.549623803269113864e-01 -1.884317307940609254e+00 6.153027484615236631e-01 1.621533031141312087e+00 4.105700263130707128e-02 -8.377091342256939299e-01 2.901505426256555609e+00 1.409844573531095158e+00 -3.243593943867237428e+00
1.197507166119405053e-01 -1.868877886485261208e-01 1.772660766786262887e-01 1.553601664863404341e-01 -1.423934348502089442e-01 4.750390061978739809e-01 8.331216915434358494e-02 1.523609769414697723e-01 -8.907038359773045144e-01 4.848496889122113629e-01 8.478001209515291237e-01 -1.707810322024083227e+00 5.714375837678886683e-02 1.718366940219215877e+00 -5.402050085897123211e-01 -1.872435982904017138e-01 1.550763201895259513e+00 2.685435533779470418e+00 -2.750831569640053154e+00
1.177382554394488523e-01 -1.831677919214061978e-01 1.756028260594438284e-01 1.630321558216194511e-01 -1.353500745585977105e-01 5.389264327286840128e-01 8.921065904319369633e-02 2.544810342710235318e-01 -1.165512701512114280e+00 1.075357559271296282e+00 5.603985729855844866e-01 -1.332664166324119659e+00 -2.161486550193441047e-01 2.355473629563775262e+00 -6.496895002166427346e-01 -3.483527430557655791e-01 1.690877028686896821e+00 2.702780426554411974e+00 -3.017888251775634245e+00
1.198336112978820867e-01 -1.837704459843709781e-01 1.792740082146262459e-01 1.551205516928355621e-01 -1.533523998482364536e-01 4.958574809857356769e-01 8.476789915451493629e-02 7.092473526320430821e-01 1.533766619703698098e-01 8.327166940244703497e-01 1.783326529735862920e+00 -1.190652264280579686e+00 8.102384750091413679e-01 2.184578986229801956e+00 7.208199361320044574e-01 -2.568242652228436285e-01 2.652730083442255804e+00 3.266781077307005177e+00 -4.533435766571636272e+00
1.132087335454391719e-01 -1.731374851318941421e-01 1.726758612052388120e-01 1.804787088125349159e-01 -1.365548131118137221e-01 5.705168660176513917e-01 8.710524354050530604e-02 -3.624725594252513616e-01 -1.037565704659827226e+00 3.597251204797142776e-01 6.602881252209593654e-01 -1.837255732835268329e+00 -3.180539804466855358e-01 1.886953614180434613e+00 -9.419609136036868335e-01 -4.513745208083532745e-01 1.372873786620026237e+00 2.276891726949017425e+00 -2.268572622902493396e+00
1.171723281113246640e-01 -1.723047082568525123e-01 1.736784692374079564e-01 1.664926947885749797e-01 -1.096832049840871237e-01 5.575843609911430576e-01 8.380332609696031221e-02 1.284515133270214271e+00 -4.596644160240144217e-01 1.406378510539020965e+00 1.287720930623427407e+00 -9.626303834548082250e-01 8.427797089956872156e-01 2.302807471639209957e+00 2.598775122298206952e-01 -5.245154397990248185e-02 3.198621984109999872e+00 2.737681854595665598e+00 -4.555776563646216637e+00
