# alpha_SZ_0 SZ_comp0_0 SZ_comp1_0 kappa_SPT alpha_opt_0 opt_comp0_0 opt_comp1_0 alpha_SZ_z alpha_SZ_lam SZ_comp0_z SZ_comp0_lam SZ_comp1_z SZ_comp1_lam alpha_opt_z alpha_opt_lam opt_comp0_z opt_comp0_lam opt_comp1_z opt_comp1_lam alpha_X_0 alpha_X_z alpha_X_lam X_comp0_0 X_comp0_z X_comp0_lam X_comp1_0 X_comp1_z X_comp1_lam
8.1546e-01 2.2852e-02 1.3131e-01 7.7114e-01 9.8594e-01 2.6793e-02 2.4732e-01 0.0000e+00 0.0000e+00 0.0000e+00 0.0 0.0 0.0 0.0 0.0 0.0 0.0 0.0 0.0 0.0 0.0 0.0 0.0 0.0 0.0 0.0 0.0 0.0
6.6514e-01 1.6059e-02 7.7090e-02 6.2100e-01 7.8195e-01 9.4066e-03 8.5399e-02 0.0000e+00 0.0000e+00 0.0000e+00 0.0 0.0 0.0 0.0 0.0 0.0 0.0 0.0 0.0 0.0 0.0 0.0 0.0 0.0 0.0 0.0 0.0 0.0
8.2607e-01 5.4831e-03 1.1732e-01 1.0571e+00 8.6159e-01 1.2230e-02 1.2031e-02 0.0000e+00 0.0000e+00 0.0000e+00 0.0 0.0 0.0 0.0 0.0 0.0 0.0 0.0 0.0 0.0 0.0 0.0 0.0 0.0 0.0 0.0 0.0 0.0
9.8998e-01 2.4939e-02 7.3796e-02 8.3652e-01 8.1271e-01 1.0697e-02 9.0863e-02 0.0000e+00 0.0000e+00 0.0000e+00 0.0 0.0 0.0 0.0 0.0 0.0 0.0 0.0 0.0 0.0 0.0 0.0 0.0 0.0 0.0 0.0 0.0 0.0
8.6784e-01 1.6757e-02 6.6527e-02 5.6913e-01 8.5019e-01 1.4132e-02 1.4683e-01 0.0000e+00 0.0000e+00 0.0000e+00 0.0 0.0 0.0 0.0 0.0 0.0 0.0 0.0 0.0 0.0 0.0 0.0 0.0 0.0 0.0 0.0 0.0 0.0
8.9237e-01 3.6000e-02 1.1505e-01 7.9936e-01 8.3669e-01 1.5295e-02 2.1435e-02 0.0000e+00 0.0000e+00 0.0000e+00 0.0 0.0 0.0 0.0 0.0 0.0 0.0 0.0 0.0 0.0 0.0 0.0 0.0 0.0 0.0 0.0 0.0 0.0
8.7145e-01 3.7397e-03 1.7563e-01 6.5665e-01 8.5828e-01 2.4702e-02 5.9752e-02 0.0000e+00 0.0000e+00 0.0000e+00 0.0 0.0 0.0 0.0 0.0 0.0 0.0 0.0 0.0 0.0 0.0 0.0 0.0 0.0 0.0 0.0 0.0 0.0
8.5462e-01 1.0761e-02 1.1501e-01 8.9847e-01 9.4824e-01 3.0026e-02 1.9577e-01 0.0000e+00 0.0000e+00 0.0000e+00 0.0 0.0 0.0 0.0 0.0 0.0 0.0 0.0 0.0 0.0 0.0 0.0 0.0 0.0 0.0 0.0 0.0 0.0
5.9496e-01 1.4839e-02 7.2305e-02 4.2367e-01 9.7197e-01 3.0096e-03 2.3654e-01 0.0000e+00 0.0000e+00 0.0000e+00 0.0 0.0 0.0 0.0 0.0 0.0 0.0 0.0 0.0 0.0 0.0 0.0 0.0 0.0 0.0 0.0 0.0 0.0
5.5087e-01 4.1834e-04 5.3179e-02 1.1013e+00 8.5996e-01 1.4609e-02 9.2879e-02 0.0000e+00 0.0000e+00 0.0000e+00 0.0 0.0 0.0 0.0 0.0 0.0 0.0 0.0 0.0 0.0 0.0 0.0 0.0 0.0 0.0 0.0 0.0 0.0
5.2879e-01 6.3844e-03 5.0143e-02 8.0643e-01 8.3836e-01 1.7660e-02 8.5259e-02 0.0000e+00 0.0000e+00 0.0000e+00 0.0 0.0 0.0 0.0 0.0 0.0 0.0 0.0 0.0 0.0 0.0 0.0 0.0 0.0 0.0 0.0 0.0 0.0
8.7426e-01 1.0787e-02 5.4682e-02 1.1860e+00 9.2573e-01 2.1033e-02 1.4217e-01 0.0000e+00 0.0000e+00 0.0000e+00 0.0 0.0 0.0 0.0 0.0 0.0 0.0 0.0 0.0 0.0 0.0 0.0 0.0 0.0 0.0 0.0 0.0 0.0
9.0531e-01 3.2813e-02 1.3176e-01 8.8845e-01 6.9777e-01 2.3326e-03 6.5952e-02 0.0000e+00 0.0000e+00 0.0000e+00 0.0 0.0 0.0 0.0 0.0 0.0 0.0 0.0 0.0 0.0 0.0 0.0 0.0 0.0 0.0 0.0 0.0 0.0
8.6408e-01 2.1998e-02 1.3985e-01 9.8770e-01 9.3248e-01 2.6416e-02 5.9343e-02 0.0000e+00 0.0000e+00 0.0000e+00 0.0 0.0 0.0 0.0 0.0 0.0 0.0 0.0 0.0 0.0 0.0 0.0 0.0 0.0 0.0 0.0 0.0 0.0
6.3714e-01 3.6130e-03 8.5417e-02 6.3613e-01 9.8014e-01 3.0277e-02 1.3871e-01 0.0000e+00 0.0000e+00 0.0000e+00 0.0 0.0 0.0 0.0 0.0 0.0 0.0 0.0 0.0 0.0 0.0 0.0 0.0 0.0 0.0 0.0 0.0 0.0
7.7739e-01 2.2649e-02 1.0361e-01 5.3129e-01 5.0739e-01 1.6217e-02 2.8310e-02 0.0000e+00 0.0000e+00 0.0000e+00 0.0 0.0 0.0 0.0 0.0 0.0 0.0 0.0 0.0 0.0 0.0 0.0 0.0 0.0 0.0 0.0 0.0 0.0
9.9095e-01 2.5047e-02 1.9147e-01 4.6962e-01 8.0796e-01 1.9911e-02 1.1514e-01 0.0000e+00 0.0000e+00 0.0000e+00 0.0 0.0 0.0 0.0 0.0 0.0 0.0 0.0 0.0 0.0 0.0 0.0 0.0 0.0 0.0 0.0 0.0 0.0
9.1059e-01 1.8317e-03 5.7851e-02 1.1769e+00 8.9380e-01 2.1558e-02 1.2160e-01 0.0000e+00 0.0000e+00 0.0000e+00 0.0 0.0 0.0 0.0 0.0 0.0 0.0 0.0 0.0 0.0 0.0 0.0 0.0 0.0 0.0 0.0 0.0 0.0
8.9459e-01 1.5612e-02 9.7020e-02 7.5742e-01 6.6672e-01 9.9195e-03 9.3173e-02 0.0000e+00 0.0000e+00 0.0000e+00 0.0 0.0 0.0 0.0 0.0 0.0 0.0 0.0 0.0 0.0 0.0 0.0 0.0 0.0 0.0 0.0 0.0 0.0
8.9184e-01 2.7297e-02 9.6718e-02 1.0006e+00 7.5601e-01 8.8612e-03 3.8738e-02 0.0000e+00 0.0000e+00 0.0000e+00 0.0 0.0 0.0 0.0 0.0 0.0 0.0 0.0 0.0 0.0 0.0 0.0 0.0 0.0 0.0 0.0 0.0 0.0
8.9684e-01 1.9760e-02 1.2705e-01 1.0034e+00 9.4367e-01 1.2085e-02 1.3433e-01 0.0000e+00 0.0000e+00 0.0000e+00 0.0 0.0 0.0 0.0 0.0 0.0 0.0 0.0 0.0 0.0 0.0 0.0 0.0 0.0 0.0 0.0 0.0 0.0
8.7920e-01 2.4785e-02 5.9657e-02 4.9548e-01 7.7769e-01 9.1032e-03 9.3040e-02 0.0000e+00 0.0000e+00 0.0000e+00 0.0 0.0 0.0 0.0 0.0 0.0 0.0 0.0 0.0 0.0 0.0 0.0 0.0 0.0 0.0 0.0 0.0 0.0
9.5045e-01 1.9142e-02 1.1198e-01 1.1556e+00 8.1559e-01 3.1406e-03 1.2825e-01 0.0000e+00 0.0000e+00 0.0000e+00 0.0 0.0 0.0 0.0 0.0 0.0 0.0 0.0 0.0 0.0 0.0 0.0 0.0 0.0 0.0 0.0 0.0 0.0
8.0429e-01 1.2962e-02 1.4319e-01 7.4570e-01 6.7268e-01 1.6198e-02 2.2967e-02 0.0000e+00 0.0000e+00 0.0000e+00 0.0 0.0 0.0 0.0 0.0 0.0 0.0 0.0 0.0 0.0 0.0 0.0 0.0 0.0 0.0 0.0 0.0 0.0
7.6121e-01 3.1628e-02 3.7168e-03 1.0132e+00 8.2578e-01 7.4902e-03 1.3997e-01 0.0000e+00 0.0000e+00 0.0000e+00 0.0 0.0 0.0 0.0 0.0 0.0 0.0 0.0 0.0 0.0 0.0 0.0 0.0 0.0 0.0 0.0 0.0 0.0
7.3806e-01 1.3738e-02 4.9981e-02 9.4597e-01 8.9810e-01 1.7807e-02 9.4845e-02 0.0000e+00 0.0000e+00 0.0000e+00 0.0 0.0 0.0 0.0 0.0 0.0 0.0 0.0 0.0 0.0 0.0 0.0 0.0 0.0 0.0 0.0 0.0 0.0
9.9992e-01 2.6350e-02 2.0797e-01 8.8169e-01 8.7548e-01 1.3900e-02 1.2134e-01 0.0000e+00 0.0000e+00 0.0000e+00 0.0 0.0 0.0 0.0 0.0 0.0 0.0 0.0 0.0 0.0 0.0 0.0 0.0 0.0 0.0 0.0 0.0 0.0
9.5665e-01 9.5230e-03 1.3921e-01 4.7879e-01 8.2877e-01 2.7921e-02 9.5074e-02 0.0000e+00 0.0000e+00 0.0000e+00 0.0 0.0 0.0 0.0 0.0 0.0 0.0 0.0 0.0 0.0 0.0 0.0 0.0 0.0 0.0 0.0 0.0 0.0
9.3630e-01 1.2281e-02 1.8484e-01 7.9523e-01 6.9305e-01 1.4260e-02 8.7948e-02 0.0000e+00 0.0000e+00 0.0000e+00 0.0 0.0 0.0 0.0 0.0 0.0 0.0 0.0 0.0 0.0 0.0 0.0 0.0 0.0 0.0 0.0 0.0 0.0
7.4876e-01 1.2116e-02 3.0873e-02 8.1108e-01 8.9425e-01 2.2200e-02 1.3910e-01 0.0000e+00 0.0000e+00 0.0000e+00 0.0 0.0 0.0 0.0 0.0 0.0 0.0 0.0 0.0 0.0 0.0 0.0 0.0 0.0 0.0 0.0 0.0 0.0
9.6093e-01 8.8402e-03 1.3917e-01 9.3629e-01 6.6001e-01 1.5083e-02 5.2908e-02 0.0000e+00 0.0000e+00 0.0000e+00 0.0 0.0 0.0 0.0 0.0 0.0 0.0 0.0 0.0 0.0 0.0 0.0 0.0 0.0 0.0 0.0 0.0 0.0
9.0974e-01 2.5480e-03 1.3855e-01 1.2345e+00 7.9939e-01 1.4903e-02 5.4994e-02 0.0000e+00 0.0000e+00 0.0000e+00 0.0 0.0 0.0 0.0 0.0 0.0 0.0 0.0 0.0 0.0 0.0 0.0 0.0 0.0 0.0 0.0 0.0 0.0
6.6432e-01 1.7014e-02 1.0024e-01 7.0759e-01 8.0774e-01 1.3589e-02 2.2568e-02 0.0000e+00 0.0000e+00 0.0000e+00 0.0 0.0 0.0 0.0 0.0 0.0 0.0 0.0 0.0 0.0 0.0 0.0 0.0 0.0 0.0 0.0 0.0 0.0
8.7266e-01 1.7562e-02 6.8596e-02 9.1799e-01 9.0190e-01 1.6428e-02 1.7083e-01 0.0000e+00 0.0000e+00 0.0000e+00 0.0 0.0 0.0 0.0 0.0 0.0 0.0 0.0 0.0 0.0 0.0 0.0 0.0 0.0 0.0 0.0 0.0 0.0
5.9968e-01 2.0298e-02 2.5589e-02 3.8231e-01 7.8205e-01 1.6155e-03 1.3097e-01 0.0000e+00 0.0000e+00 0.0000e+00 0.0 0.0 0.0 0.0 0.0 0.0 0.0 0.0 0.0 0.0 0.0 0.0 0.0 0.0 0.0 0.0 0.0 0.0
8.3151e-01 1.5219e-02 1.0484e-01 8.8204e-01 9.9141e-01 3.2483e-02 6.0792e-02 0.0000e+00 0.0000e+00 0.0000e+00 0.0 0.0 0.0 0.0 0.0 0.0 0.0 0.0 0.0 0.0 0.0 0.0 0.0 0.0 0.0 0.0 0.0 0.0
9.2941e-01 1.3216e-02 1.0904e-01 1.0781e+00 7.0462e-01 1.8936e-02 5.5457e-02 0.0000e+00 0.0000e+00 0.0000e+00 0.0 0.0 0.0 0.0 0.0 0.0 0.0 0.0 0.0 0.0 0.0 0.0 0.0 0.0 0.0 0.0 0.0 0.0
9.0288e-01 1.3076e-02 1.7157e-01 5.9977e-01 5.0049e-01 1.7022e-02 4.0437e-02 0.0000e+00 0.0000e+00 0.0000e+00 0.0 0.0 0.0 0.0 0.0 0.0 0.0 0.0 0.0 0.0 0.0 0.0 0.0 0.0 0.0 0.0 0.0 0.0
8.7198e-01 1.9565e-02 4.1558e-02 9.4535e-01 7.9470e-01 2.2392e-02 1.1725e-01 0.0000e+00 0.0000e+00 0.0000e+00 0.0 0.0 0.0 0.0 0.0 0.0 0.0 0.0 0.0 0.0 0.0 0.0 0.0 0.0 0.0 0.0 0.0 0.0
6.9191e-01 6.3439e-03 7.9203e-02 9.7476e-01 9.5586e-01 2.7756e-02 1.1402e-01 0.0000e+00 0.0000e+00 0.0000e+00 0.0 0.0 0.0 0.0 0.0 0.0 0.0 0.0 0.0 0.0 0.0 0.0 0.0 0.0 0.0 0.0 0.0 0.0
8.4139e-01 2.1919e-02 1.0511e-01 6.6668e-01 8.7898e-01 6.9625e-03 1.2665e-01 0.0000e+00 0.0000e+00 0.0000e+00 0.0 0.0 0.0 0.0 0.0 0.0 0.0 0.0 0.0 0.0 0.0 0.0 0.0 0.0 0.0 0.0 0.0 0.0
5.0680e-01 1.4114e-02 6.8846e-02 5.5103e-01 9.6423e-01 3.8692e-03 1.7435e-01 0.0000e+00 0.0000e+00 0.0000e+00 0.0 0.0 0.0 0.0 0.0 0.0 0.0 0.0 0.0 0.0 0.0 0.0 0.0 0.0 0.0 0.0 0.0 0.0
6.0354e-01 5.1400e-03 3.1046e-02 9.8958e-01 8.4991e-01 7.5229e-03 1.1137e-01 0.0000e+00 0.0000e+00 0.0000e+00 0.0 0.0 0.0 0.0 0.0 0.0 0.0 0.0 0.0 0.0 0.0 0.0 0.0 0.0 0.0 0.0 0.0 0.0
9.4877e-01 2.3086e-02 1.1935e-01 6.7320e-01 7.8493e-01 2.5783e-02 9.0462e-02 0.0000e+00 0.0000e+00 0.0000e+00 0.0 0.0 0.0 0.0 0.0 0.0 0.0 0.0 0.0 0.0 0.0 0.0 0.0 0.0 0.0 0.0 0.0 0.0
7.6496e-01 4.8577e-03 1.0156e-01 8.0412e-01 9.7137e-01 3.1747e-02 1.1462e-02 0.0000e+00 0.0000e+00 0.0000e+00 0.0 0.0 0.0 0.0 0.0 0.0 0.0 0.0 0.0 0.0 0.0 0.0 0.0 0.0 0.0 0.0 0.0 0.0
7.4120e-01 5.6434e-03 8.4672e-02 1.0541e+00 9.3128e-01 2.4461e-02 1.7035e-01 0.0000e+00 0.0000e+00 0.0000e+00 0.0 0.0 0.0 0.0 0.0 0.0 0.0 0.0 0.0 0.0 0.0 0.0 0.0 0.0 0.0 0.0 0.0 0.0
9.4837e-01 1.5408e-02 1.3146e-01 1.1929e+00 6.7641e-01 1.1041e-02 6.1416e-02 0.0000e+00 0.0000e+00 0.0000e+00 0.0 0.0 0.0 0.0 0.0 0.0 0.0 0.0 0.0 0.0 0.0 0.0 0.0 0.0 0.0 0.0 0.0 0.0
9.7994e-01 1.8424e-02 1.8986e-01 9.0830e-01 6.2492e-01 7.1190e-03 9.3705e-02 0.0000e+00 0.0000e+00 0.0000e+00 0.0 0.0 0.0 0.0 0.0 0.0 0.0 0.0 0.0 0.0 0.0 0.0 0.0 0.0 0.0 0.0 0.0 0.0
8.1558e-01 1.6467e-02 7.3025e-03 1.0288e+00 7.7940e-01 1.3620e-02 9.2974e-02 0.0000e+00 0.0000e+00 0.0000e+00 0.0 0.0 0.0 0.0 0.0 0.0 0.0 0.0 0.0 0.0 0.0 0.0 0.0 0.0 0.0 0.0 0.0 0.0
9.1385e-01 1.2731e-02 4.9910e-02 1.0672e+00 8.2878e-01 8.7173e-03 1.2960e-01 0.0000e+00 0.0000e+00 0.0000e+00 0.0 0.0 0.0 0.0 0.0 0.0 0.0 0.0 0.0 0.0 0.0 0.0 0.0 0.0 0.0 0.0 0.0 0.0
9.6379e-01 2.6379e-02 1.4400e-01 8.5439e-01 6.2880e-01 9.3369e-03 7.3626e-02 0.0000e+00 0.0000e+00 0.0000e+00 0.0 0.0 0.0 0.0 0.0 0.0 0.0 0.0 0.0 0.0 0.0 0.0 0.0 0.0 0.0 0.0 0.0 0.0
7.9687e-01 2.1636e-02 1.0798e-01 5.1746e-01 6.7720e-01 2.4958e-02 2.0336e-03 0.0000e+00 0.0000e+00 0.0000e+00 0.0 0.0 0.0 0.0 0.0 0.0 0.0 0.0 0.0 0.0 0.0 0.0 0.0 0.0 0.0 0.0 0.0 0.0
9.4175e-01 1.7472e-02 1.6123e-01 9.3261e-01 6.7453e-01 2.7235e-03 9.6845e-02 0.0000e+00 0.0000e+00 0.0000e+00 0.0 0.0 0.0 0.0 0.0 0.0 0.0 0.0 0.0 0.0 0.0 0.0 0.0 0.0 0.0 0.0 0.0 0.0
8.3923e-01 8.2762e-03 6.5147e-02 8.9267e-01 7.5302e-01 8.4309e-03 9.1110e-02 0.0000e+00 0.0000e+00 0.0000e+00 0.0 0.0 0.0 0.0 0.0 0.0 0.0 0.0 0.0 0.0 0.0 0.0 0.0 0.0 0.0 0.0 0.0 0.0
9.6405e-01 6.5338e-03 8.4383e-02 9.2596e-01 8.8737e-01 2.6179e-02 1.1261e-01 0.0000e+00 0.0000e+00 0.0000e+00 0.0 0.0 0.0 0.0 0.0 0.0 0.0 0.0 0.0 0.0 0.0 0.0 0.0 0.0 0.0 0.0 0.0 0.0
7.6037e-01 1.7514e-02 8.1806e-02 6.2343e-01 8.4417e-01 1.2503e-02 1.1893e-01 0.0000e+00 0.0000e+00 0.0000e+00 0.0 0.0 0.0 0.0 0.0 0.0 0.0 0.0 0.0 0.0 0.0 0.0 0.0 0.0 0.0 0.0 0.0 0.0
8.3978e-01 2.8615e-02 7.2842e-02 6.1722e-01 9.3454e-01 9.9706e-03 1.7792e-01 0.0000e+00 0.0000e+00 0.0000e+00 0.0 0.0 0.0 0.0 0.0 0.0 0.0 0.0 0.0 0.0 0.0 0.0 0.0 0.0 0.0 0.0 0.0 0.0
6.8352e-01 9.4203e-03 6.2033e-02 8.8137e-01 9.5631e-01 1.6045e-02 2.1681e-01 0.0000e+00 0.0000e+00 0.0000e+00 0.0 0.0 0.0 0.0 0.0 0.0 0.0 0.0 0.0 0.0 0.0 0.0 0.0 0.0 0.0 0.0 0.0 0.0
6.9535e-01 6.5486e-03 9.0823e-02 7.6546e-01 9.5515e-01 2.9294e-02 1.1725e-01 0.0000e+00 0.0000e+00 0.0000e+00 0.0 0.0 0.0 0.0 0.0 0.0 0.0 0.0 0.0 0.0 0.0 0.0 0.0 0.0 0.0 0.0 0.0 0.0
8.1455e-01 3.3582e-02 7.5716e-02 1.0015e+00 9.6899e-01 1.2000e-03 1.6842e-01 0.0000e+00 0.0000e+00 0.0000e+00 0.0 0.0 0.0 0.0 0.0 0.0 0.0 0.0 0.0 0.0 0.0 0.0 0.0 0.0 0.0 0.0 0.0 0.0
8.1463e-01 2.4311e-02 9.9793e-02 7.8524e-01 6.4924e-01 1.1500e-02 4.7339e-02 0.0000e+00 0.0000e+00 0.0000e+00 0.0 0.0 0.0 0.0 0.0 0.0 0.0 0.0 0.0 0.0 0.0 0.0 0.0 0.0 0.0 0.0 0.0 0.0
8.9863e-01 2.5401e-02 1.4252e-01 6.1480e-01 8.6901e-01 1.8846e-02 6.3821e-02 0.0000e+00 0.0000e+00 0.0000e+00 0.0 0.0 0.0 0.0 0.0 0.0 0.0 0.0 0.0 0.0 0.0 0.0 0.0 0.0 0.0 0.0 0.0 0.0
8.1224e-01 3.2443e-02 8.1179e-02 9.2961e-01 9.7133e-01 6.0681e-05 2.3853e-01 0.0000e+00 0.0000e+00 0.0000e+00 0.0 0.0 0.0 0.0 0.0 0.0 0.0 0.0 0.0 0.0 0.0 0.0 0.0 0.0 0.0 0.0 0.0 0.0
7.7085e-01 2.1000e-02 2.8561e-02 5.0746e-01 8.0954e-01 1.8168e-02 1.0154e-01 0.0000e+00 0.0000e+00 0.0000e+00 0.0 0.0 0.0 0.0 0.0 0.0 0.0 0.0 0.0 0.0 0.0 0.0 0.0 0.0 0.0 0.0 0.0 0.0
6.0592e-01 1.6776e-02 5.4401e-02 5.6074e-01 9.1333e-01 6.9525e-03 1.8598e-01 0.0000e+00 0.0000e+00 0.0000e+00 0.0 0.0 0.0 0.0 0.0 0.0 0.0 0.0 0.0 0.0 0.0 0.0 0.0 0.0 0.0 0.0 0.0 0.0
9.9366e-01 1.6706e-02 1.6097e-01 1.0222e+00 8.2011e-01 1.6911e-02 1.2718e-01 0.0000e+00 0.0000e+00 0.0000e+00 0.0 0.0 0.0 0.0 0.0 0.0 0.0 0.0 0.0 0.0 0.0 0.0 0.0 0.0 0.0 0.0 0.0 0.0
5.5694e-01 1.4491e-02 5.8580e-02 5.0445e-01 8.7889e-01 1.3718e-02 1.1289e-01 0.0000e+00 0.0000e+00 0.0000e+00 0.0 0.0 0.0 0.0 0.0 0.0 0.0 0.0 0.0 0.0 0.0 0.0 0.0 0.0 0.0 0.0 0.0 0.0
9.4045e-01 1.9833e-02 3.4978e-02 7.0191e-01 6.7853e-01 7.6256e-04 1.1713e-01 0.0000e+00 0.0000e+00 0.0000e+00 0.0 0.0 0.0 0.0 0.0 0.0 0.0 0.0 0.0 0.0 0.0 0.0 0.0 0.0 0.0 0.0 0.0 0.0
7.1598e-01 2.9868e-02 2.1248e-02 6.7898e-01 8.7224e-01 1.0729e-02 1.3991e-01 0.0000e+00 0.0000e+00 0.0000e+00 0.0 0.0 0.0 0.0 0.0 0.0 0.0 0.0 0.0 0.0 0.0 0.0 0.0 0.0 0.0 0.0 0.0 0.0
8.5953e-01 2.9163e-02 1.0285e-01 5.9947e-01 8.4533e-01 1.5711e-02 4.4413e-02 0.0000e+00 0.0000e+00 0.0000e+00 0.0 0.0 0.0 0.0 0.0 0.0 0.0 0.0 0.0 0.0 0.0 0.0 0.0 0.0 0.0 0.0 0.0 0.0
7.6696e-01 3.0449e-03 1.0877e-01 8.3853e-01 7.5678e-01 5.3227e-03 3.2773e-02 0.0000e+00 0.0000e+00 0.0000e+00 0.0 0.0 0.0 0.0 0.0 0.0 0.0 0.0 0.0 0.0 0.0 0.0 0.0 0.0 0.0 0.0 0.0 0.0
6.8197e-01 1.4747e-02 7.3493e-02 6.0235e-01 9.1205e-01 6.6452e-03 1.6848e-01 0.0000e+00 0.0000e+00 0.0000e+00 0.0 0.0 0.0 0.0 0.0 0.0 0.0 0.0 0.0 0.0 0.0 0.0 0.0 0.0 0.0 0.0 0.0 0.0
8.7925e-01 2.5853e-02 7.1074e-02 6.1465e-01 7.9691e-01 8.7329e-03 1.2594e-01 0.0000e+00 0.0000e+00 0.0000e+00 0.0 0.0 0.0 0.0 0.0 0.0 0.0 0.0 0.0 0.0 0.0 0.0 0.0 0.0 0.0 0.0 0.0 0.0
6.6303e-01 2.3469e-02 2.7512e-02 1.0045e+00 8.4277e-01 1.4514e-02 1.0808e-01 0.0000e+00 0.0000e+00 0.0000e+00 0.0 0.0 0.0 0.0 0.0 0.0 0.0 0.0 0.0 0.0 0.0 0.0 0.0 0.0 0.0 0.0 0.0 0.0
8.7539e-01 6.5243e-03 1.5236e-01 5.9163e-01 7.2515e-01 2.7020e-02 3.0606e-02 0.0000e+00 0.0000e+00 0.0000e+00 0.0 0.0 0.0 0.0 0.0 0.0 0.0 0.0 0.0 0.0 0.0 0.0 0.0 0.0 0.0 0.0 0.0 0.0
9.7714e-01 9.7200e-03 1.8310e-01 7.8526e-01 8.5826e-01 3.4165e-02 8.9034e-02 0.0000e+00 0.0000e+00 0.0000e+00 0.0 0.0 0.0 0.0 0.0 0.0 0.0 0.0 0.0 0.0 0.0 0.0 0.0 0.0 0.0 0.0 0.0 0.0
9.8650e-01 1.5731e-02 1.7793e-01 8.1708e-01 7.5693e-01 1.0275e-02 1.1353e-01 0.0000e+00 0.0000e+00 0.0000e+00 0.0 0.0 0.0 0.0 0.0 0.0 0.0 0.0 0.0 0.0 0.0 0.0 0.0 0.0 0.0 0.0 0.0 0.0
8.5566e-01 7.2011e-03 1.1670e-01 6.3407e-01 7.1608e-01 2.8600e-02 2.5135e-02 0.0000e+00 0.0000e+00 0.0000e+00 0.0 0.0 0.0 0.0 0.0 0.0 0.0 0.0 0.0 0.0 0.0 0.0 0.0 0.0 0.0 0.0 0.0 0.0
7.9181e-01 2.2298e-02 1.1024e-01 4.7093e-01 5.9644e-01 1.5334e-03 3.3624e-02 0.0000e+00 0.0000e+00 0.0000e+00 0.0 0.0 0.0 0.0 0.0 0.0 0.0 0.0 0.0 0.0 0.0 0.0 0.0 0.0 0.0 0.0 0.0 0.0
7.5376e-01 2.8456e-02 9.4127e-02 7.4516e-01 9.5800e-01 1.0797e-03 1.6760e-01 0.0000e+00 0.0000e+00 0.0000e+00 0.0 0.0 0.0 0.0 0.0 0.0 0.0 0.0 0.0 0.0 0.0 0.0 0.0 0.0 0.0 0.0 0.0 0.0
9.8123e-01 2.4324e-02 1.8654e-01 5.6016e-01 7.3842e-01 9.1409e-03 8.5415e-02 0.0000e+00 0.0000e+00 0.0000e+00 0.0 0.0 0.0 0.0 0.0 0.0 0.0 0.0 0.0 0.0 0.0 0.0 0.0 0.0 0.0 0.0 0.0 0.0
8.3975e-01 1.4988e-02 1.1205e-01 9.2489e-01 9.3883e-01 3.1071e-02 5.0021e-02 0.0000e+00 0.0000e+00 0.0000e+00 0.0 0.0 0.0 0.0 0.0 0.0 0.0 0.0 0.0 0.0 0.0 0.0 0.0 0.0 0.0 0.0 0.0 0.0
7.7739e-01 7.8824e-03 1.0139e-01 8.2629e-01 8.2603e-01 2.8778e-02 2.1046e-02 0.0000e+00 0.0000e+00 0.0000e+00 0.0 0.0 0.0 0.0 0.0 0.0 0.0 0.0 0.0 0.0 0.0 0.0 0.0 0.0 0.0 0.0 0.0 0.0
5.6406e-01 1.2650e-02 6.0181e-02 5.6523e-01 9.1385e-01 6.1751e-03 1.8152e-01 0.0000e+00 0.0000e+00 0.0000e+00 0.0 0.0 0.0 0.0 0.0 0.0 0.0 0.0 0.0 0.0 0.0 0.0 0.0 0.0 0.0 0.0 0.0 0.0
9.5648e-01 2.0985e-02 7.6067e-02 6.5364e-01 6.7387e-01 2.5033e-03 1.0523e-01 0.0000e+00 0.0000e+00 0.0000e+00 0.0 0.0 0.0 0.0 0.0 0.0 0.0 0.0 0.0 0.0 0.0 0.0 0.0 0.0 0.0 0.0 0.0 0.0
6.1325e-01 2.6453e-02 2.8597e-02 8.2619e-01 9.1191e-01 5.0306e-03 1.3392e-01 0.0000e+00 0.0000e+00 0.0000e+00 0.0 0.0 0.0 0.0 0.0 0.0 0.0 0.0 0.0 0.0 0.0 0.0 0.0 0.0 0.0 0.0 0.0 0.0
9.3551e-01 4.1742e-03 1.0572e-01 8.9446e-01 9.1788e-01 3.3364e-02 1.2792e-01 0.0000e+00 0.0000e+00 0.0000e+00 0.0 0.0 0.0 0.0 0.0 0.0 0.0 0.0 0.0 0.0 0.0 0.0 0.0 0.0 0.0 0.0 0.0 0.0
8.2049e-01 4.3111e-03 8.7273e-02 1.1991e+00 8.9703e-01 1.9806e-02 1.2712e-01 0.0000e+00 0.0000e+00 0.0000e+00 0.0 0.0 0.0 0.0 0.0 0.0 0.0 0.0 0.0 0.0 0.0 0.0 0.0 0.0 0.0 0.0 0.0 0.0
8.4688e-01 2.3719e-02 1.1857e-01 1.1371e+00 8.5454e-01 1.2893e-02 4.9832e-02 0.0000e+00 0.0000e+00 0.0000e+00 0.0 0.0 0.0 0.0 0.0 0.0 0.0 0.0 0.0 0.0 0.0 0.0 0.0 0.0 0.0 0.0 0.0 0.0
8.6234e-01 3.0709e-02 8.0152e-02 5.9492e-01 8.8056e-01 1.6109e-03 1.4907e-01 0.0000e+00 0.0000e+00 0.0000e+00 0.0 0.0 0.0 0.0 0.0 0.0 0.0 0.0 0.0 0.0 0.0 0.0 0.0 0.0 0.0 0.0 0.0 0.0
8.4990e-01 2.1213e-02 1.1096e-01 5.9147e-01 8.4323e-01 1.6605e-02 9.7431e-02 0.0000e+00 0.0000e+00 0.0000e+00 0.0 0.0 0.0 0.0 0.0 0.0 0.0 0.0 0.0 0.0 0.0 0.0 0.0 0.0 0.0 0.0 0.0 0.0
7.5643e-01 7.7856e-03 1.2568e-01 5.9205e-01 6.4954e-01 2.0616e-02 2.7393e-02 0.0000e+00 0.0000e+00 0.0000e+00 0.0 0.0 0.0 0.0 0.0 0.0 0.0 0.0 0.0 0.0 0.0 0.0 0.0 0.0 0.0 0.0 0.0 0.0
9.4521e-01 2.6905e-02 1.4264e-01 1.1107e+00 8.4828e-01 1.1470e-02 1.0190e-01 0.0000e+00 0.0000e+00 0.0000e+00 0.0 0.0 0.0 0.0 0.0 0.0 0.0 0.0 0.0 0.0 0.0 0.0 0.0 0.0 0.0 0.0 0.0 0.0
8.0356e-01 9.0484e-04 1.1767e-01 9.3146e-01 8.1660e-01 7.3184e-03 4.1343e-02 0.0000e+00 0.0000e+00 0.0000e+00 0.0 0.0 0.0 0.0 0.0 0.0 0.0 0.0 0.0 0.0 0.0 0.0 0.0 0.0 0.0 0.0 0.0 0.0
7.9843e-01 6.5883e-03 1.2114e-01 6.0753e-01 7.3244e-01 2.9855e-02 2.5986e-02 0.0000e+00 0.0000e+00 0.0000e+00 0.0 0.0 0.0 0.0 0.0 0.0 0.0 0.0 0.0 0.0 0.0 0.0 0.0 0.0 0.0 0.0 0.0 0.0
9.8741e-01 5.1100e-03 2.3454e-01 9.3603e-01 6.3655e-01 3.0745e-03 9.1952e-02 0.0000e+00 0.0000e+00 0.0000e+00 0.0 0.0 0.0 0.0 0.0 0.0 0.0 0.0 0.0 0.0 0.0 0.0 0.0 0.0 0.0 0.0 0.0 0.0
8.4734e-01 2.6344e-02 5.8387e-02 7.5200e-01 9.3902e-01 1.6487e-02 1.3987e-01 0.0000e+00 0.0000e+00 0.0000e+00 0.0 0.0 0.0 0.0 0.0 0.0 0.0 0.0 0.0 0.0 0.0 0.0 0.0 0.0 0.0 0.0 0.0 0.0
8.6258e-01 1.4267e-03 1.1670e-01 8.6615e-01 9.5524e-01 3.5620e-02 1.1421e-01 0.0000e+00 0.0000e+00 0.0000e+00 0.0 0.0 0.0 0.0 0.0 0.0 0.0 0.0 0.0 0.0 0.0 0.0 0.0 0.0 0.0 0.0 0.0 0.0
7.9186e-01 2.1791e-02 8.6734e-02 5.6273e-01 8.2440e-01 2.4442e-03 7.3417e-02 0.0000e+00 0.0000e+00 0.0000e+00 0.0 0.0 0.0 0.0 0.0 0.0 0.0 0.0 0.0 0.0 0.0 0.0 0.0 0.0 0.0 0.0 0.0 0.0
9.1841e-01 2.1718e-02 1.1308e-01 4.5366e-01 7.2748e-01 1.5233e-02 8.4088e-02 0.0000e+00 0.0000e+00 0.0000e+00 0.0 0.0 0.0 0.0 0.0 0.0 0.0 0.0 0.0 0.0 0.0 0.0 0.0 0.0 0.0 0.0 0.0 0.0
9.5894e-01 1.9911e-02 1.6911e-01 1.0475e+00 7.3788e-01 2.0269e-02 7.3044e-02 0.0000e+00 0.0000e+00 0.0000e+00 0.0 0.0 0.0 0.0 0.0 0.0 0.0 0.0 0.0 0.0 0.0 0.0 0.0 0.0 0.0 0.0 0.0 0.0
8.0288e-01 1.5734e-02 1.1743e-01 9.7016e-01 9.9766e-01 1.2974e-02 8.7383e-02 0.0000e+00 0.0000e+00 0.0000e+00 0.0 0.0 0.0 0.0 0.0 0.0 0.0 0.0 0.0 0.0 0.0 0.0 0.0 0.0 0.0 0.0 0.0 0.0
5.8849e-01 1.5959e-02 4.8613e-02 1.0918e+00 9.5184e-01 1.2150e-03 1.9740e-01 0.0000e+00 0.0000e+00 0.0000e+00 0.0 0.0 0.0 0.0 0.0 0.0 0.0 0.0 0.0 0.0 0.0 0.0 0.0 0.0 0.0 0.0 0.0 0.0
9.5300e-01 1.7540e-02 1.5204e-01 9.1051e-01 5.6669e-01 6.2193e-03 7.6365e-02 0.0000e+00 0.0000e+00 0.0000e+00 0.0 0.0 0.0 0.0 0.0 0.0 0.0 0.0 0.0 0.0 0.0 0.0 0.0 0.0 0.0 0.0 0.0 0.0
8.8312e-01 1.8504e-02 7.8917e-02 1.0316e+00 9.0202e-01 2.0651e-02 9.4980e-02 0.0000e+00 0.0000e+00 0.0000e+00 0.0 0.0 0.0 0.0 0.0 0.0 0.0 0.0 0.0 0.0 0.0 0.0 0.0 0.0 0.0 0.0 0.0 0.0
8.0071e-01 9.2916e-04 9.4464e-02 1.1658e+00 9.7132e-01 2.1945e-02 1.9077e-01 0.0000e+00 0.0000e+00 0.0000e+00 0.0 0.0 0.0 0.0 0.0 0.0 0.0 0.0 0.0 0.0 0.0 0.0 0.0 0.0 0.0 0.0 0.0 0.0
7.0492e-01 6.9163e-03 8.1628e-02 1.0877e+00 9.6500e-01 2.4638e-02 1.4167e-01 0.0000e+00 0.0000e+00 0.0000e+00 0.0 0.0 0.0 0.0 0.0 0.0 0.0 0.0 0.0 0.0 0.0 0.0 0.0 0.0 0.0 0.0 0.0 0.0
8.9193e-01 1.6998e-02 1.1602e-01 8.0060e-01 5.2904e-01 6.2959e-03 6.4484e-02 0.0000e+00 0.0000e+00 0.0000e+00 0.0 0.0 0.0 0.0 0.0 0.0 0.0 0.0 0.0 0.0 0.0 0.0 0.0 0.0 0.0 0.0 0.0 0.0
8.6009e-01 1.7165e-02 1.1156e-01 5.1731e-01 7.9858e-01 1.1027e-02 7.6537e-02 0.0000e+00 0.0000e+00 0.0000e+00 0.0 0.0 0.0 0.0 0.0 0.0 0.0 0.0 0.0 0.0 0.0 0.0 0.0 0.0 0.0 0.0 0.0 0.0
8.6420e-01 2.4171e-02 4.4941e-02 1.0255e+00 8.4268e-01 2.6600e-03 1.0718e-01 0.0000e+00 0.0000e+00 0.0000e+00 0.0 0.0 0.0 0.0 0.0 0.0 0.0 0.0 0.0 0.0 0.0 0.0 0.0 0.0 0.0 0.0 0.0 0.0
7.9067e-01 2.9270e-03 1.0546e-01 6.1262e-01 8.6931e-01 2.0528e-02 6.1593e-02 0.0000e+00 0.0000e+00 0.0000e+00 0.0 0.0 0.0 0.0 0.0 0.0 0.0 0.0 0.0 0.0 0.0 0.0 0.0 0.0 0.0 0.0 0.0 0.0
9.4274e-01 2.7344e-02 4.9165e-02 7.1471e-01 7.1971e-01 7.3844e-03 1.0082e-01 0.0000e+00 0.0000e+00 0.0000e+00 0.0 0.0 0.0 0.0 0.0 0.0 0.0 0.0 0.0 0.0 0.0 0.0 0.0 0.0 0.0 0.0 0.0 0.0
8.3119e-01 1.7803e-02 1.1800e-01 1.0286e+00 9.6071e-01 2.6699e-02 3.6722e-02 0.0000e+00 0.0000e+00 0.0000e+00 0.0 0.0 0.0 0.0 0.0 0.0 0.0 0.0 0.0 0.0 0.0 0.0 0.0 0.0 0.0 0.0 0.0 0.0
8.9100e-01 1.7273e-02 1.1429e-01 1.0951e+00 9.3139e-01 2.4217e-02 7.6342e-02 0.0000e+00 0.0000e+00 0.0000e+00 0.0 0.0 0.0 0.0 0.0 0.0 0.0 0.0 0.0 0.0 0.0 0.0 0.0 0.0 0.0 0.0 0.0 0.0
9.3581e-01 2.0194e-02 1.3657e-01 8.1987e-01 7.9204e-01 2.1317e-02 4.8077e-02 0.0000e+00 0.0000e+00 0.0000e+00 0.0 0.0 0.0 0.0 0.0 0.0 0.0 0.0 0.0 0.0 0.0 0.0 0.0 0.0 0.0 0.0 0.0 0.0
9.4470e-01 9.3577e-03 1.6817e-01 6.8029e-01 6.7019e-01 3.4200e-03 7.8792e-02 0.0000e+00 0.0000e+00 0.0000e+00 0.0 0.0 0.0 0.0 0.0 0.0 0.0 0.0 0.0 0.0 0.0 0.0 0.0 0.0 0.0 0.0 0.0 0.0
8.1467e-01 3.7947e-03 1.0737e-01 5.9962e-01 7.6102e-01 2.6892e-02 4.6350e-02 0.0000e+00 0.0000e+00 0.0000e+00 0.0 0.0 0.0 0.0 0.0 0.0 0.0 0.0 0.0 0.0 0.0 0.0 0.0 0.0 0.0 0.0 0.0 0.0
6.5514e-01 7.7968e-03 6.6968e-02 6.9043e-01 9.6193e-01 2.6404e-02 1.7871e-01 0.0000e+00 0.0000e+00 0.0000e+00 0.0 0.0 0.0 0.0 0.0 0.0 0.0 0.0 0.0 0.0 0.0 0.0 0.0 0.0 0.0 0.0 0.0 0.0
8.6048e-01 1.2687e-02 1.5239e-01 8.1577e-01 7.6650e-01 9.7243e-03 5.4598e-02 0.0000e+00 0.0000e+00 0.0000e+00 0.0 0.0 0.0 0.0 0.0 0.0 0.0 0.0 0.0 0.0 0.0 0.0 0.0 0.0 0.0 0.0 0.0 0.0
9.5516e-01 2.3276e-02 1.3456e-01 7.5478e-01 8.3204e-01 2.3352e-02 7.0835e-02 0.0000e+00 0.0000e+00 0.0000e+00 0.0 0.0 0.0 0.0 0.0 0.0 0.0 0.0 0.0 0.0 0.0 0.0 0.0 0.0 0.0 0.0 0.0 0.0
6.4902e-01 2.4976e-02 2.1003e-02 5.5839e-01 8.3296e-01 7.0833e-03 1.2154e-01 0.0000e+00 0.0000e+00 0.0000e+00 0.0 0.0 0.0 0.0 0.0 0.0 0.0 0.0 0.0 0.0 0.0 0.0 0.0 0.0 0.0 0.0 0.0 0.0
8.7251e-01 5.3251e-03 1.2448e-01 1.0071e+00 8.4525e-01 2.6631e-02 8.7788e-02 0.0000e+00 0.0000e+00 0.0000e+00 0.0 0.0 0.0 0.0 0.0 0.0 0.0 0.0 0.0 0.0 0.0 0.0 0.0 0.0 0.0 0.0 0.0 0.0
8.0002e-01 1.2967e-02 7.1622e-02 8.7888e-01 9.4483e-01 3.1025e-02 1.3510e-01 0.0000e+00 0.0000e+00 0.0000e+00 0.0 0.0 0.0 0.0 0.0 0.0 0.0 0.0 0.0 0.0 0.0 0.0 0.0 0.0 0.0 0.0 0.0 0.0
9.7738e-01 2.4878e-02 1.0897e-01 6.1274e-01 7.6914e-01 5.8582e-03 1.2099e-01 0.0000e+00 0.0000e+00 0.0000e+00 0.0 0.0 0.0 0.0 0.0 0.0 0.0 0.0 0.0 0.0 0.0 0.0 0.0 0.0 0.0 0.0 0.0 0.0
8.3526e-01 1.5152e-02 1.0984e-01 1.1033e+00 9.8577e-01 1.8079e-02 6.6954e-02 0.0000e+00 0.0000e+00 0.0000e+00 0.0 0.0 0.0 0.0 0.0 0.0 0.0 0.0 0.0 0.0 0.0 0.0 0.0 0.0 0.0 0.0 0.0 0.0
8.9785e-01 7.5165e-03 1.3688e-01 9.9988e-01 8.4020e-01 1.3388e-02 8.2832e-02 0.0000e+00 0.0000e+00 0.0000e+00 0.0 0.0 0.0 0.0 0.0 0.0 0.0 0.0 0.0 0.0 0.0 0.0 0.0 0.0 0.0 0.0 0.0 0.0
8.5870e-01 2.1646e-04 1.2587e-01 1.1321e+00 7.5903e-01 2.2197e-02 5.2125e-02 0.0000e+00 0.0000e+00 0.0000e+00 0.0 0.0 0.0 0.0 0.0 0.0 0.0 0.0 0.0 0.0 0.0 0.0 0.0 0.0 0.0 0.0 0.0 0.0
7.1424e-01 8.4037e-03 8.1491e-02 1.0021e+00 9.2037e-01 6.9668e-03 1.0941e-01 0.0000e+00 0.0000e+00 0.0000e+00 0.0 0.0 0.0 0.0 0.0 0.0 0.0 0.0 0.0 0.0 0.0 0.0 0.0 0.0 0.0 0.0 0.0 0.0
8.3287e-01 2.5985e-02 9.1192e-02 6.7098e-01 8.5767e-01 1.5382e-02 1.0201e-01 0.0000e+00 0.0000e+00 0.0000e+00 0.0 0.0 0.0 0.0 0.0 0.0 0.0 0.0 0.0 0.0 0.0 0.0 0.0 0.0 0.0 0.0 0.0 0.0
9.4635e-01 1.9505e-02 1.0995e-01 1.1287e+00 7.4092e-01 2.4798e-03 9.3454e-02 0.0000e+00 0.0000e+00 0.0000e+00 0.0 0.0 0.0 0.0 0.0 0.0 0.0 0.0 0.0 0.0 0.0 0.0 0.0 0.0 0.0 0.0 0.0 0.0
8.1806e-01 1.9922e-02 1.1014e-01 8.6728e-01 9.4663e-01 8.0090e-03 1.3369e-01 0.0000e+00 0.0000e+00 0.0000e+00 0.0 0.0 0.0 0.0 0.0 0.0 0.0 0.0 0.0 0.0 0.0 0.0 0.0 0.0 0.0 0.0 0.0 0.0
8.3173e-01 2.4410e-03 8.3246e-02 1.1625e+00 9.1481e-01 2.6290e-02 1.1484e-01 0.0000e+00 0.0000e+00 0.0000e+00 0.0 0.0 0.0 0.0 0.0 0.0 0.0 0.0 0.0 0.0 0.0 0.0 0.0 0.0 0.0 0.0 0.0 0.0
9.4547e-01 2.3158e-02 1.5387e-01 4.7624e-01 7.3761e-01 1.1792e-02 8.5617e-02 0.0000e+00 0.0000e+00 0.0000e+00 0.0 0.0 0.0 0.0 0.0 0.0 0.0 0.0 0.0 0.0 0.0 0.0 0.0 0.0 0.0 0.0 0.0 0.0
8.5629e-01 2.8417e-02 1.2348e-01 6.9278e-01 6.0741e-01 4.1132e-05 4.8926e-02 0.0000e+00 0.0000e+00 0.0000e+00 0.0 0.0 0.0 0.0 0.0 0.0 0.0 0.0 0.0 0.0 0.0 0.0 0.0 0.0 0.0 0.0 0.0 0.0
6.2540e-01 2.6216e-02 2.2071e-02 7.1619e-01 8.5795e-01 1.4631e-02 1.3258e-01 0.0000e+00 0.0000e+00 0.0000e+00 0.0 0.0 0.0 0.0 0.0 0.0 0.0 0.0 0.0 0.0 0.0 0.0 0.0 0.0 0.0 0.0 0.0 0.0
8.0007e-01 1.6485e-02 1.1703e-01 1.1344e+00 8.3812e-01 1.0551e-02 4.4633e-02 0.0000e+00 0.0000e+00 0.0000e+00 0.0 0.0 0.0 0.0 0.0 0.0 0.0 0.0 0.0 0.0 0.0 0.0 0.0 0.0 0.0 0.0 0.0 0.0
7.3720e-01 1.4573e-02 7.4825e-02 9.2094e-01 9.8468e-01 2.3512e-02 1.5412e-01 0.0000e+00 0.0000e+00 0.0000e+00 0.0 0.0 0.0 0.0 0.0 0.0 0.0 0.0 0.0 0.0 0.0 0.0 0.0 0.0 0.0 0.0 0.0 0.0
9.2535e-01 6.2192e-03 1.6900e-01 9.2658e-01 7.2322e-01 8.5812e-03 8.2752e-02 0.0000e+00 0.0000e+00 0.0000e+00 0.0 0.0 0.0 0.0 0.0 0.0 0.0 0.0 0.0 0.0 0.0 0.0 0.0 0.0 0.0 0.0 0.0 0.0
7.5822e-01 1.0624e-02 1.0879e-01 6.7624e-01 8.7104e-01 2.8707e-02 2.6834e-02 0.0000e+00 0.0000e+00 0.0000e+00 0.0 0.0 0.0 0.0 0.0 0.0 0.0 0.0 0.0 0.0 0.0 0.0 0.0 0.0 0.0 0.0 0.0 0.0
9.2842e-01 2.5337e-02 1.3186e-01 9.4003e-01 8.4822e-01 1.1673e-02 5.7699e-02 0.0000e+00 0.0000e+00 0.0000e+00 0.0 0.0 0.0 0.0 0.0 0.0 0.0 0.0 0.0 0.0 0.0 0.0 0.0 0.0 0.0 0.0 0.0 0.0
8.5300e-01 3.8912e-04 6.4148e-02 1.1280e+00 8.7250e-01 1.9813e-02 1.0572e-01 0.0000e+00 0.0000e+00 0.0000e+00 0.0 0.0 0.0 0.0 0.0 0.0 0.0 0.0 0.0 0.0 0.0 0.0 0.0 0.0 0.0 0.0 0.0 0.0
8.5300e-01 3.8912e-04 6.4148e-02 1.1280e+00 8.7250e-01 1.9813e-02 1.0572e-01 0.0000e+00 0.0000e+00 0.0000e+00 0.0 0.0 0.0 0.0 0.0 0.0 0.0 0.0 0.0 0.0 0.0 0.0 0.0 0.0 0.0 0.0 0.0 0.0
9.0031e-01 9.2875e-03 1.3011e-01 7.6365e-01 6.1354e-01 2.5679e-03 8.2553e-02 0.0000e+00 0.0000e+00 0.0000e+00 0.0 0.0 0.0 0.0 0.0 0.0 0.0 0.0 0.0 0.0 0.0 0.0 0.0 0.0 0.0 0.0 0.0 0.0
9.9200e-01 2.3358e-02 1.4900e-01 9.7673e-01 7.2025e-01 1.3846e-02 9.7302e-02 0.0000e+00 0.0000e+00 0.0000e+00 0.0 0.0 0.0 0.0 0.0 0.0 0.0 0.0 0.0 0.0 0.0 0.0 0.0 0.0 0.0 0.0 0.0 0.0
6.9083e-01 2.3788e-03 3.8052e-02 8.9763e-01 8.8322e-01 2.0970e-02 1.3087e-01 0.0000e+00 0.0000e+00 0.0000e+00 0.0 0.0 0.0 0.0 0.0 0.0 0.0 0.0 0.0 0.0 0.0 0.0 0.0 0.0 0.0 0.0 0.0 0.0
8.4789e-01 1.5599e-02 1.0670e-01 4.6954e-01 5.9159e-01 1.2769e-03 6.1478e-02 0.0000e+00 0.0000e+00 0.0000e+00 0.0 0.0 0.0 0.0 0.0 0.0 0.0 0.0 0.0 0.0 0.0 0.0 0.0 0.0 0.0 0.0 0.0 0.0
8.8516e-01 2.3506e-02 9.9752e-02 7.2434e-01 7.9211e-01 1.1347e-02 5.4439e-02 0.0000e+00 0.0000e+00 0.0000e+00 0.0 0.0 0.0 0.0 0.0 0.0 0.0 0.0 0.0 0.0 0.0 0.0 0.0 0.0 0.0 0.0 0.0 0.0
7.7172e-01 3.5997e-03 7.9096e-02 8.0695e-01 9.7133e-01 2.7149e-02 1.6270e-01 0.0000e+00 0.0000e+00 0.0000e+00 0.0 0.0 0.0 0.0 0.0 0.0 0.0 0.0 0.0 0.0 0.0 0.0 0.0 0.0 0.0 0.0 0.0 0.0
8.6865e-01 5.1731e-04 1.2244e-01 1.1797e+00 6.8259e-01 1.0429e-02 4.6518e-02 0.0000e+00 0.0000e+00 0.0000e+00 0.0 0.0 0.0 0.0 0.0 0.0 0.0 0.0 0.0 0.0 0.0 0.0 0.0 0.0 0.0 0.0 0.0 0.0
7.8770e-01 2.1422e-02 8.4203e-02 7.3669e-01 8.9484e-01 8.2365e-03 1.4891e-01 0.0000e+00 0.0000e+00 0.0000e+00 0.0 0.0 0.0 0.0 0.0 0.0 0.0 0.0 0.0 0.0 0.0 0.0 0.0 0.0 0.0 0.0 0.0 0.0
8.1812e-01 1.9707e-02 1.2052e-01 9.5038e-01 9.1165e-01 9.9201e-03 1.7967e-02 0.0000e+00 0.0000e+00 0.0000e+00 0.0 0.0 0.0 0.0 0.0 0.0 0.0 0.0 0.0 0.0 0.0 0.0 0.0 0.0 0.0 0.0 0.0 0.0
7.0020e-01 1.0892e-02 6.5880e-02 4.5621e-01 8.6758e-01 1.5058e-02 1.1514e-01 0.0000e+00 0.0000e+00 0.0000e+00 0.0 0.0 0.0 0.0 0.0 0.0 0.0 0.0 0.0 0.0 0.0 0.0 0.0 0.0 0.0 0.0 0.0 0.0
9.1876e-01 6.2560e-03 1.3135e-01 5.9520e-01 5.2621e-01 8.2475e-03 6.7757e-02 0.0000e+00 0.0000e+00 0.0000e+00 0.0 0.0 0.0 0.0 0.0 0.0 0.0 0.0 0.0 0.0 0.0 0.0 0.0 0.0 0.0 0.0 0.0 0.0
7.6231e-01 8.1690e-03 2.7503e-02 7.6107e-01 8.2943e-01 2.2315e-02 1.2660e-01 0.0000e+00 0.0000e+00 0.0000e+00 0.0 0.0 0.0 0.0 0.0 0.0 0.0 0.0 0.0 0.0 0.0 0.0 0.0 0.0 0.0 0.0 0.0 0.0
7.4675e-01 5.2639e-03 1.0849e-01 7.5806e-01 8.5211e-01 3.1119e-02 1.8205e-03 0.0000e+00 0.0000e+00 0.0000e+00 0.0 0.0 0.0 0.0 0.0 0.0 0.0 0.0 0.0 0.0 0.0 0.0 0.0 0.0 0.0 0.0 0.0 0.0
8.0270e-01 2.3741e-02 1.2097e-01 9.3366e-01 9.1209e-01 1.0009e-02 2.4065e-04 0.0000e+00 0.0000e+00 0.0000e+00 0.0 0.0 0.0 0.0 0.0 0.0 0.0 0.0 0.0 0.0 0.0 0.0 0.0 0.0 0.0 0.0 0.0 0.0
8.7931e-01 1.2252e-02 1.5301e-01 6.7873e-01 5.0494e-01 4.3837e-03 4.3666e-02 0.0000e+00 0.0000e+00 0.0000e+00 0.0 0.0 0.0 0.0 0.0 0.0 0.0 0.0 0.0 0.0 0.0 0.0 0.0 0.0 0.0 0.0 0.0 0.0
7.6628e-01 5.2959e-03 9.2139e-02 9.4271e-01 9.4795e-01 2.6639e-02 8.7285e-02 0.0000e+00 0.0000e+00 0.0000e+00 0.0 0.0 0.0 0.0 0.0 0.0 0.0 0.0 0.0 0.0 0.0 0.0 0.0 0.0 0.0 0.0 0.0 0.0
7.7142e-01 1.6608e-02 9.3786e-02 1.0566e+00 8.8737e-01 1.6247e-02 2.6422e-02 0.0000e+00 0.0000e+00 0.0000e+00 0.0 0.0 0.0 0.0 0.0 0.0 0.0 0.0 0.0 0.0 0.0 0.0 0.0 0.0 0.0 0.0 0.0 0.0
6.9646e-01 2.3295e-02 1.2093e-02 9.2697e-01 8.5893e-01 1.3175e-02 1.1621e-01 0.0000e+00 0.0000e+00 0.0000e+00 0.0 0.0 0.0 0.0 0.0 0.0 0.0 0.0 0.0 0.0 0.0 0.0 0.0 0.0 0.0 0.0 0.0 0.0
9.4988e-01 1.7197e-02 8.7621e-02 1.0654e+00 7.9875e-01 1.5502e-02 1.1605e-01 0.0000e+00 0.0000e+00 0.0000e+00 0.0 0.0 0.0 0.0 0.0 0.0 0.0 0.0 0.0 0.0 0.0 0.0 0.0 0.0 0.0 0.0 0.0 0.0
7.7249e-01 7.5230e-03 1.1345e-01 5.4436e-01 5.2992e-01 1.4828e-02 3.8490e-02 0.0000e+00 0.0000e+00 0.0000e+00 0.0 0.0 0.0 0.0 0.0 0.0 0.0 0.0 0.0 0.0 0.0 0.0 0.0 0.0 0.0 0.0 0.0 0.0
7.2817e-01 1.4990e-02 9.0530e-02 7.6976e-01 9.1350e-01 2.0245e-02 1.0672e-01 0.0000e+00 0.0000e+00 0.0000e+00 0.0 0.0 0.0 0.0 0.0 0.0 0.0 0.0 0.0 0.0 0.0 0.0 0.0 0.0 0.0 0.0 0.0 0.0
9.1004e-01 1.2125e-02 1.3093e-01 1.0424e+00 8.8592e-01 2.8967e-02 7.9698e-02 0.0000e+00 0.0000e+00 0.0000e+00 0.0 0.0 0.0 0.0 0.0 0.0 0.0 0.0 0.0 0.0 0.0 0.0 0.0 0.0 0.0 0.0 0.0 0.0
5.3373e-01 6.7480e-03 7.0013e-02 5.9099e-01 9.1726e-01 6.7876e-03 1.3645e-01 0.0000e+00 0.0000e+00 0.0000e+00 0.0 0.0 0.0 0.0 0.0 0.0 0.0 0.0 0.0 0.0 0.0 0.0 0.0 0.0 0.0 0.0 0.0 0.0
9.0278e-01 7.4263e-03 1.2212e-01 9.3724e-01 7.3869e-01 7.6673e-03 6.0041e-02 0.0000e+00 0.0000e+00 0.0000e+00 0.0 0.0 0.0 0.0 0.0 0.0 0.0 0.0 0.0 0.0 0.0 0.0 0.0 0.0 0.0 0.0 0.0 0.0
9.6065e-01 1.7100e-02 1.1317e-01 9.8685e-01 6.5866e-01 2.5178e-03 8.4113e-02 0.0000e+00 0.0000e+00 0.0000e+00 0.0 0.0 0.0 0.0 0.0 0.0 0.0 0.0 0.0 0.0 0.0 0.0 0.0 0.0 0.0 0.0 0.0 0.0
8.4486e-01 2.9038e-02 4.7056e-02 1.0208e+00 8.9644e-01 1.1436e-02 1.4009e-01 0.0000e+00 0.0000e+00 0.0000e+00 0.0 0.0 0.0 0.0 0.0 0.0 0.0 0.0 0.0 0.0 0.0 0.0 0.0 0.0 0.0 0.0 0.0 0.0
8.4486e-01 2.9038e-02 4.7056e-02 1.0208e+00 8.9644e-01 1.1436e-02 1.4009e-01 0.0000e+00 0.0000e+00 0.0000e+00 0.0 0.0 0.0 0.0 0.0 0.0 0.0 0.0 0.0 0.0 0.0 0.0 0.0 0.0 0.0 0.0 0.0 0.0
5.1460e-01 2.1953e-02 1.5618e-02 5.8137e-01 7.8857e-01 6.3515e-03 1.2817e-01 0.0000e+00 0.0000e+00 0.0000e+00 0.0 0.0 0.0 0.0 0.0 0.0 0.0 0.0 0.0 0.0 0.0 0.0 0.0 0.0 0.0 0.0 0.0 0.0
8.8370e-01 5.5172e-03 1.4191e-01 6.5087e-01 7.5760e-01 3.1367e-02 3.5522e-02 0.0000e+00 0.0000e+00 0.0000e+00 0.0 0.0 0.0 0.0 0.0 0.0 0.0 0.0 0.0 0.0 0.0 0.0 0.0 0.0 0.0 0.0 0.0 0.0
7.7959e-01 2.8295e-02 7.1853e-02 8.7474e-01 9.7262e-01 1.6332e-02 1.7873e-01 0.0000e+00 0.0000e+00 0.0000e+00 0.0 0.0 0.0 0.0 0.0 0.0 0.0 0.0 0.0 0.0 0.0 0.0 0.0 0.0 0.0 0.0 0.0 0.0
6.6875e-01 2.4502e-02 4.7438e-02 9.9816e-01 8.9533e-01 6.6366e-03 1.2781e-01 0.0000e+00 0.0000e+00 0.0000e+00 0.0 0.0 0.0 0.0 0.0 0.0 0.0 0.0 0.0 0.0 0.0 0.0 0.0 0.0 0.0 0.0 0.0 0.0
7.3413e-01 5.0648e-03 6.1901e-02 8.2870e-01 8.8489e-01 8.8996e-03 1.5363e-01 0.0000e+00 0.0000e+00 0.0000e+00 0.0 0.0 0.0 0.0 0.0 0.0 0.0 0.0 0.0 0.0 0.0 0.0 0.0 0.0 0.0 0.0 0.0 0.0
7.8435e-01 4.0064e-03 7.7834e-02 7.7324e-01 9.0890e-01 1.7055e-02 1.5445e-01 0.0000e+00 0.0000e+00 0.0000e+00 0.0 0.0 0.0 0.0 0.0 0.0 0.0 0.0 0.0 0.0 0.0 0.0 0.0 0.0 0.0 0.0 0.0 0.0
8.6442e-01 6.3190e-03 1.5355e-01 6.9334e-01 6.6801e-01 2.5662e-02 2.9087e-02 0.0000e+00 0.0000e+00 0.0000e+00 0.0 0.0 0.0 0.0 0.0 0.0 0.0 0.0 0.0 0.0 0.0 0.0 0.0 0.0 0.0 0.0 0.0 0.0
8.9449e-01 1.9498e-02 1.0602e-01 1.0425e+00 9.3019e-01 1.6991e-02 1.3834e-01 0.0000e+00 0.0000e+00 0.0000e+00 0.0 0.0 0.0 0.0 0.0 0.0 0.0 0.0 0.0 0.0 0.0 0.0 0.0 0.0 0.0 0.0 0.0 0.0
9.2920e-01 1.0130e-02 1.4969e-01 9.8915e-01 5.8833e-01 2.3235e-03 5.0712e-02 0.0000e+00 0.0000e+00 0.0000e+00 0.0 0.0 0.0 0.0 0.0 0.0 0.0 0.0 0.0 0.0 0.0 0.0 0.0 0.0 0.0 0.0 0.0 0.0
6.0400e-01 2.3700e-03 7.1762e-02 9.9269e-01 8.8746e-01 7.1902e-03 1.1203e-01 0.0000e+00 0.0000e+00 0.0000e+00 0.0 0.0 0.0 0.0 0.0 0.0 0.0 0.0 0.0 0.0 0.0 0.0 0.0 0.0 0.0 0.0 0.0 0.0
9.5480e-01 4.6545e-03 1.5038e-01 7.4005e-01 6.6654e-01 1.6793e-02 8.6834e-02 0.0000e+00 0.0000e+00 0.0000e+00 0.0 0.0 0.0 0.0 0.0 0.0 0.0 0.0 0.0 0.0 0.0 0.0 0.0 0.0 0.0 0.0 0.0 0.0
8.4229e-01 4.7505e-03 1.0643e-01 8.9392e-01 8.8405e-01 1.9946e-02 1.2549e-01 0.0000e+00 0.0000e+00 0.0000e+00 0.0 0.0 0.0 0.0 0.0 0.0 0.0 0.0 0.0 0.0 0.0 0.0 0.0 0.0 0.0 0.0 0.0 0.0
7.4093e-01 6.7084e-03 9.9436e-02 9.6745e-01 7.4448e-01 1.5143e-02 3.7209e-02 0.0000e+00 0.0000e+00 0.0000e+00 0.0 0.0 0.0 0.0 0.0 0.0 0.0 0.0 0.0 0.0 0.0 0.0 0.0 0.0 0.0 0.0 0.0 0.0
5.9011e-01 2.0134e-02 6.1154e-02 8.3691e-01 9.3807e-01 3.2464e-03 1.8825e-01 0.0000e+00 0.0000e+00 0.0000e+00 0.0 0.0 0.0 0.0 0.0 0.0 0.0 0.0 0.0 0.0 0.0 0.0 0.0 0.0 0.0 0.0 0.0 0.0
5.9011e-01 2.0134e-02 6.1154e-02 8.3691e-01 9.3807e-01 3.2464e-03 1.8825e-01 0.0000e+00 0.0000e+00 0.0000e+00 0.0 0.0 0.0 0.0 0.0 0.0 0.0 0.0 0.0 0.0 0.0 0.0 0.0 0.0 0.0 0.0 0.0 0.0
7.3001e-01 9.7131e-03 3.8871e-02 9.0173e-01 8.7592e-01 2.6914e-02 1.0221e-01 0.0000e+00 0.0000e+00 0.0000e+00 0.0 0.0 0.0 0.0 0.0 0.0 0.0 0.0 0.0 0.0 0.0 0.0 0.0 0.0 0.0 0.0 0.0 0.0
5.9017e-01 7.6017e-03 1.8692e-02 7.8750e-01 7.4883e-01 2.3245e-02 1.0969e-01 0.0000e+00 0.0000e+00 0.0000e+00 0.0 0.0 0.0 0.0 0.0 0.0 0.0 0.0 0.0 0.0 0.0 0.0 0.0 0.0 0.0 0.0 0.0 0.0
8.5938e-01 1.1603e-02 1.3884e-01 1.0284e+00 8.1125e-01 8.6240e-03 6.9831e-02 0.0000e+00 0.0000e+00 0.0000e+00 0.0 0.0 0.0 0.0 0.0 0.0 0.0 0.0 0.0 0.0 0.0 0.0 0.0 0.0 0.0 0.0 0.0 0.0
7.2809e-01 1.6063e-02 7.3893e-02 1.0400e+00 8.9459e-01 2.1070e-03 1.1296e-01 0.0000e+00 0.0000e+00 0.0000e+00 0.0 0.0 0.0 0.0 0.0 0.0 0.0 0.0 0.0 0.0 0.0 0.0 0.0 0.0 0.0 0.0 0.0 0.0
9.5205e-01 2.2262e-02 1.6296e-01 7.8113e-01 6.9840e-01 1.4776e-02 5.4579e-02 0.0000e+00 0.0000e+00 0.0000e+00 0.0 0.0 0.0 0.0 0.0 0.0 0.0 0.0 0.0 0.0 0.0 0.0 0.0 0.0 0.0 0.0 0.0 0.0
7.9394e-01 2.1652e-02 8.8204e-02 6.9452e-01 9.6897e-01 9.6948e-03 1.3182e-01 0.0000e+00 0.0000e+00 0.0000e+00 0.0 0.0 0.0 0.0 0.0 0.0 0.0 0.0 0.0 0.0 0.0 0.0 0.0 0.0 0.0 0.0 0.0 0.0
7.9394e-01 2.1652e-02 8.8204e-02 6.9452e-01 9.6897e-01 9.6948e-03 1.3182e-01 0.0000e+00 0.0000e+00 0.0000e+00 0.0 0.0 0.0 0.0 0.0 0.0 0.0 0.0 0.0 0.0 0.0 0.0 0.0 0.0 0.0 0.0 0.0 0.0
8.8486e-01 1.4717e-02 1.4726e-01 6.3970e-01 5.3298e-01 1.1233e-02 3.8462e-02 0.0000e+00 0.0000e+00 0.0000e+00 0.0 0.0 0.0 0.0 0.0 0.0 0.0 0.0 0.0 0.0 0.0 0.0 0.0 0.0 0.0 0.0 0.0 0.0
7.2325e-01 1.2988e-02 5.1152e-02 1.1599e+00 9.2131e-01 6.9587e-03 1.4796e-01 0.0000e+00 0.0000e+00 0.0000e+00 0.0 0.0 0.0 0.0 0.0 0.0 0.0 0.0 0.0 0.0 0.0 0.0 0.0 0.0 0.0 0.0 0.0 0.0
7.7555e-01 2.5474e-02 8.8357e-02 7.4053e-01 8.2893e-01 1.4635e-02 4.9195e-03 0.0000e+00 0.0000e+00 0.0000e+00 0.0 0.0 0.0 0.0 0.0 0.0 0.0 0.0 0.0 0.0 0.0 0.0 0.0 0.0 0.0 0.0 0.0 0.0
7.6910e-01 2.2781e-03 1.0555e-01 9.4006e-01 9.9755e-01 2.9943e-02 1.9681e-01 0.0000e+00 0.0000e+00 0.0000e+00 0.0 0.0 0.0 0.0 0.0 0.0 0.0 0.0 0.0 0.0 0.0 0.0 0.0 0.0 0.0 0.0 0.0 0.0
7.6910e-01 2.2781e-03 1.0555e-01 9.4006e-01 9.9755e-01 2.9943e-02 1.9681e-01 0.0000e+00 0.0000e+00 0.0000e+00 0.0 0.0 0.0 0.0 0.0 0.0 0.0 0.0 0.0 0.0 0.0 0.0 0.0 0.0 0.0 0.0 0.0 0.0
9.3373e-01 1.3803e-02 1.2746e-01 8.6012e-01 7.1320e-01 1.7150e-02 4.9109e-02 0.0000e+00 0.0000e+00 0.0000e+00 0.0 0.0 0.0 0.0 0.0 0.0 0.0 0.0 0.0 0.0 0.0 0.0 0.0 0.0 0.0 0.0 0.0 0.0
8.7409e-01 5.9145e-03 1.1755e-01 8.6446e-01 8.0334e-01 2.0671e-02 3.8843e-02 0.0000e+00 0.0000e+00 0.0000e+00 0.0 0.0 0.0 0.0 0.0 0.0 0.0 0.0 0.0 0.0 0.0 0.0 0.0 0.0 0.0 0.0 0.0 0.0
9.0120e-01 5.7330e-03 1.1781e-01 6.9586e-01 6.6397e-01 1.6028e-02 5.1550e-02 0.0000e+00 0.0000e+00 0.0000e+00 0.0 0.0 0.0 0.0 0.0 0.0 0.0 0.0 0.0 0.0 0.0 0.0 0.0 0.0 0.0 0.0 0.0 0.0
6.8315e-01 1.2366e-02 6.5665e-02 5.4732e-01 9.4618e-01 1.8656e-02 1.5780e-01 0.0000e+00 0.0000e+00 0.0000e+00 0.0 0.0 0.0 0.0 0.0 0.0 0.0 0.0 0.0 0.0 0.0 0.0 0.0 0.0 0.0 0.0 0.0 0.0
6.8315e-01 1.2366e-02 6.5665e-02 5.4732e-01 9.4618e-01 1.8656e-02 1.5780e-01 0.0000e+00 0.0000e+00 0.0000e+00 0.0 0.0 0.0 0.0 0.0 0.0 0.0 0.0 0.0 0.0 0.0 0.0 0.0 0.0 0.0 0.0 0.0 0.0
8.2036e-01 1.4866e-02 1.2058e-01 9.4873e-01 9.6166e-01 2.3099e-02 1.2562e-01 0.0000e+00 0.0000e+00 0.0000e+00 0.0 0.0 0.0 0.0 0.0 0.0 0.0 0.0 0.0 0.0 0.0 0.0 0.0 0.0 0.0 0.0 0.0 0.0
8.4502e-01 2.0627e-02 1.1135e-01 5.2596e-01 8.4043e-01 1.3021e-02 7.6761e-02 0.0000e+00 0.0000e+00 0.0000e+00 0.0 0.0 0.0 0.0 0.0 0.0 0.0 0.0 0.0 0.0 0.0 0.0 0.0 0.0 0.0 0.0 0.0 0.0
7.0492e-01 1.1310e-02 9.4542e-02 7.5970e-01 9.8354e-01 1.7872e-02 7.8909e-02 0.0000e+00 0.0000e+00 0.0000e+00 0.0 0.0 0.0 0.0 0.0 0.0 0.0 0.0 0.0 0.0 0.0 0.0 0.0 0.0 0.0 0.0 0.0 0.0
9.5780e-01 1.9839e-02 3.2634e-02 9.4768e-01 8.3610e-01 1.4213e-02 1.2967e-01 0.0000e+00 0.0000e+00 0.0000e+00 0.0 0.0 0.0 0.0 0.0 0.0 0.0 0.0 0.0 0.0 0.0 0.0 0.0 0.0 0.0 0.0 0.0 0.0
8.9726e-01 2.6434e-02 8.9244e-02 7.0393e-01 7.6429e-01 7.2727e-03 1.0034e-01 0.0000e+00 0.0000e+00 0.0000e+00 0.0 0.0 0.0 0.0 0.0 0.0 0.0 0.0 0.0 0.0 0.0 0.0 0.0 0.0 0.0 0.0 0.0 0.0
7.9713e-01 2.1390e-03 1.0019e-01 9.1111e-01 9.4323e-01 2.5608e-02 7.5986e-02 0.0000e+00 0.0000e+00 0.0000e+00 0.0 0.0 0.0 0.0 0.0 0.0 0.0 0.0 0.0 0.0 0.0 0.0 0.0 0.0 0.0 0.0 0.0 0.0
9.6599e-01 2.8503e-02 1.3147e-01 6.4622e-01 6.9199e-01 3.9501e-03 9.3300e-02 0.0000e+00 0.0000e+00 0.0000e+00 0.0 0.0 0.0 0.0 0.0 0.0 0.0 0.0 0.0 0.0 0.0 0.0 0.0 0.0 0.0 0.0 0.0 0.0
7.6778e-01 1.7528e-02 9.6196e-02 6.6788e-01 6.5272e-01 2.9977e-03 2.9987e-02 0.0000e+00 0.0000e+00 0.0000e+00 0.0 0.0 0.0 0.0 0.0 0.0 0.0 0.0 0.0 0.0 0.0 0.0 0.0 0.0 0.0 0.0 0.0 0.0
7.3067e-01 2.4845e-02 5.3381e-02 6.5140e-01 9.3382e-01 4.9151e-03 1.3558e-01 0.0000e+00 0.0000e+00 0.0000e+00 0.0 0.0 0.0 0.0 0.0 0.0 0.0 0.0 0.0 0.0 0.0 0.0 0.0 0.0 0.0 0.0 0.0 0.0
9.1958e-01 1.7368e-02 1.1171e-01 9.6867e-01 6.7867e-01 4.4293e-03 8.6866e-02 0.0000e+00 0.0000e+00 0.0000e+00 0.0 0.0 0.0 0.0 0.0 0.0 0.0 0.0 0.0 0.0 0.0 0.0 0.0 0.0 0.0 0.0 0.0 0.0
9.1958e-01 1.7368e-02 1.1171e-01 9.6867e-01 6.7867e-01 4.4293e-03 8.6866e-02 0.0000e+00 0.0000e+00 0.0000e+00 0.0 0.0 0.0 0.0 0.0 0.0 0.0 0.0 0.0 0.0 0.0 0.0 0.0 0.0 0.0 0.0 0.0 0.0
7.8452e-01 1.6307e-03 7.9358e-02 6.9334e-01 8.6529e-01 2.8294e-02 1.2722e-01 0.0000e+00 0.0000e+00 0.0000e+00 0.0 0.0 0.0 0.0 0.0 0.0 0.0 0.0 0.0 0.0 0.0 0.0 0.0 0.0 0.0 0.0 0.0 0.0
9.2429e-01 7.9941e-03 1.2669e-01 7.7178e-01 6.7578e-01 5.1564e-03 7.0156e-02 0.0000e+00 0.0000e+00 0.0000e+00 0.0 0.0 0.0 0.0 0.0 0.0 0.0 0.0 0.0 0.0 0.0 0.0 0.0 0.0 0.0 0.0 0.0 0.0
8.5163e-01 2.2521e-02 8.8476e-02 6.5057e-01 8.8589e-01 1.1607e-02 9.6421e-02 0.0000e+00 0.0000e+00 0.0000e+00 0.0 0.0 0.0 0.0 0.0 0.0 0.0 0.0 0.0 0.0 0.0 0.0 0.0 0.0 0.0 0.0 0.0 0.0
9.7389e-01 7.1715e-03 2.2844e-01 8.7902e-01 6.7341e-01 9.6623e-03 7.8302e-02 0.0000e+00 0.0000e+00 0.0000e+00 0.0 0.0 0.0 0.0 0.0 0.0 0.0 0.0 0.0 0.0 0.0 0.0 0.0 0.0 0.0 0.0 0.0 0.0
8.7673e-01 7.5705e-03 8.3573e-02 8.5584e-01 8.1311e-01 1.8113e-02 8.5821e-02 0.0000e+00 0.0000e+00 0.0000e+00 0.0 0.0 0.0 0.0 0.0 0.0 0.0 0.0 0.0 0.0 0.0 0.0 0.0 0.0 0.0 0.0 0.0 0.0
5.1504e-01 4.2806e-03 4.6379e-02 7.8950e-01 8.2307e-01 1.7583e-02 9.5753e-02 0.0000e+00 0.0000e+00 0.0000e+00 0.0 0.0 0.0 0.0 0.0 0.0 0.0 0.0 0.0 0.0 0.0 0.0 0.0 0.0 0.0 0.0 0.0 0.0
7.7624e-01 2.4607e-02 8.7043e-02 7.9489e-01 7.7105e-01 9.1687e-03 3.1581e-02 0.0000e+00 0.0000e+00 0.0000e+00 0.0 0.0 0.0 0.0 0.0 0.0 0.0 0.0 0.0 0.0 0.0 0.0 0.0 0.0 0.0 0.0 0.0 0.0
7.1636e-01 1.9887e-02 8.7770e-02 9.4517e-01 8.8121e-01 4.7624e-04 3.5517e-02 0.0000e+00 0.0000e+00 0.0000e+00 0.0 0.0 0.0 0.0 0.0 0.0 0.0 0.0 0.0 0.0 0.0 0.0 0.0 0.0 0.0 0.0 0.0 0.0
8.9808e-01 7.0082e-03 1.2496e-01 9.3214e-01 9.4182e-01 2.6877e-02 1.0457e-01 0.0000e+00 0.0000e+00 0.0000e+00 0.0 0.0 0.0 0.0 0.0 0.0 0.0 0.0 0.0 0.0 0.0 0.0 0.0 0.0 0.0 0.0 0.0 0.0
8.7076e-01 2.3251e-03 1.0025e-01 6.8736e-01 9.1236e-01 2.6319e-02 1.2162e-01 0.0000e+00 0.0000e+00 0.0000e+00 0.0 0.0 0.0 0.0 0.0 0.0 0.0 0.0 0.0 0.0 0.0 0.0 0.0 0.0 0.0 0.0 0.0 0.0
8.9752e-01 2.7562e-02 8.8316e-02 9.0901e-01 8.7022e-01 3.1463e-03 9.2015e-02 0.0000e+00 0.0000e+00 0.0000e+00 0.0 0.0 0.0 0.0 0.0 0.0 0.0 0.0 0.0 0.0 0.0 0.0 0.0 0.0 0.0 0.0 0.0 0.0
9.8762e-01 2.2414e-02 6.7374e-02 9.1903e-01 7.2125e-01 1.0178e-02 9.6355e-02 0.0000e+00 0.0000e+00 0.0000e+00 0.0 0.0 0.0 0.0 0.0 0.0 0.0 0.0 0.0 0.0 0.0 0.0 0.0 0.0 0.0 0.0 0.0 0.0
7.6794e-01 9.7918e-03 8.0848e-02 6.6428e-01 9.3889e-01 2.6172e-02 1.7194e-01 0.0000e+00 0.0000e+00 0.0000e+00 0.0 0.0 0.0 0.0 0.0 0.0 0.0 0.0 0.0 0.0 0.0 0.0 0.0 0.0 0.0 0.0 0.0 0.0
9.7701e-01 1.2773e-02 4.1126e-02 9.5472e-01 7.5938e-01 2.5768e-02 9.9504e-02 0.0000e+00 0.0000e+00 0.0000e+00 0.0 0.0 0.0 0.0 0.0 0.0 0.0 0.0 0.0 0.0 0.0 0.0 0.0 0.0 0.0 0.0 0.0 0.0
7.2832e-01 8.6389e-03 6.8683e-02 6.6306e-01 8.8261e-01 2.8126e-02 1.0477e-01 0.0000e+00 0.0000e+00 0.0000e+00 0.0 0.0 0.0 0.0 0.0 0.0 0.0 0.0 0.0 0.0 0.0 0.0 0.0 0.0 0.0 0.0 0.0 0.0
7.8058e-01 1.2547e-02 8.5826e-02 5.7000e-01 9.5781e-01 2.4782e-02 1.4232e-01 0.0000e+00 0.0000e+00 0.0000e+00 0.0 0.0 0.0 0.0 0.0 0.0 0.0 0.0 0.0 0.0 0.0 0.0 0.0 0.0 0.0 0.0 0.0 0.0
8.1418e-01 1.5506e-02 8.2276e-02 8.0196e-01 8.4890e-01 1.7338e-02 1.2419e-01 0.0000e+00 0.0000e+00 0.0000e+00 0.0 0.0 0.0 0.0 0.0 0.0 0.0 0.0 0.0 0.0 0.0 0.0 0.0 0.0 0.0 0.0 0.0 0.0
8.3466e-01 2.4005e-02 1.2310e-01 5.8506e-01 7.7805e-01 1.2918e-02 5.4602e-02 0.0000e+00 0.0000e+00 0.0000e+00 0.0 0.0 0.0 0.0 0.0 0.0 0.0 0.0 0.0 0.0 0.0 0.0 0.0 0.0 0.0 0.0 0.0 0.0
8.4098e-01 2.0285e-02 1.1556e-01 5.8247e-01 8.2130e-01 2.4986e-03 7.6617e-02 0.0000e+00 0.0000e+00 0.0000e+00 0.0 0.0 0.0 0.0 0.0 0.0 0.0 0.0 0.0 0.0 0.0 0.0 0.0 0.0 0.0 0.0 0.0 0.0
8.4098e-01 2.0285e-02 1.1556e-01 5.8247e-01 8.2130e-01 2.4986e-03 7.6617e-02 0.0000e+00 0.0000e+00 0.0000e+00 0.0 0.0 0.0 0.0 0.0 0.0 0.0 0.0 0.0 0.0 0.0 0.0 0.0 0.0 0.0 0.0 0.0 0.0
6.8346e-01 1.6077e-02 8.8110e-02 8.1876e-01 9.5914e-01 1.1274e-02 1.7703e-01 0.0000e+00 0.0000e+00 0.0000e+00 0.0 0.0 0.0 0.0 0.0 0.0 0.0 0.0 0.0 0.0 0.0 0.0 0.0 0.0 0.0 0.0 0.0 0.0
9.1595e-01 2.0347e-02 1.3849e-01 5.1162e-01 7.5261e-01 1.4678e-02 7.7846e-02 0.0000e+00 0.0000e+00 0.0000e+00 0.0 0.0 0.0 0.0 0.0 0.0 0.0 0.0 0.0 0.0 0.0 0.0 0.0 0.0 0.0 0.0 0.0 0.0
7.6745e-01 5.1723e-03 1.2324e-01 8.2948e-01 9.8709e-01 2.0711e-02 7.7550e-02 0.0000e+00 0.0000e+00 0.0000e+00 0.0 0.0 0.0 0.0 0.0 0.0 0.0 0.0 0.0 0.0 0.0 0.0 0.0 0.0 0.0 0.0 0.0 0.0
9.1660e-01 5.5525e-03 1.6919e-01 6.5592e-01 5.7029e-01 9.7154e-03 5.1958e-02 0.0000e+00 0.0000e+00 0.0000e+00 0.0 0.0 0.0 0.0 0.0 0.0 0.0 0.0 0.0 0.0 0.0 0.0 0.0 0.0 0.0 0.0 0.0 0.0
9.1430e-01 1.9753e-03 1.7923e-01 9.5670e-01 5.9979e-01 1.2220e-02 6.3130e-02 0.0000e+00 0.0000e+00 0.0000e+00 0.0 0.0 0.0 0.0 0.0 0.0 0.0 0.0 0.0 0.0 0.0 0.0 0.0 0.0 0.0 0.0 0.0 0.0
9.4653e-01 7.3802e-03 1.2071e-01 9.4671e-01 8.4434e-01 2.3729e-02 1.1697e-01 0.0000e+00 0.0000e+00 0.0000e+00 0.0 0.0 0.0 0.0 0.0 0.0 0.0 0.0 0.0 0.0 0.0 0.0 0.0 0.0 0.0 0.0 0.0 0.0
8.4021e-01 2.2598e-02 7.5904e-02 6.0299e-01 8.4776e-01 1.9099e-02 1.0964e-01 0.0000e+00 0.0000e+00 0.0000e+00 0.0 0.0 0.0 0.0 0.0 0.0 0.0 0.0 0.0 0.0 0.0 0.0 0.0 0.0 0.0 0.0 0.0 0.0
8.4021e-01 2.2598e-02 7.5904e-02 6.0299e-01 8.4776e-01 1.9099e-02 1.0964e-01 0.0000e+00 0.0000e+00 0.0000e+00 0.0 0.0 0.0 0.0 0.0 0.0 0.0 0.0 0.0 0.0 0.0 0.0 0.0 0.0 0.0 0.0 0.0 0.0
9.5437e-01 2.0399e-02 1.1551e-01 8.7840e-01 8.1459e-01 2.3646e-02 7.7354e-02 0.0000e+00 0.0000e+00 0.0000e+00 0.0 0.0 0.0 0.0 0.0 0.0 0.0 0.0 0.0 0.0 0.0 0.0 0.0 0.0 0.0 0.0 0.0 0.0
7.2300e-01 2.7754e-02 6.8056e-02 6.5553e-01 9.4923e-01 1.1465e-02 1.6917e-01 0.0000e+00 0.0000e+00 0.0000e+00 0.0 0.0 0.0 0.0 0.0 0.0 0.0 0.0 0.0 0.0 0.0 0.0 0.0 0.0 0.0 0.0 0.0 0.0
6.8529e-01 2.8277e-02 1.6804e-02 8.8414e-01 8.6838e-01 2.5670e-03 1.3436e-01 0.0000e+00 0.0000e+00 0.0000e+00 0.0 0.0 0.0 0.0 0.0 0.0 0.0 0.0 0.0 0.0 0.0 0.0 0.0 0.0 0.0 0.0 0.0 0.0
6.8529e-01 2.8277e-02 1.6804e-02 8.8414e-01 8.6838e-01 2.5670e-03 1.3436e-01 0.0000e+00 0.0000e+00 0.0000e+00 0.0 0.0 0.0 0.0 0.0 0.0 0.0 0.0 0.0 0.0 0.0 0.0 0.0 0.0 0.0 0.0 0.0 0.0
7.1234e-01 8.1139e-03 1.1008e-01 8.5792e-01 9.7835e-01 2.2672e-02 5.5718e-02 0.0000e+00 0.0000e+00 0.0000e+00 0.0 0.0 0.0 0.0 0.0 0.0 0.0 0.0 0.0 0.0 0.0 0.0 0.0 0.0 0.0 0.0 0.0 0.0
8.5264e-01 1.2623e-02 5.8469e-02 8.2908e-01 9.1546e-01 2.7619e-02 1.2375e-01 0.0000e+00 0.0000e+00 0.0000e+00 0.0 0.0 0.0 0.0 0.0 0.0 0.0 0.0 0.0 0.0 0.0 0.0 0.0 0.0 0.0 0.0 0.0 0.0
9.0017e-01 1.8193e-02 8.0757e-02 8.7140e-01 8.6610e-01 8.8866e-03 1.1973e-01 0.0000e+00 0.0000e+00 0.0000e+00 0.0 0.0 0.0 0.0 0.0 0.0 0.0 0.0 0.0 0.0 0.0 0.0 0.0 0.0 0.0 0.0 0.0 0.0
8.8372e-01 2.2956e-02 1.1869e-01 7.8511e-01 5.1197e-01 5.8270e-03 4.9957e-02 0.0000e+00 0.0000e+00 0.0000e+00 0.0 0.0 0.0 0.0 0.0 0.0 0.0 0.0 0.0 0.0 0.0 0.0 0.0 0.0 0.0 0.0 0.0 0.0
8.0679e-01 1.7010e-02 1.0832e-01 5.8717e-01 8.9128e-01 2.0782e-02 3.6849e-02 0.0000e+00 0.0000e+00 0.0000e+00 0.0 0.0 0.0 0.0 0.0 0.0 0.0 0.0 0.0 0.0 0.0 0.0 0.0 0.0 0.0 0.0 0.0 0.0
6.2228e-01 1.1967e-02 4.0669e-02 6.4806e-01 8.7113e-01 1.5165e-02 1.1257e-01 0.0000e+00 0.0000e+00 0.0000e+00 0.0 0.0 0.0 0.0 0.0 0.0 0.0 0.0 0.0 0.0 0.0 0.0 0.0 0.0 0.0 0.0 0.0 0.0
8.7925e-01 2.3101e-02 1.3202e-01 9.4336e-01 9.3513e-01 1.7346e-02 5.7471e-02 0.0000e+00 0.0000e+00 0.0000e+00 0.0 0.0 0.0 0.0 0.0 0.0 0.0 0.0 0.0 0.0 0.0 0.0 0.0 0.0 0.0 0.0 0.0 0.0
8.7925e-01 2.3101e-02 1.3202e-01 9.4336e-01 9.3513e-01 1.7346e-02 5.7471e-02 0.0000e+00 0.0000e+00 0.0000e+00 0.0 0.0 0.0 0.0 0.0 0.0 0.0 0.0 0.0 0.0 0.0 0.0 0.0 0.0 0.0 0.0 0.0 0.0
8.2672e-01 5.1939e-03 1.1715e-01 6.2396e-01 6.6522e-01 2.3423e-02 2.4101e-02 0.0000e+00 0.0000e+00 0.0000e+00 0.0 0.0 0.0 0.0 0.0 0.0 0.0 0.0 0.0 0.0 0.0 0.0 0.0 0.0 0.0 0.0 0.0 0.0
7.4107e-01 1.3500e-02 1.0444e-01 7.7681e-01 6.0477e-01 2.1461e-03 2.0838e-02 0.0000e+00 0.0000e+00 0.0000e+00 0.0 0.0 0.0 0.0 0.0 0.0 0.0 0.0 0.0 0.0 0.0 0.0 0.0 0.0 0.0 0.0 0.0 0.0
7.8533e-01 9.1736e-03 1.0937e-01 1.1126e+00 7.4809e-01 1.0695e-02 2.5795e-02 0.0000e+00 0.0000e+00 0.0000e+00 0.0 0.0 0.0 0.0 0.0 0.0 0.0 0.0 0.0 0.0 0.0 0.0 0.0 0.0 0.0 0.0 0.0 0.0
5.9114e-01 2.1162e-02 6.5965e-02 6.7228e-01 9.7584e-01 1.1132e-03 1.8705e-01 0.0000e+00 0.0000e+00 0.0000e+00 0.0 0.0 0.0 0.0 0.0 0.0 0.0 0.0 0.0 0.0 0.0 0.0 0.0 0.0 0.0 0.0 0.0 0.0
5.9114e-01 2.1162e-02 6.5965e-02 6.7228e-01 9.7584e-01 1.1132e-03 1.8705e-01 0.0000e+00 0.0000e+00 0.0000e+00 0.0 0.0 0.0 0.0 0.0 0.0 0.0 0.0 0.0 0.0 0.0 0.0 0.0 0.0 0.0 0.0 0.0 0.0
9.6283e-01 2.1058e-02 1.4534e-01 9.8289e-01 6.5833e-01 1.2411e-02 6.5815e-02 0.0000e+00 0.0000e+00 0.0000e+00 0.0 0.0 0.0 0.0 0.0 0.0 0.0 0.0 0.0 0.0 0.0 0.0 0.0 0.0 0.0 0.0 0.0 0.0
9.1463e-01 2.4017e-02 4.3113e-02 7.9179e-01 8.6623e-01 1.9647e-02 1.1140e-01 0.0000e+00 0.0000e+00 0.0000e+00 0.0 0.0 0.0 0.0 0.0 0.0 0.0 0.0 0.0 0.0 0.0 0.0 0.0 0.0 0.0 0.0 0.0 0.0
5.9410e-01 2.6640e-02 2.0815e-02 6.8672e-01 8.5408e-01 4.7972e-03 1.2884e-01 0.0000e+00 0.0000e+00 0.0000e+00 0.0 0.0 0.0 0.0 0.0 0.0 0.0 0.0 0.0 0.0 0.0 0.0 0.0 0.0 0.0 0.0 0.0 0.0
7.5330e-01 4.1256e-03 9.1718e-02 7.8438e-01 9.7130e-01 3.0988e-02 1.2900e-01 0.0000e+00 0.0000e+00 0.0000e+00 0.0 0.0 0.0 0.0 0.0 0.0 0.0 0.0 0.0 0.0 0.0 0.0 0.0 0.0 0.0 0.0 0.0 0.0
9.1091e-01 1.4827e-02 1.3150e-01 8.9512e-01 8.9839e-01 2.1251e-02 6.8579e-02 0.0000e+00 0.0000e+00 0.0000e+00 0.0 0.0 0.0 0.0 0.0 0.0 0.0 0.0 0.0 0.0 0.0 0.0 0.0 0.0 0.0 0.0 0.0 0.0
6.8473e-01 1.7826e-02 6.3601e-02 7.9004e-01 9.3471e-01 1.1611e-02 1.9912e-01 0.0000e+00 0.0000e+00 0.0000e+00 0.0 0.0 0.0 0.0 0.0 0.0 0.0 0.0 0.0 0.0 0.0 0.0 0.0 0.0 0.0 0.0 0.0 0.0
6.5410e-01 1.4419e-02 5.8614e-02 6.2917e-01 8.6237e-01 1.7413e-02 1.3338e-01 0.0000e+00 0.0000e+00 0.0000e+00 0.0 0.0 0.0 0.0 0.0 0.0 0.0 0.0 0.0 0.0 0.0 0.0 0.0 0.0 0.0 0.0 0.0 0.0
8.9125e-01 1.8647e-02 1.0242e-01 7.1112e-01 8.6830e-01 1.5367e-02 9.4080e-02 0.0000e+00 0.0000e+00 0.0000e+00 0.0 0.0 0.0 0.0 0.0 0.0 0.0 0.0 0.0 0.0 0.0 0.0 0.0 0.0 0.0 0.0 0.0 0.0
8.4619e-01 1.0116e-02 1.2323e-01 1.0166e+00 7.5673e-01 2.0592e-02 5.6301e-02 0.0000e+00 0.0000e+00 0.0000e+00 0.0 0.0 0.0 0.0 0.0 0.0 0.0 0.0 0.0 0.0 0.0 0.0 0.0 0.0 0.0 0.0 0.0 0.0
7.9770e-01 1.7983e-02 9.5584e-02 5.7652e-01 8.2953e-01 1.5344e-02 6.8880e-02 0.0000e+00 0.0000e+00 0.0000e+00 0.0 0.0 0.0 0.0 0.0 0.0 0.0 0.0 0.0 0.0 0.0 0.0 0.0 0.0 0.0 0.0 0.0 0.0
9.3187e-01 8.2686e-03 1.5316e-01 4.9871e-01 6.8001e-01 2.4326e-02 6.3325e-02 0.0000e+00 0.0000e+00 0.0000e+00 0.0 0.0 0.0 0.0 0.0 0.0 0.0 0.0 0.0 0.0 0.0 0.0 0.0 0.0 0.0 0.0 0.0 0.0
7.1215e-01 2.6289e-02 3.1864e-02 7.8446e-01 8.3422e-01 1.2757e-02 1.2400e-01 0.0000e+00 0.0000e+00 0.0000e+00 0.0 0.0 0.0 0.0 0.0 0.0 0.0 0.0 0.0 0.0 0.0 0.0 0.0 0.0 0.0 0.0 0.0 0.0
7.1215e-01 2.6289e-02 3.1864e-02 7.8446e-01 8.3422e-01 1.2757e-02 1.2400e-01 0.0000e+00 0.0000e+00 0.0000e+00 0.0 0.0 0.0 0.0 0.0 0.0 0.0 0.0 0.0 0.0 0.0 0.0 0.0 0.0 0.0 0.0 0.0 0.0
7.6531e-01 2.3404e-02 5.6090e-02 7.0856e-01 9.3302e-01 1.2876e-02 1.7508e-01 0.0000e+00 0.0000e+00 0.0000e+00 0.0 0.0 0.0 0.0 0.0 0.0 0.0 0.0 0.0 0.0 0.0 0.0 0.0 0.0 0.0 0.0 0.0 0.0
7.9169e-01 2.5176e-02 7.5078e-02 8.6989e-01 8.6484e-01 7.9645e-03 1.0350e-01 0.0000e+00 0.0000e+00 0.0000e+00 0.0 0.0 0.0 0.0 0.0 0.0 0.0 0.0 0.0 0.0 0.0 0.0 0.0 0.0 0.0 0.0 0.0 0.0
7.9169e-01 2.5176e-02 7.5078e-02 8.6989e-01 8.6484e-01 7.9645e-03 1.0350e-01 0.0000e+00 0.0000e+00 0.0000e+00 0.0 0.0 0.0 0.0 0.0 0.0 0.0 0.0 0.0 0.0 0.0 0.0 0.0 0.0 0.0 0.0 0.0 0.0
8.2622e-01 1.1995e-03 1.1923e-01 6.1714e-01 6.5786e-01 2.5726e-02 2.9400e-02 0.0000e+00 0.0000e+00 0.0000e+00 0.0 0.0 0.0 0.0 0.0 0.0 0.0 0.0 0.0 0.0 0.0 0.0 0.0 0.0 0.0 0.0 0.0 0.0
7.9576e-01 8.5439e-03 7.2769e-02 6.9744e-01 9.3611e-01 2.4994e-02 1.5412e-01 0.0000e+00 0.0000e+00 0.0000e+00 0.0 0.0 0.0 0.0 0.0 0.0 0.0 0.0 0.0 0.0 0.0 0.0 0.0 0.0 0.0 0.0 0.0 0.0
7.9845e-01 6.9144e-03 1.1423e-01 9.6956e-01 9.9131e-01 3.0112e-02 1.0440e-01 0.0000e+00 0.0000e+00 0.0000e+00 0.0 0.0 0.0 0.0 0.0 0.0 0.0 0.0 0.0 0.0 0.0 0.0 0.0 0.0 0.0 0.0 0.0 0.0
8.6232e-01 2.8438e-02 1.0777e-01 6.8299e-01 8.9165e-01 6.2265e-03 5.8635e-02 0.0000e+00 0.0000e+00 0.0000e+00 0.0 0.0 0.0 0.0 0.0 0.0 0.0 0.0 0.0 0.0 0.0 0.0 0.0 0.0 0.0 0.0 0.0 0.0
9.7660e-01 2.6050e-02 1.2328e-01 7.9652e-01 8.1861e-01 2.0968e-02 1.0196e-01 0.0000e+00 0.0000e+00 0.0000e+00 0.0 0.0 0.0 0.0 0.0 0.0 0.0 0.0 0.0 0.0 0.0 0.0 0.0 0.0 0.0 0.0 0.0 0.0
8.9558e-01 4.0362e-03 1.3602e-01 6.7998e-01 8.2250e-01 2.9268e-02 4.3773e-02 0.0000e+00 0.0000e+00 0.0000e+00 0.0 0.0 0.0 0.0 0.0 0.0 0.0 0.0 0.0 0.0 0.0 0.0 0.0 0.0 0.0 0.0 0.0 0.0
9.7092e-01 1.9931e-02 3.7830e-02 1.0655e+00 8.3863e-01 1.6637e-02 1.1904e-01 0.0000e+00 0.0000e+00 0.0000e+00 0.0 0.0 0.0 0.0 0.0 0.0 0.0 0.0 0.0 0.0 0.0 0.0 0.0 0.0 0.0 0.0 0.0 0.0
5.1880e-01 1.6676e-03 3.8389e-02 1.0544e+00 7.8097e-01 1.3801e-02 1.1002e-01 0.0000e+00 0.0000e+00 0.0000e+00 0.0 0.0 0.0 0.0 0.0 0.0 0.0 0.0 0.0 0.0 0.0 0.0 0.0 0.0 0.0 0.0 0.0 0.0
8.0588e-01 1.9062e-02 9.1672e-02 7.5595e-01 9.4161e-01 1.4368e-02 1.6480e-01 0.0000e+00 0.0000e+00 0.0000e+00 0.0 0.0 0.0 0.0 0.0 0.0 0.0 0.0 0.0 0.0 0.0 0.0 0.0 0.0 0.0 0.0 0.0 0.0
9.5315e-01 1.0692e-02 1.7133e-01 9.5528e-01 6.6730e-01 1.7135e-02 7.7908e-02 0.0000e+00 0.0000e+00 0.0000e+00 0.0 0.0 0.0 0.0 0.0 0.0 0.0 0.0 0.0 0.0 0.0 0.0 0.0 0.0 0.0 0.0 0.0 0.0
9.5315e-01 1.0692e-02 1.7133e-01 9.5528e-01 6.6730e-01 1.7135e-02 7.7908e-02 0.0000e+00 0.0000e+00 0.0000e+00 0.0 0.0 0.0 0.0 0.0 0.0 0.0 0.0 0.0 0.0 0.0 0.0 0.0 0.0 0.0 0.0 0.0 0.0
9.0109e-01 2.0964e-02 1.0129e-01 9.8521e-01 8.4059e-01 9.5410e-03 1.1880e-01 0.0000e+00 0.0000e+00 0.0000e+00 0.0 0.0 0.0 0.0 0.0 0.0 0.0 0.0 0.0 0.0 0.0 0.0 0.0 0.0 0.0 0.0 0.0 0.0
8.9262e-01 2.8196e-04 1.4986e-01 7.6927e-01 6.8448e-01 1.5774e-02 4.0650e-02 0.0000e+00 0.0000e+00 0.0000e+00 0.0 0.0 0.0 0.0 0.0 0.0 0.0 0.0 0.0 0.0 0.0 0.0 0.0 0.0 0.0 0.0 0.0 0.0
8.2570e-01 3.1028e-02 5.4527e-02 7.2931e-01 9.2849e-01 3.5686e-03 1.5468e-01 0.0000e+00 0.0000e+00 0.0000e+00 0.0 0.0 0.0 0.0 0.0 0.0 0.0 0.0 0.0 0.0 0.0 0.0 0.0 0.0 0.0 0.0 0.0 0.0
8.2570e-01 3.1028e-02 5.4527e-02 7.2931e-01 9.2849e-01 3.5686e-03 1.5468e-01 0.0000e+00 0.0000e+00 0.0000e+00 0.0 0.0 0.0 0.0 0.0 0.0 0.0 0.0 0.0 0.0 0.0 0.0 0.0 0.0 0.0 0.0 0.0 0.0
8.8550e-01 2.0674e-02 1.2055e-01 5.8186e-01 8.3446e-01 2.2012e-02 7.5958e-02 0.0000e+00 0.0000e+00 0.0000e+00 0.0 0.0 0.0 0.0 0.0 0.0 0.0 0.0 0.0 0.0 0.0 0.0 0.0 0.0 0.0 0.0 0.0 0.0
8.8550e-01 2.0674e-02 1.2055e-01 5.8186e-01 8.3446e-01 2.2012e-02 7.5958e-02 0.0000e+00 0.0000e+00 0.0000e+00 0.0 0.0 0.0 0.0 0.0 0.0 0.0 0.0 0.0 0.0 0.0 0.0 0.0 0.0 0.0 0.0 0.0 0.0
9.5641e-01 1.9047e-02 4.8172e-02 8.5617e-01 7.6121e-01 7.8261e-03 1.2189e-01 0.0000e+00 0.0000e+00 0.0000e+00 0.0 0.0 0.0 0.0 0.0 0.0 0.0 0.0 0.0 0.0 0.0 0.0 0.0 0.0 0.0 0.0 0.0 0.0
8.3983e-01 1.7140e-02 2.1514e-02 9.8890e-01 8.0270e-01 1.5646e-02 9.8379e-02 0.0000e+00 0.0000e+00 0.0000e+00 0.0 0.0 0.0 0.0 0.0 0.0 0.0 0.0 0.0 0.0 0.0 0.0 0.0 0.0 0.0 0.0 0.0 0.0
8.7715e-01 1.9058e-02 1.0063e-01 6.1272e-01 8.2929e-01 1.9543e-02 7.3754e-02 0.0000e+00 0.0000e+00 0.0000e+00 0.0 0.0 0.0 0.0 0.0 0.0 0.0 0.0 0.0 0.0 0.0 0.0 0.0 0.0 0.0 0.0 0.0 0.0
8.7715e-01 1.9058e-02 1.0063e-01 6.1272e-01 8.2929e-01 1.9543e-02 7.3754e-02 0.0000e+00 0.0000e+00 0.0000e+00 0.0 0.0 0.0 0.0 0.0 0.0 0.0 0.0 0.0 0.0 0.0 0.0 0.0 0.0 0.0 0.0 0.0 0.0
7.0984e-01 1.0552e-02 5.9000e-02 5.8083e-01 7.9705e-01 1.2895e-02 1.0527e-01 0.0000e+00 0.0000e+00 0.0000e+00 0.0 0.0 0.0 0.0 0.0 0.0 0.0 0.0 0.0 0.0 0.0 0.0 0.0 0.0 0.0 0.0 0.0 0.0
8.3844e-01 2.5169e-02 2.0915e-02 9.0379e-01 8.5289e-01 6.7940e-03 1.2030e-01 0.0000e+00 0.0000e+00 0.0000e+00 0.0 0.0 0.0 0.0 0.0 0.0 0.0 0.0 0.0 0.0 0.0 0.0 0.0 0.0 0.0 0.0 0.0 0.0
7.8202e-01 2.4371e-02 3.7663e-02 7.2453e-01 8.8529e-01 1.6140e-02 1.1904e-01 0.0000e+00 0.0000e+00 0.0000e+00 0.0 0.0 0.0 0.0 0.0 0.0 0.0 0.0 0.0 0.0 0.0 0.0 0.0 0.0 0.0 0.0 0.0 0.0
7.8202e-01 2.4371e-02 3.7663e-02 7.2453e-01 8.8529e-01 1.6140e-02 1.1904e-01 0.0000e+00 0.0000e+00 0.0000e+00 0.0 0.0 0.0 0.0 0.0 0.0 0.0 0.0 0.0 0.0 0.0 0.0 0.0 0.0 0.0 0.0 0.0 0.0
9.2976e-01 2.2142e-02 8.9678e-02 1.0003e+00 7.7383e-01 8.1757e-03 1.0541e-01 0.0000e+00 0.0000e+00 0.0000e+00 0.0 0.0 0.0 0.0 0.0 0.0 0.0 0.0 0.0 0.0 0.0 0.0 0.0 0.0 0.0 0.0 0.0 0.0
8.1501e-01 9.3005e-03 1.1952e-01 5.1146e-01 6.5478e-01 1.8676e-02 4.6530e-02 0.0000e+00 0.0000e+00 0.0000e+00 0.0 0.0 0.0 0.0 0.0 0.0 0.0 0.0 0.0 0.0 0.0 0.0 0.0 0.0 0.0 0.0 0.0 0.0
7.2818e-01 1.2434e-02 5.9675e-02 1.0561e+00 8.9832e-01 1.1228e-02 1.0999e-01 0.0000e+00 0.0000e+00 0.0000e+00 0.0 0.0 0.0 0.0 0.0 0.0 0.0 0.0 0.0 0.0 0.0 0.0 0.0 0.0 0.0 0.0 0.0 0.0
7.7823e-01 2.9499e-03 1.2043e-01 8.8729e-01 9.2926e-01 3.0859e-02 6.1041e-03 0.0000e+00 0.0000e+00 0.0000e+00 0.0 0.0 0.0 0.0 0.0 0.0 0.0 0.0 0.0 0.0 0.0 0.0 0.0 0.0 0.0 0.0 0.0 0.0
6.7114e-01 2.7288e-02 4.0567e-02 9.0237e-01 9.3405e-01 4.1525e-05 1.6289e-01 0.0000e+00 0.0000e+00 0.0000e+00 0.0 0.0 0.0 0.0 0.0 0.0 0.0 0.0 0.0 0.0 0.0 0.0 0.0 0.0 0.0 0.0 0.0 0.0
6.7114e-01 2.7288e-02 4.0567e-02 9.0237e-01 9.3405e-01 4.1525e-05 1.6289e-01 0.0000e+00 0.0000e+00 0.0000e+00 0.0 0.0 0.0 0.0 0.0 0.0 0.0 0.0 0.0 0.0 0.0 0.0 0.0 0.0 0.0 0.0 0.0 0.0
7.3880e-01 1.7982e-02 1.1066e-01 8.3923e-01 8.8196e-01 1.4201e-02 2.6536e-02 0.0000e+00 0.0000e+00 0.0000e+00 0.0 0.0 0.0 0.0 0.0 0.0 0.0 0.0 0.0 0.0 0.0 0.0 0.0 0.0 0.0 0.0 0.0 0.0
7.2616e-01 1.9526e-02 8.8965e-02 6.7573e-01 9.5534e-01 1.2436e-02 1.6752e-01 0.0000e+00 0.0000e+00 0.0000e+00 0.0 0.0 0.0 0.0 0.0 0.0 0.0 0.0 0.0 0.0 0.0 0.0 0.0 0.0 0.0 0.0 0.0 0.0
7.9765e-01 1.6287e-02 8.3761e-02 7.3723e-01 9.4818e-01 1.4340e-02 1.5804e-01 0.0000e+00 0.0000e+00 0.0000e+00 0.0 0.0 0.0 0.0 0.0 0.0 0.0 0.0 0.0 0.0 0.0 0.0 0.0 0.0 0.0 0.0 0.0 0.0
9.2826e-01 8.9035e-03 1.5584e-01 9.7738e-01 7.2599e-01 1.9772e-02 4.2141e-02 0.0000e+00 0.0000e+00 0.0000e+00 0.0 0.0 0.0 0.0 0.0 0.0 0.0 0.0 0.0 0.0 0.0 0.0 0.0 0.0 0.0 0.0 0.0 0.0
8.3194e-01 1.4855e-02 1.0782e-01 9.3635e-01 7.6766e-01 1.4178e-02 7.1216e-02 0.0000e+00 0.0000e+00 0.0000e+00 0.0 0.0 0.0 0.0 0.0 0.0 0.0 0.0 0.0 0.0 0.0 0.0 0.0 0.0 0.0 0.0 0.0 0.0
8.3194e-01 1.4855e-02 1.0782e-01 9.3635e-01 7.6766e-01 1.4178e-02 7.1216e-02 0.0000e+00 0.0000e+00 0.0000e+00 0.0 0.0 0.0 0.0 0.0 0.0 0.0 0.0 0.0 0.0 0.0 0.0 0.0 0.0 0.0 0.0 0.0 0.0
9.5815e-01 1.9261e-02 1.5002e-01 7.9241e-01 6.6405e-01 1.9899e-02 6.0972e-02 0.0000e+00 0.0000e+00 0.0000e+00 0.0 0.0 0.0 0.0 0.0 0.0 0.0 0.0 0.0 0.0 0.0 0.0 0.0 0.0 0.0 0.0 0.0 0.0
9.7103e-01 1.9314e-02 7.8467e-02 9.8496e-01 7.8284e-01 8.4909e-03 1.0311e-01 0.0000e+00 0.0000e+00 0.0000e+00 0.0 0.0 0.0 0.0 0.0 0.0 0.0 0.0 0.0 0.0 0.0 0.0 0.0 0.0 0.0 0.0 0.0 0.0
8.7136e-01 1.5819e-02 7.8284e-02 9.8912e-01 8.3343e-01 6.2616e-03 1.2054e-01 0.0000e+00 0.0000e+00 0.0000e+00 0.0 0.0 0.0 0.0 0.0 0.0 0.0 0.0 0.0 0.0 0.0 0.0 0.0 0.0 0.0 0.0 0.0 0.0
8.7136e-01 1.5819e-02 7.8284e-02 9.8912e-01 8.3343e-01 6.2616e-03 1.2054e-01 0.0000e+00 0.0000e+00 0.0000e+00 0.0 0.0 0.0 0.0 0.0 0.0 0.0 0.0 0.0 0.0 0.0 0.0 0.0 0.0 0.0 0.0 0.0 0.0
9.0681e-01 2.4914e-02 8.7160e-02 7.7842e-01 8.9767e-01 1.2137e-02 1.3566e-01 0.0000e+00 0.0000e+00 0.0000e+00 0.0 0.0 0.0 0.0 0.0 0.0 0.0 0.0 0.0 0.0 0.0 0.0 0.0 0.0 0.0 0.0 0.0 0.0
9.0681e-01 2.4914e-02 8.7160e-02 7.7842e-01 8.9767e-01 1.2137e-02 1.3566e-01 0.0000e+00 0.0000e+00 0.0000e+00 0.0 0.0 0.0 0.0 0.0 0.0 0.0 0.0 0.0 0.0 0.0 0.0 0.0 0.0 0.0 0.0 0.0 0.0
8.5744e-01 1.9693e-02 1.1955e-01 5.6416e-01 5.2508e-01 9.4461e-03 4.6284e-02 0.0000e+00 0.0000e+00 0.0000e+00 0.0 0.0 0.0 0.0 0.0 0.0 0.0 0.0 0.0 0.0 0.0 0.0 0.0 0.0 0.0 0.0 0.0 0.0
8.5744e-01 1.9693e-02 1.1955e-01 5.6416e-01 5.2508e-01 9.4461e-03 4.6284e-02 0.0000e+00 0.0000e+00 0.0000e+00 0.0 0.0 0.0 0.0 0.0 0.0 0.0 0.0 0.0 0.0 0.0 0.0 0.0 0.0 0.0 0.0 0.0 0.0
9.2898e-01 7.4764e-03 1.9184e-01 9.3028e-01 5.2066e-01 1.8236e-03 6.0081e-02 0.0000e+00 0.0000e+00 0.0000e+00 0.0 0.0 0.0 0.0 0.0 0.0 0.0 0.0 0.0 0.0 0.0 0.0 0.0 0.0 0.0 0.0 0.0 0.0
7.0970e-01 7.5322e-03 2.8148e-02 9.6778e-01 7.9751e-01 1.4246e-02 9.9132e-02 0.0000e+00 0.0000e+00 0.0000e+00 0.0 0.0 0.0 0.0 0.0 0.0 0.0 0.0 0.0 0.0 0.0 0.0 0.0 0.0 0.0 0.0 0.0 0.0
7.0970e-01 7.5322e-03 2.8148e-02 9.6778e-01 7.9751e-01 1.4246e-02 9.9132e-02 0.0000e+00 0.0000e+00 0.0000e+00 0.0 0.0 0.0 0.0 0.0 0.0 0.0 0.0 0.0 0.0 0.0 0.0 0.0 0.0 0.0 0.0 0.0 0.0
8.8427e-01 1.0530e-02 1.2590e-01 8.6098e-01 8.5936e-01 2.9904e-02 4.0151e-02 0.0000e+00 0.0000e+00 0.0000e+00 0.0 0.0 0.0 0.0 0.0 0.0 0.0 0.0 0.0 0.0 0.0 0.0 0.0 0.0 0.0 0.0 0.0 0.0
8.8427e-01 1.0530e-02 1.2590e-01 8.6098e-01 8.5936e-01 2.9904e-02 4.0151e-02 0.0000e+00 0.0000e+00 0.0000e+00 0.0 0.0 0.0 0.0 0.0 0.0 0.0 0.0 0.0 0.0 0.0 0.0 0.0 0.0 0.0 0.0 0.0 0.0
5.6420e-01 1.0867e-02 2.8904e-02 6.5677e-01 7.7013e-01 9.4688e-03 1.2488e-01 0.0000e+00 0.0000e+00 0.0000e+00 0.0 0.0 0.0 0.0 0.0 0.0 0.0 0.0 0.0 0.0 0.0 0.0 0.0 0.0 0.0 0.0 0.0 0.0
7.5791e-01 8.5543e-03 1.0393e-01 8.0312e-01 6.7229e-01 3.2878e-03 3.2132e-02 0.0000e+00 0.0000e+00 0.0000e+00 0.0 0.0 0.0 0.0 0.0 0.0 0.0 0.0 0.0 0.0 0.0 0.0 0.0 0.0 0.0 0.0 0.0 0.0
8.7857e-01 1.9162e-02 1.4561e-01 6.1123e-01 7.1511e-01 1.2832e-02 5.8454e-02 0.0000e+00 0.0000e+00 0.0000e+00 0.0 0.0 0.0 0.0 0.0 0.0 0.0 0.0 0.0 0.0 0.0 0.0 0.0 0.0 0.0 0.0 0.0 0.0
7.4557e-01 1.6960e-03 8.3509e-02 8.4051e-01 9.1757e-01 1.6642e-02 1.6477e-01 0.0000e+00 0.0000e+00 0.0000e+00 0.0 0.0 0.0 0.0 0.0 0.0 0.0 0.0 0.0 0.0 0.0 0.0 0.0 0.0 0.0 0.0 0.0 0.0
7.4557e-01 1.6960e-03 8.3509e-02 8.4051e-01 9.1757e-01 1.6642e-02 1.6477e-01 0.0000e+00 0.0000e+00 0.0000e+00 0.0 0.0 0.0 0.0 0.0 0.0 0.0 0.0 0.0 0.0 0.0 0.0 0.0 0.0 0.0 0.0 0.0 0.0
8.4724e-01 2.0299e-02 1.1626e-01 9.1480e-01 9.3164e-01 8.0342e-03 6.4371e-02 0.0000e+00 0.0000e+00 0.0000e+00 0.0 0.0 0.0 0.0 0.0 0.0 0.0 0.0 0.0 0.0 0.0 0.0 0.0 0.0 0.0 0.0 0.0 0.0
6.8884e-01 1.1784e-03 5.5730e-02 1.0754e+00 9.1032e-01 2.1716e-02 1.4711e-01 0.0000e+00 0.0000e+00 0.0000e+00 0.0 0.0 0.0 0.0 0.0 0.0 0.0 0.0 0.0 0.0 0.0 0.0 0.0 0.0 0.0 0.0 0.0 0.0
6.8884e-01 1.1784e-03 5.5730e-02 1.0754e+00 9.1032e-01 2.1716e-02 1.4711e-01 0.0000e+00 0.0000e+00 0.0000e+00 0.0 0.0 0.0 0.0 0.0 0.0 0.0 0.0 0.0 0.0 0.0 0.0 0.0 0.0 0.0 0.0 0.0 0.0
6.8100e-01 1.5129e-02 2.4799e-02 1.0737e+00 8.0098e-01 1.0594e-02 1.2358e-01 0.0000e+00 0.0000e+00 0.0000e+00 0.0 0.0 0.0 0.0 0.0 0.0 0.0 0.0 0.0 0.0 0.0 0.0 0.0 0.0 0.0 0.0 0.0 0.0
6.8100e-01 1.5129e-02 2.4799e-02 1.0737e+00 8.0098e-01 1.0594e-02 1.2358e-01 0.0000e+00 0.0000e+00 0.0000e+00 0.0 0.0 0.0 0.0 0.0 0.0 0.0 0.0 0.0 0.0 0.0 0.0 0.0 0.0 0.0 0.0 0.0 0.0
8.1657e-01 2.5731e-02 5.4709e-02 9.7946e-01 8.6949e-01 9.5389e-03 1.1062e-01 0.0000e+00 0.0000e+00 0.0000e+00 0.0 0.0 0.0 0.0 0.0 0.0 0.0 0.0 0.0 0.0 0.0 0.0 0.0 0.0 0.0 0.0 0.0 0.0
8.1657e-01 2.5731e-02 5.4709e-02 9.7946e-01 8.6949e-01 9.5389e-03 1.1062e-01 0.0000e+00 0.0000e+00 0.0000e+00 0.0 0.0 0.0 0.0 0.0 0.0 0.0 0.0 0.0 0.0 0.0 0.0 0.0 0.0 0.0 0.0 0.0 0.0
5.9491e-01 1.6465e-02 4.0174e-02 9.2717e-01 8.6163e-01 1.4381e-02 1.3970e-01 0.0000e+00 0.0000e+00 0.0000e+00 0.0 0.0 0.0 0.0 0.0 0.0 0.0 0.0 0.0 0.0 0.0 0.0 0.0 0.0 0.0 0.0 0.0 0.0
8.1391e-01 2.5136e-02 1.0817e-01 1.0512e+00 9.1046e-01 5.0034e-03 7.0872e-02 0.0000e+00 0.0000e+00 0.0000e+00 0.0 0.0 0.0 0.0 0.0 0.0 0.0 0.0 0.0 0.0 0.0 0.0 0.0 0.0 0.0 0.0 0.0 0.0
8.1988e-01 1.4232e-02 1.0125e-01 6.1313e-01 8.9985e-01 2.4051e-02 8.5459e-02 0.0000e+00 0.0000e+00 0.0000e+00 0.0 0.0 0.0 0.0 0.0 0.0 0.0 0.0 0.0 0.0 0.0 0.0 0.0 0.0 0.0 0.0 0.0 0.0
8.1988e-01 1.4232e-02 1.0125e-01 6.1313e-01 8.9985e-01 2.4051e-02 8.5459e-02 0.0000e+00 0.0000e+00 0.0000e+00 0.0 0.0 0.0 0.0 0.0 0.0 0.0 0.0 0.0 0.0 0.0 0.0 0.0 0.0 0.0 0.0 0.0 0.0
8.9701e-01 2.8348e-02 1.1800e-01 9.8925e-01 7.4497e-01 8.1052e-04 5.8400e-02 0.0000e+00 0.0000e+00 0.0000e+00 0.0 0.0 0.0 0.0 0.0 0.0 0.0 0.0 0.0 0.0 0.0 0.0 0.0 0.0 0.0 0.0 0.0 0.0
8.9701e-01 2.8348e-02 1.1800e-01 9.8925e-01 7.4497e-01 8.1052e-04 5.8400e-02 0.0000e+00 0.0000e+00 0.0000e+00 0.0 0.0 0.0 0.0 0.0 0.0 0.0 0.0 0.0 0.0 0.0 0.0 0.0 0.0 0.0 0.0 0.0 0.0
9.2093e-01 1.3086e-03 1.4429e-01 7.9813e-01 6.7047e-01 6.9810e-03 6.4620e-02 0.0000e+00 0.0000e+00 0.0000e+00 0.0 0.0 0.0 0.0 0.0 0.0 0.0 0.0 0.0 0.0 0.0 0.0 0.0 0.0 0.0 0.0 0.0 0.0
9.3327e-01 1.4524e-02 1.4824e-01 6.4214e-01 5.8465e-01 6.7943e-03 5.7660e-02 0.0000e+00 0.0000e+00 0.0000e+00 0.0 0.0 0.0 0.0 0.0 0.0 0.0 0.0 0.0 0.0 0.0 0.0 0.0 0.0 0.0 0.0 0.0 0.0
8.3503e-01 5.4536e-03 1.3331e-01 8.2564e-01 9.9006e-01 2.9378e-02 7.3127e-02 0.0000e+00 0.0000e+00 0.0000e+00 0.0 0.0 0.0 0.0 0.0 0.0 0.0 0.0 0.0 0.0 0.0 0.0 0.0 0.0 0.0 0.0 0.0 0.0
9.3389e-01 4.9289e-03 1.6518e-01 6.0602e-01 5.8693e-01 1.0090e-02 6.5874e-02 0.0000e+00 0.0000e+00 0.0000e+00 0.0 0.0 0.0 0.0 0.0 0.0 0.0 0.0 0.0 0.0 0.0 0.0 0.0 0.0 0.0 0.0 0.0 0.0
8.8178e-01 1.3878e-02 1.2950e-01 6.1883e-01 5.4918e-01 1.9137e-02 3.5643e-02 0.0000e+00 0.0000e+00 0.0000e+00 0.0 0.0 0.0 0.0 0.0 0.0 0.0 0.0 0.0 0.0 0.0 0.0 0.0 0.0 0.0 0.0 0.0 0.0
8.8178e-01 1.3878e-02 1.2950e-01 6.1883e-01 5.4918e-01 1.9137e-02 3.5643e-02 0.0000e+00 0.0000e+00 0.0000e+00 0.0 0.0 0.0 0.0 0.0 0.0 0.0 0.0 0.0 0.0 0.0 0.0 0.0 0.0 0.0 0.0 0.0 0.0
8.1235e-01 1.2006e-02 1.2240e-01 8.5154e-01 7.1460e-01 5.3824e-03 3.3328e-02 0.0000e+00 0.0000e+00 0.0000e+00 0.0 0.0 0.0 0.0 0.0 0.0 0.0 0.0 0.0 0.0 0.0 0.0 0.0 0.0 0.0 0.0 0.0 0.0
6.4153e-01 6.8349e-03 4.2815e-02 6.1951e-01 8.0429e-01 1.4177e-02 1.0243e-01 0.0000e+00 0.0000e+00 0.0000e+00 0.0 0.0 0.0 0.0 0.0 0.0 0.0 0.0 0.0 0.0 0.0 0.0 0.0 0.0 0.0 0.0 0.0 0.0
7.6238e-01 1.5243e-02 9.3644e-02 8.4042e-01 6.7716e-01 8.1040e-03 2.6963e-02 0.0000e+00 0.0000e+00 0.0000e+00 0.0 0.0 0.0 0.0 0.0 0.0 0.0 0.0 0.0 0.0 0.0 0.0 0.0 0.0 0.0 0.0 0.0 0.0
9.4210e-01 1.2962e-02 1.9460e-01 9.0486e-01 6.2530e-01 6.6484e-03 7.2293e-02 0.0000e+00 0.0000e+00 0.0000e+00 0.0 0.0 0.0 0.0 0.0 0.0 0.0 0.0 0.0 0.0 0.0 0.0 0.0 0.0 0.0 0.0 0.0 0.0
8.8326e-01 1.0287e-02 1.1686e-01 1.1211e+00 6.5535e-01 6.9788e-03 5.1685e-02 0.0000e+00 0.0000e+00 0.0000e+00 0.0 0.0 0.0 0.0 0.0 0.0 0.0 0.0 0.0 0.0 0.0 0.0 0.0 0.0 0.0 0.0 0.0 0.0
8.8950e-01 1.1136e-02 1.6141e-01 6.8150e-01 5.1686e-01 8.2299e-04 5.6203e-02 0.0000e+00 0.0000e+00 0.0000e+00 0.0 0.0 0.0 0.0 0.0 0.0 0.0 0.0 0.0 0.0 0.0 0.0 0.0 0.0 0.0 0.0 0.0 0.0
8.8950e-01 1.1136e-02 1.6141e-01 6.8150e-01 5.1686e-01 8.2299e-04 5.6203e-02 0.0000e+00 0.0000e+00 0.0000e+00 0.0 0.0 0.0 0.0 0.0 0.0 0.0 0.0 0.0 0.0 0.0 0.0 0.0 0.0 0.0 0.0 0.0 0.0
7.6331e-01 1.2731e-02 9.6584e-02 7.0827e-01 7.0670e-01 1.3424e-02 4.3736e-02 0.0000e+00 0.0000e+00 0.0000e+00 0.0 0.0 0.0 0.0 0.0 0.0 0.0 0.0 0.0 0.0 0.0 0.0 0.0 0.0 0.0 0.0 0.0 0.0
8.1067e-01 2.5254e-02 9.9209e-02 9.9091e-01 8.7174e-01 1.0271e-03 8.2837e-02 0.0000e+00 0.0000e+00 0.0000e+00 0.0 0.0 0.0 0.0 0.0 0.0 0.0 0.0 0.0 0.0 0.0 0.0 0.0 0.0 0.0 0.0 0.0 0.0
9.6646e-01 1.8271e-02 7.9411e-02 7.4503e-01 7.6673e-01 1.8749e-02 1.1098e-01 0.0000e+00 0.0000e+00 0.0000e+00 0.0 0.0 0.0 0.0 0.0 0.0 0.0 0.0 0.0 0.0 0.0 0.0 0.0 0.0 0.0 0.0 0.0 0.0
7.8735e-01 3.1050e-03 1.3270e-01 1.0049e+00 6.7783e-01 1.4515e-02 2.4551e-02 0.0000e+00 0.0000e+00 0.0000e+00 0.0 0.0 0.0 0.0 0.0 0.0 0.0 0.0 0.0 0.0 0.0 0.0 0.0 0.0 0.0 0.0 0.0 0.0
9.1861e-01 9.3606e-03 1.7906e-01 8.9782e-01 7.0909e-01 1.4977e-02 5.3832e-02 0.0000e+00 0.0000e+00 0.0000e+00 0.0 0.0 0.0 0.0 0.0 0.0 0.0 0.0 0.0 0.0 0.0 0.0 0.0 0.0 0.0 0.0 0.0 0.0
8.1261e-01 9.1585e-03 1.2613e-01 7.8181e-01 7.4493e-01 1.1409e-04 5.5599e-02 0.0000e+00 0.0000e+00 0.0000e+00 0.0 0.0 0.0 0.0 0.0 0.0 0.0 0.0 0.0 0.0 0.0 0.0 0.0 0.0 0.0 0.0 0.0 0.0
7.7300e-01 1.0273e-02 9.7117e-02 8.4949e-01 6.5924e-01 1.0654e-02 4.2930e-02 0.0000e+00 0.0000e+00 0.0000e+00 0.0 0.0 0.0 0.0 0.0 0.0 0.0 0.0 0.0 0.0 0.0 0.0 0.0 0.0 0.0 0.0 0.0 0.0
8.0614e-01 2.1288e-02 1.0579e-01 9.1173e-01 7.8968e-01 3.6431e-03 1.7165e-02 0.0000e+00 0.0000e+00 0.0000e+00 0.0 0.0 0.0 0.0 0.0 0.0 0.0 0.0 0.0 0.0 0.0 0.0 0.0 0.0 0.0 0.0 0.0 0.0
8.0614e-01 2.1288e-02 1.0579e-01 9.1173e-01 7.8968e-01 3.6431e-03 1.7165e-02 0.0000e+00 0.0000e+00 0.0000e+00 0.0 0.0 0.0 0.0 0.0 0.0 0.0 0.0 0.0 0.0 0.0 0.0 0.0 0.0 0.0 0.0 0.0 0.0
8.7204e-01 2.9438e-02 1.0944e-01 9.0086e-01 8.7446e-01 3.4018e-03 1.0415e-01 0.0000e+00 0.0000e+00 0.0000e+00 0.0 0.0 0.0 0.0 0.0 0.0 0.0 0.0 0.0 0.0 0.0 0.0 0.0 0.0 0.0 0.0 0.0 0.0
8.0650e-01 1.3182e-02 1.0901e-01 1.0136e+00 9.2096e-01 1.4416e-02 8.3839e-02 0.0000e+00 0.0000e+00 0.0000e+00 0.0 0.0 0.0 0.0 0.0 0.0 0.0 0.0 0.0 0.0 0.0 0.0 0.0 0.0 0.0 0.0 0.0 0.0
5.4905e-01 6.4139e-03 5.7824e-02 8.5058e-01 8.5751e-01 1.0287e-02 1.3921e-01 0.0000e+00 0.0000e+00 0.0000e+00 0.0 0.0 0.0 0.0 0.0 0.0 0.0 0.0 0.0 0.0 0.0 0.0 0.0 0.0 0.0 0.0 0.0 0.0
9.1386e-01 1.0394e-02 4.8948e-02 9.4190e-01 8.3587e-01 2.4956e-02 1.2432e-01 0.0000e+00 0.0000e+00 0.0000e+00 0.0 0.0 0.0 0.0 0.0 0.0 0.0 0.0 0.0 0.0 0.0 0.0 0.0 0.0 0.0 0.0 0.0 0.0
8.3413e-01 1.8613e-02 1.1827e-01 7.7025e-01 9.5385e-01 2.4250e-02 3.1550e-02 0.0000e+00 0.0000e+00 0.0000e+00 0.0 0.0 0.0 0.0 0.0 0.0 0.0 0.0 0.0 0.0 0.0 0.0 0.0 0.0 0.0 0.0 0.0 0.0
8.2828e-01 1.8124e-02 1.0240e-01 7.1194e-01 7.7599e-01 1.8300e-02 6.4628e-02 0.0000e+00 0.0000e+00 0.0000e+00 0.0 0.0 0.0 0.0 0.0 0.0 0.0 0.0 0.0 0.0 0.0 0.0 0.0 0.0 0.0 0.0 0.0 0.0
7.5312e-01 1.4374e-02 5.0028e-02 5.6257e-01 7.9675e-01 1.1777e-02 1.0938e-01 0.0000e+00 0.0000e+00 0.0000e+00 0.0 0.0 0.0 0.0 0.0 0.0 0.0 0.0 0.0 0.0 0.0 0.0 0.0 0.0 0.0 0.0 0.0 0.0
9.5363e-01 9.3732e-03 1.4884e-01 8.9552e-01 6.6824e-01 2.4283e-02 6.0799e-02 0.0000e+00 0.0000e+00 0.0000e+00 0.0 0.0 0.0 0.0 0.0 0.0 0.0 0.0 0.0 0.0 0.0 0.0 0.0 0.0 0.0 0.0 0.0 0.0
9.9845e-01 2.3947e-02 6.2893e-02 8.0637e-01 8.0693e-01 1.7363e-02 1.0315e-01 0.0000e+00 0.0000e+00 0.0000e+00 0.0 0.0 0.0 0.0 0.0 0.0 0.0 0.0 0.0 0.0 0.0 0.0 0.0 0.0 0.0 0.0 0.0 0.0
9.9845e-01 2.3947e-02 6.2893e-02 8.0637e-01 8.0693e-01 1.7363e-02 1.0315e-01 0.0000e+00 0.0000e+00 0.0000e+00 0.0 0.0 0.0 0.0 0.0 0.0 0.0 0.0 0.0 0.0 0.0 0.0 0.0 0.0 0.0 0.0 0.0 0.0
8.9951e-01 8.7865e-03 1.2455e-01 6.4940e-01 6.4009e-01 6.7518e-03 6.5371e-02 0.0000e+00 0.0000e+00 0.0000e+00 0.0 0.0 0.0 0.0 0.0 0.0 0.0 0.0 0.0 0.0 0.0 0.0 0.0 0.0 0.0 0.0 0.0 0.0
5.9445e-01 1.7062e-03 4.8637e-02 1.1054e+00 8.9068e-01 1.3466e-02 1.2221e-01 0.0000e+00 0.0000e+00 0.0000e+00 0.0 0.0 0.0 0.0 0.0 0.0 0.0 0.0 0.0 0.0 0.0 0.0 0.0 0.0 0.0 0.0 0.0 0.0
7.9492e-01 1.4864e-02 7.5465e-02 1.0754e+00 9.2630e-01 1.0847e-02 1.5907e-01 0.0000e+00 0.0000e+00 0.0000e+00 0.0 0.0 0.0 0.0 0.0 0.0 0.0 0.0 0.0 0.0 0.0 0.0 0.0 0.0 0.0 0.0 0.0 0.0
7.7368e-01 2.2698e-02 1.0472e-01 1.0298e+00 7.7991e-01 5.6234e-03 1.0991e-02 0.0000e+00 0.0000e+00 0.0000e+00 0.0 0.0 0.0 0.0 0.0 0.0 0.0 0.0 0.0 0.0 0.0 0.0 0.0 0.0 0.0 0.0 0.0 0.0
7.7117e-01 1.5000e-02 7.4912e-02 8.7674e-01 9.3530e-01 5.6262e-03 1.3972e-01 0.0000e+00 0.0000e+00 0.0000e+00 0.0 0.0 0.0 0.0 0.0 0.0 0.0 0.0 0.0 0.0 0.0 0.0 0.0 0.0 0.0 0.0 0.0 0.0
9.1194e-01 2.2869e-03 1.8255e-01 8.5948e-01 5.8407e-01 2.6215e-03 6.1527e-02 0.0000e+00 0.0000e+00 0.0000e+00 0.0 0.0 0.0 0.0 0.0 0.0 0.0 0.0 0.0 0.0 0.0 0.0 0.0 0.0 0.0 0.0 0.0 0.0
9.1194e-01 2.2869e-03 1.8255e-01 8.5948e-01 5.8407e-01 2.6215e-03 6.1527e-02 0.0000e+00 0.0000e+00 0.0000e+00 0.0 0.0 0.0 0.0 0.0 0.0 0.0 0.0 0.0 0.0 0.0 0.0 0.0 0.0 0.0 0.0 0.0 0.0
8.2269e-01 6.1576e-04 9.3363e-02 7.9774e-01 9.1027e-01 2.9989e-02 1.3820e-01 0.0000e+00 0.0000e+00 0.0000e+00 0.0 0.0 0.0 0.0 0.0 0.0 0.0 0.0 0.0 0.0 0.0 0.0 0.0 0.0 0.0 0.0 0.0 0.0
9.0155e-01 1.2037e-03 1.5207e-01 8.0704e-01 6.2312e-01 2.2572e-02 3.0916e-02 0.0000e+00 0.0000e+00 0.0000e+00 0.0 0.0 0.0 0.0 0.0 0.0 0.0 0.0 0.0 0.0 0.0 0.0 0.0 0.0 0.0 0.0 0.0 0.0
8.4814e-01 2.3363e-02 6.2550e-02 7.6110e-01 8.1143e-01 9.0121e-03 1.2599e-01 0.0000e+00 0.0000e+00 0.0000e+00 0.0 0.0 0.0 0.0 0.0 0.0 0.0 0.0 0.0 0.0 0.0 0.0 0.0 0.0 0.0 0.0 0.0 0.0
8.7988e-01 1.9390e-02 8.6943e-02 8.0674e-01 7.9652e-01 1.7686e-02 8.3090e-02 0.0000e+00 0.0000e+00 0.0000e+00 0.0 0.0 0.0 0.0 0.0 0.0 0.0 0.0 0.0 0.0 0.0 0.0 0.0 0.0 0.0 0.0 0.0 0.0
8.7988e-01 1.9390e-02 8.6943e-02 8.0674e-01 7.9652e-01 1.7686e-02 8.3090e-02 0.0000e+00 0.0000e+00 0.0000e+00 0.0 0.0 0.0 0.0 0.0 0.0 0.0 0.0 0.0 0.0 0.0 0.0 0.0 0.0 0.0 0.0 0.0 0.0
8.0637e-01 1.8841e-02 3.4218e-02 1.0018e+00 8.6114e-01 2.0869e-02 1.2097e-01 0.0000e+00 0.0000e+00 0.0000e+00 0.0 0.0 0.0 0.0 0.0 0.0 0.0 0.0 0.0 0.0 0.0 0.0 0.0 0.0 0.0 0.0 0.0 0.0
7.2091e-01 6.9039e-03 7.8522e-02 8.0585e-01 8.5662e-01 1.3427e-02 1.1477e-01 0.0000e+00 0.0000e+00 0.0000e+00 0.0 0.0 0.0 0.0 0.0 0.0 0.0 0.0 0.0 0.0 0.0 0.0 0.0 0.0 0.0 0.0 0.0 0.0
5.0470e-01 2.4756e-03 3.4598e-02 6.4530e-01 7.7657e-01 1.2503e-02 1.2061e-01 0.0000e+00 0.0000e+00 0.0000e+00 0.0 0.0 0.0 0.0 0.0 0.0 0.0 0.0 0.0 0.0 0.0 0.0 0.0 0.0 0.0 0.0 0.0 0.0
5.0470e-01 2.4756e-03 3.4598e-02 6.4530e-01 7.7657e-01 1.2503e-02 1.2061e-01 0.0000e+00 0.0000e+00 0.0000e+00 0.0 0.0 0.0 0.0 0.0 0.0 0.0 0.0 0.0 0.0 0.0 0.0 0.0 0.0 0.0 0.0 0.0 0.0
8.8458e-01 2.2693e-02 8.1264e-02 6.9334e-01 8.6214e-01 9.7309e-03 1.2248e-01 0.0000e+00 0.0000e+00 0.0000e+00 0.0 0.0 0.0 0.0 0.0 0.0 0.0 0.0 0.0 0.0 0.0 0.0 0.0 0.0 0.0 0.0 0.0 0.0
8.8458e-01 2.2693e-02 8.1264e-02 6.9334e-01 8.6214e-01 9.7309e-03 1.2248e-01 0.0000e+00 0.0000e+00 0.0000e+00 0.0 0.0 0.0 0.0 0.0 0.0 0.0 0.0 0.0 0.0 0.0 0.0 0.0 0.0 0.0 0.0 0.0 0.0
8.9239e-01 2.1125e-02 7.0509e-02 6.7246e-01 7.8860e-01 6.9394e-03 1.0745e-01 0.0000e+00 0.0000e+00 0.0000e+00 0.0 0.0 0.0 0.0 0.0 0.0 0.0 0.0 0.0 0.0 0.0 0.0 0.0 0.0 0.0 0.0 0.0 0.0
6.5779e-01 1.6778e-02 2.9242e-02 8.7485e-01 8.1127e-01 1.4320e-02 1.2970e-01 0.0000e+00 0.0000e+00 0.0000e+00 0.0 0.0 0.0 0.0 0.0 0.0 0.0 0.0 0.0 0.0 0.0 0.0 0.0 0.0 0.0 0.0 0.0 0.0
7.4472e-01 6.3615e-03 9.6687e-02 6.1260e-01 9.3267e-01 2.3273e-02 1.1815e-01 0.0000e+00 0.0000e+00 0.0000e+00 0.0 0.0 0.0 0.0 0.0 0.0 0.0 0.0 0.0 0.0 0.0 0.0 0.0 0.0 0.0 0.0 0.0 0.0
7.4472e-01 6.3615e-03 9.6687e-02 6.1260e-01 9.3267e-01 2.3273e-02 1.1815e-01 0.0000e+00 0.0000e+00 0.0000e+00 0.0 0.0 0.0 0.0 0.0 0.0 0.0 0.0 0.0 0.0 0.0 0.0 0.0 0.0 0.0 0.0 0.0 0.0
8.6269e-01 2.2303e-02 1.0351e-01 1.0565e+00 7.9980e-01 1.6851e-03 8.1178e-02 0.0000e+00 0.0000e+00 0.0000e+00 0.0 0.0 0.0 0.0 0.0 0.0 0.0 0.0 0.0 0.0 0.0 0.0 0.0 0.0 0.0 0.0 0.0 0.0
8.2415e-01 5.7206e-03 1.1951e-01 7.4098e-01 8.1259e-01 2.5434e-02 6.4191e-02 0.0000e+00 0.0000e+00 0.0000e+00 0.0 0.0 0.0 0.0 0.0 0.0 0.0 0.0 0.0 0.0 0.0 0.0 0.0 0.0 0.0 0.0 0.0 0.0
8.2415e-01 5.7206e-03 1.1951e-01 7.4098e-01 8.1259e-01 2.5434e-02 6.4191e-02 0.0000e+00 0.0000e+00 0.0000e+00 0.0 0.0 0.0 0.0 0.0 0.0 0.0 0.0 0.0 0.0 0.0 0.0 0.0 0.0 0.0 0.0 0.0 0.0
7.6998e-01 2.1651e-02 1.0473e-01 7.9852e-01 8.4575e-01 1.6933e-02 3.4585e-02 0.0000e+00 0.0000e+00 0.0000e+00 0.0 0.0 0.0 0.0 0.0 0.0 0.0 0.0 0.0 0.0 0.0 0.0 0.0 0.0 0.0 0.0 0.0 0.0
7.6998e-01 2.1651e-02 1.0473e-01 7.9852e-01 8.4575e-01 1.6933e-02 3.4585e-02 0.0000e+00 0.0000e+00 0.0000e+00 0.0 0.0 0.0 0.0 0.0 0.0 0.0 0.0 0.0 0.0 0.0 0.0 0.0 0.0 0.0 0.0 0.0 0.0
8.2225e-01 1.8885e-02 1.1334e-01 6.6939e-01 8.7318e-01 2.4051e-02 3.8901e-02 0.0000e+00 0.0000e+00 0.0000e+00 0.0 0.0 0.0 0.0 0.0 0.0 0.0 0.0 0.0 0.0 0.0 0.0 0.0 0.0 0.0 0.0 0.0 0.0
9.1287e-01 1.1049e-02 1.7058e-01 9.9919e-01 5.6155e-01 7.3484e-03 5.5221e-02 0.0000e+00 0.0000e+00 0.0000e+00 0.0 0.0 0.0 0.0 0.0 0.0 0.0 0.0 0.0 0.0 0.0 0.0 0.0 0.0 0.0 0.0 0.0 0.0
8.5683e-01 2.0403e-02 9.7438e-02 6.9073e-01 6.9501e-01 8.1371e-04 7.8337e-02 0.0000e+00 0.0000e+00 0.0000e+00 0.0 0.0 0.0 0.0 0.0 0.0 0.0 0.0 0.0 0.0 0.0 0.0 0.0 0.0 0.0 0.0 0.0 0.0
7.4640e-01 1.0553e-02 6.4451e-02 9.6989e-01 8.9514e-01 8.0081e-03 1.1625e-01 0.0000e+00 0.0000e+00 0.0000e+00 0.0 0.0 0.0 0.0 0.0 0.0 0.0 0.0 0.0 0.0 0.0 0.0 0.0 0.0 0.0 0.0 0.0 0.0
7.7664e-01 2.0227e-02 1.0933e-01 6.2124e-01 7.7797e-01 4.8858e-03 4.0301e-02 0.0000e+00 0.0000e+00 0.0000e+00 0.0 0.0 0.0 0.0 0.0 0.0 0.0 0.0 0.0 0.0 0.0 0.0 0.0 0.0 0.0 0.0 0.0 0.0
7.7664e-01 2.0227e-02 1.0933e-01 6.2124e-01 7.7797e-01 4.8858e-03 4.0301e-02 0.0000e+00 0.0000e+00 0.0000e+00 0.0 0.0 0.0 0.0 0.0 0.0 0.0 0.0 0.0 0.0 0.0 0.0 0.0 0.0 0.0 0.0 0.0 0.0
8.0091e-01 1.1118e-02 6.3539e-02 1.0998e+00 9.0544e-01 1.8126e-02 1.4708e-01 0.0000e+00 0.0000e+00 0.0000e+00 0.0 0.0 0.0 0.0 0.0 0.0 0.0 0.0 0.0 0.0 0.0 0.0 0.0 0.0 0.0 0.0 0.0 0.0
8.1644e-01 2.5524e-02 1.0861e-01 7.0230e-01 8.5434e-01 6.3661e-03 8.0649e-02 0.0000e+00 0.0000e+00 0.0000e+00 0.0 0.0 0.0 0.0 0.0 0.0 0.0 0.0 0.0 0.0 0.0 0.0 0.0 0.0 0.0 0.0 0.0 0.0
7.7452e-01 1.3857e-02 7.5962e-02 9.4150e-01 9.0324e-01 1.2547e-02 1.0275e-01 0.0000e+00 0.0000e+00 0.0000e+00 0.0 0.0 0.0 0.0 0.0 0.0 0.0 0.0 0.0 0.0 0.0 0.0 0.0 0.0 0.0 0.0 0.0 0.0
6.5515e-01 2.0142e-03 4.2609e-02 1.1104e+00 8.3158e-01 1.1487e-02 1.2797e-01 0.0000e+00 0.0000e+00 0.0000e+00 0.0 0.0 0.0 0.0 0.0 0.0 0.0 0.0 0.0 0.0 0.0 0.0 0.0 0.0 0.0 0.0 0.0 0.0
8.3244e-01 3.4699e-03 8.1504e-02 7.4126e-01 9.1249e-01 2.9298e-02 1.0654e-01 0.0000e+00 0.0000e+00 0.0000e+00 0.0 0.0 0.0 0.0 0.0 0.0 0.0 0.0 0.0 0.0 0.0 0.0 0.0 0.0 0.0 0.0 0.0 0.0
9.6650e-01 1.9190e-02 1.3552e-01 6.9639e-01 7.1088e-01 1.7713e-02 8.9365e-02 0.0000e+00 0.0000e+00 0.0000e+00 0.0 0.0 0.0 0.0 0.0 0.0 0.0 0.0 0.0 0.0 0.0 0.0 0.0 0.0 0.0 0.0 0.0 0.0
9.1988e-01 1.5289e-02 1.1909e-01 1.0561e+00 7.5916e-01 1.0931e-02 6.3033e-02 0.0000e+00 0.0000e+00 0.0000e+00 0.0 0.0 0.0 0.0 0.0 0.0 0.0 0.0 0.0 0.0 0.0 0.0 0.0 0.0 0.0 0.0 0.0 0.0
7.5952e-01 2.3778e-03 9.9786e-02 9.3750e-01 9.2569e-01 2.2757e-02 8.8361e-02 0.0000e+00 0.0000e+00 0.0000e+00 0.0 0.0 0.0 0.0 0.0 0.0 0.0 0.0 0.0 0.0 0.0 0.0 0.0 0.0 0.0 0.0 0.0 0.0
8.5108e-01 1.0298e-02 1.0681e-01 9.4947e-01 6.5523e-01 4.1678e-03 6.6836e-02 0.0000e+00 0.0000e+00 0.0000e+00 0.0 0.0 0.0 0.0 0.0 0.0 0.0 0.0 0.0 0.0 0.0 0.0 0.0 0.0 0.0 0.0 0.0 0.0
8.7101e-01 1.5094e-02 5.6215e-02 6.4604e-01 8.1360e-01 2.2186e-02 1.1657e-01 0.0000e+00 0.0000e+00 0.0000e+00 0.0 0.0 0.0 0.0 0.0 0.0 0.0 0.0 0.0 0.0 0.0 0.0 0.0 0.0 0.0 0.0 0.0 0.0
8.7101e-01 1.5094e-02 5.6215e-02 6.4604e-01 8.1360e-01 2.2186e-02 1.1657e-01 0.0000e+00 0.0000e+00 0.0000e+00 0.0 0.0 0.0 0.0 0.0 0.0 0.0 0.0 0.0 0.0 0.0 0.0 0.0 0.0 0.0 0.0 0.0 0.0
8.2566e-01 2.1128e-02 1.0805e-01 9.0964e-01 8.9007e-01 7.9404e-04 1.0360e-01 0.0000e+00 0.0000e+00 0.0000e+00 0.0 0.0 0.0 0.0 0.0 0.0 0.0 0.0 0.0 0.0 0.0 0.0 0.0 0.0 0.0 0.0 0.0 0.0
6.3346e-01 2.1927e-02 1.3145e-02 9.7798e-01 7.9102e-01 7.0043e-03 1.2566e-01 0.0000e+00 0.0000e+00 0.0000e+00 0.0 0.0 0.0 0.0 0.0 0.0 0.0 0.0 0.0 0.0 0.0 0.0 0.0 0.0 0.0 0.0 0.0 0.0
6.3346e-01 2.1927e-02 1.3145e-02 9.7798e-01 7.9102e-01 7.0043e-03 1.2566e-01 0.0000e+00 0.0000e+00 0.0000e+00 0.0 0.0 0.0 0.0 0.0 0.0 0.0 0.0 0.0 0.0 0.0 0.0 0.0 0.0 0.0 0.0 0.0 0.0
8.2298e-01 3.9033e-03 1.1625e-01 7.5274e-01 6.6245e-01 2.9136e-03 5.1514e-02 0.0000e+00 0.0000e+00 0.0000e+00 0.0 0.0 0.0 0.0 0.0 0.0 0.0 0.0 0.0 0.0 0.0 0.0 0.0 0.0 0.0 0.0 0.0 0.0
8.2298e-01 3.9033e-03 1.1625e-01 7.5274e-01 6.6245e-01 2.9136e-03 5.1514e-02 0.0000e+00 0.0000e+00 0.0000e+00 0.0 0.0 0.0 0.0 0.0 0.0 0.0 0.0 0.0 0.0 0.0 0.0 0.0 0.0 0.0 0.0 0.0 0.0
7.7873e-01 1.1665e-02 1.0491e-01 7.8113e-01 9.5917e-01 2.7392e-02 4.4897e-02 0.0000e+00 0.0000e+00 0.0000e+00 0.0 0.0 0.0 0.0 0.0 0.0 0.0 0.0 0.0 0.0 0.0 0.0 0.0 0.0 0.0 0.0 0.0 0.0
9.5306e-01 1.3081e-02 1.6558e-01 9.4842e-01 6.6416e-01 2.1303e-02 5.8287e-02 0.0000e+00 0.0000e+00 0.0000e+00 0.0 0.0 0.0 0.0 0.0 0.0 0.0 0.0 0.0 0.0 0.0 0.0 0.0 0.0 0.0 0.0 0.0 0.0
9.5306e-01 1.3081e-02 1.6558e-01 9.4842e-01 6.6416e-01 2.1303e-02 5.8287e-02 0.0000e+00 0.0000e+00 0.0000e+00 0.0 0.0 0.0 0.0 0.0 0.0 0.0 0.0 0.0 0.0 0.0 0.0 0.0 0.0 0.0 0.0 0.0 0.0
8.0492e-01 4.2654e-03 1.3016e-01 7.8434e-01 9.7702e-01 2.9473e-02 6.8270e-02 0.0000e+00 0.0000e+00 0.0000e+00 0.0 0.0 0.0 0.0 0.0 0.0 0.0 0.0 0.0 0.0 0.0 0.0 0.0 0.0 0.0 0.0 0.0 0.0
7.4782e-01 2.0400e-02 9.7494e-02 6.5694e-01 8.7879e-01 8.8736e-03 5.7204e-02 0.0000e+00 0.0000e+00 0.0000e+00 0.0 0.0 0.0 0.0 0.0 0.0 0.0 0.0 0.0 0.0 0.0 0.0 0.0 0.0 0.0 0.0 0.0 0.0
8.7887e-01 1.6744e-02 1.1309e-01 5.7749e-01 7.6741e-01 2.0069e-02 6.8968e-02 0.0000e+00 0.0000e+00 0.0000e+00 0.0 0.0 0.0 0.0 0.0 0.0 0.0 0.0 0.0 0.0 0.0 0.0 0.0 0.0 0.0 0.0 0.0 0.0
8.7887e-01 1.6744e-02 1.1309e-01 5.7749e-01 7.6741e-01 2.0069e-02 6.8968e-02 0.0000e+00 0.0000e+00 0.0000e+00 0.0 0.0 0.0 0.0 0.0 0.0 0.0 0.0 0.0 0.0 0.0 0.0 0.0 0.0 0.0 0.0 0.0 0.0
5.9618e-01 1.3819e-02 2.7423e-02 6.4319e-01 7.6768e-01 6.1664e-03 1.2314e-01 0.0000e+00 0.0000e+00 0.0000e+00 0.0 0.0 0.0 0.0 0.0 0.0 0.0 0.0 0.0 0.0 0.0 0.0 0.0 0.0 0.0 0.0 0.0 0.0
5.9618e-01 1.3819e-02 2.7423e-02 6.4319e-01 7.6768e-01 6.1664e-03 1.2314e-01 0.0000e+00 0.0000e+00 0.0000e+00 0.0 0.0 0.0 0.0 0.0 0.0 0.0 0.0 0.0 0.0 0.0 0.0 0.0 0.0 0.0 0.0 0.0 0.0
7.2180e-01 6.5747e-03 6.1162e-02 1.0109e+00 9.0183e-01 6.9045e-03 1.5710e-01 0.0000e+00 0.0000e+00 0.0000e+00 0.0 0.0 0.0 0.0 0.0 0.0 0.0 0.0 0.0 0.0 0.0 0.0 0.0 0.0 0.0 0.0 0.0 0.0
8.9441e-01 6.0687e-03 1.2450e-01 8.1085e-01 8.2924e-01 2.9086e-02 4.9227e-02 0.0000e+00 0.0000e+00 0.0000e+00 0.0 0.0 0.0 0.0 0.0 0.0 0.0 0.0 0.0 0.0 0.0 0.0 0.0 0.0 0.0 0.0 0.0 0.0
8.9441e-01 6.0687e-03 1.2450e-01 8.1085e-01 8.2924e-01 2.9086e-02 4.9227e-02 0.0000e+00 0.0000e+00 0.0000e+00 0.0 0.0 0.0 0.0 0.0 0.0 0.0 0.0 0.0 0.0 0.0 0.0 0.0 0.0 0.0 0.0 0.0 0.0
8.5041e-01 1.4985e-02 7.3382e-02 8.5958e-01 7.8099e-01 1.3276e-02 9.7922e-02 0.0000e+00 0.0000e+00 0.0000e+00 0.0 0.0 0.0 0.0 0.0 0.0 0.0 0.0 0.0 0.0 0.0 0.0 0.0 0.0 0.0 0.0 0.0 0.0
8.6331e-01 1.0622e-02 9.9029e-02 7.8972e-01 9.3636e-01 2.7906e-02 1.3596e-01 0.0000e+00 0.0000e+00 0.0000e+00 0.0 0.0 0.0 0.0 0.0 0.0 0.0 0.0 0.0 0.0 0.0 0.0 0.0 0.0 0.0 0.0 0.0 0.0
5.2706e-01 1.2259e-02 4.2623e-02 6.1202e-01 7.9493e-01 2.1735e-03 1.1829e-01 0.0000e+00 0.0000e+00 0.0000e+00 0.0 0.0 0.0 0.0 0.0 0.0 0.0 0.0 0.0 0.0 0.0 0.0 0.0 0.0 0.0 0.0 0.0 0.0
8.4964e-01 2.0391e-02 9.7766e-02 1.0335e+00 8.9245e-01 9.3468e-03 8.1065e-02 0.0000e+00 0.0000e+00 0.0000e+00 0.0 0.0 0.0 0.0 0.0 0.0 0.0 0.0 0.0 0.0 0.0 0.0 0.0 0.0 0.0 0.0 0.0 0.0
8.4169e-01 1.7352e-02 7.6949e-02 8.4768e-01 8.7762e-01 2.3548e-02 9.6222e-02 0.0000e+00 0.0000e+00 0.0000e+00 0.0 0.0 0.0 0.0 0.0 0.0 0.0 0.0 0.0 0.0 0.0 0.0 0.0 0.0 0.0 0.0 0.0 0.0
8.4169e-01 1.7352e-02 7.6949e-02 8.4768e-01 8.7762e-01 2.3548e-02 9.6222e-02 0.0000e+00 0.0000e+00 0.0000e+00 0.0 0.0 0.0 0.0 0.0 0.0 0.0 0.0 0.0 0.0 0.0 0.0 0.0 0.0 0.0 0.0 0.0 0.0
7.1073e-01 1.8524e-02 1.5538e-02 9.3858e-01 7.7096e-01 1.7362e-02 1.0404e-01 0.0000e+00 0.0000e+00 0.0000e+00 0.0 0.0 0.0 0.0 0.0 0.0 0.0 0.0 0.0 0.0 0.0 0.0 0.0 0.0 0.0 0.0 0.0 0.0
9.7338e-01 8.1778e-03 1.3982e-01 7.5376e-01 6.8765e-01 1.9082e-02 7.4191e-02 0.0000e+00 0.0000e+00 0.0000e+00 0.0 0.0 0.0 0.0 0.0 0.0 0.0 0.0 0.0 0.0 0.0 0.0 0.0 0.0 0.0 0.0 0.0 0.0
9.0998e-01 4.6376e-03 1.3042e-01 6.2131e-01 7.8791e-01 2.5819e-02 6.2494e-02 0.0000e+00 0.0000e+00 0.0000e+00 0.0 0.0 0.0 0.0 0.0 0.0 0.0 0.0 0.0 0.0 0.0 0.0 0.0 0.0 0.0 0.0 0.0 0.0
8.9278e-01 1.7997e-02 1.4510e-01 1.0157e+00 8.5424e-01 1.5518e-02 6.2545e-02 0.0000e+00 0.0000e+00 0.0000e+00 0.0 0.0 0.0 0.0 0.0 0.0 0.0 0.0 0.0 0.0 0.0 0.0 0.0 0.0 0.0 0.0 0.0 0.0
7.9926e-01 3.7736e-04 1.1075e-01 8.1174e-01 7.0935e-01 1.1084e-02 4.5203e-02 0.0000e+00 0.0000e+00 0.0000e+00 0.0 0.0 0.0 0.0 0.0 0.0 0.0 0.0 0.0 0.0 0.0 0.0 0.0 0.0 0.0 0.0 0.0 0.0
9.0614e-01 2.0331e-02 1.4825e-01 8.7441e-01 7.3649e-01 1.7926e-02 6.0387e-02 0.0000e+00 0.0000e+00 0.0000e+00 0.0 0.0 0.0 0.0 0.0 0.0 0.0 0.0 0.0 0.0 0.0 0.0 0.0 0.0 0.0 0.0 0.0 0.0
8.2576e-01 1.1651e-02 1.0781e-01 1.0123e+00 6.7666e-01 1.8010e-02 2.7342e-02 0.0000e+00 0.0000e+00 0.0000e+00 0.0 0.0 0.0 0.0 0.0 0.0 0.0 0.0 0.0 0.0 0.0 0.0 0.0 0.0 0.0 0.0 0.0 0.0
6.5106e-01 1.8291e-02 4.2837e-02 6.4898e-01 8.5834e-01 3.1592e-03 1.1807e-01 0.0000e+00 0.0000e+00 0.0000e+00 0.0 0.0 0.0 0.0 0.0 0.0 0.0 0.0 0.0 0.0 0.0 0.0 0.0 0.0 0.0 0.0 0.0 0.0
6.5106e-01 1.8291e-02 4.2837e-02 6.4898e-01 8.5834e-01 3.1592e-03 1.1807e-01 0.0000e+00 0.0000e+00 0.0000e+00 0.0 0.0 0.0 0.0 0.0 0.0 0.0 0.0 0.0 0.0 0.0 0.0 0.0 0.0 0.0 0.0 0.0 0.0
9.8606e-01 2.8567e-02 9.4363e-02 7.7651e-01 8.2015e-01 4.4636e-03 1.2209e-01 0.0000e+00 0.0000e+00 0.0000e+00 0.0 0.0 0.0 0.0 0.0 0.0 0.0 0.0 0.0 0.0 0.0 0.0 0.0 0.0 0.0 0.0 0.0 0.0
9.8606e-01 2.8567e-02 9.4363e-02 7.7651e-01 8.2015e-01 4.4636e-03 1.2209e-01 0.0000e+00 0.0000e+00 0.0000e+00 0.0 0.0 0.0 0.0 0.0 0.0 0.0 0.0 0.0 0.0 0.0 0.0 0.0 0.0 0.0 0.0 0.0 0.0
7.8275e-01 9.3461e-03 1.0222e-01 8.0775e-01 7.8905e-01 1.1208e-02 5.6477e-02 0.0000e+00 0.0000e+00 0.0000e+00 0.0 0.0 0.0 0.0 0.0 0.0 0.0 0.0 0.0 0.0 0.0 0.0 0.0 0.0 0.0 0.0 0.0 0.0
8.9786e-01 2.9858e-02 1.0543e-01 7.3118e-01 8.8775e-01 6.2955e-04 1.0506e-01 0.0000e+00 0.0000e+00 0.0000e+00 0.0 0.0 0.0 0.0 0.0 0.0 0.0 0.0 0.0 0.0 0.0 0.0 0.0 0.0 0.0 0.0 0.0 0.0
9.0847e-01 1.2609e-02 1.1787e-01 7.9299e-01 8.1450e-01 2.7938e-02 7.2399e-02 0.0000e+00 0.0000e+00 0.0000e+00 0.0 0.0 0.0 0.0 0.0 0.0 0.0 0.0 0.0 0.0 0.0 0.0 0.0 0.0 0.0 0.0 0.0 0.0
7.4494e-01 1.1218e-02 6.9339e-02 8.7979e-01 9.5599e-01 2.5584e-02 1.6493e-01 0.0000e+00 0.0000e+00 0.0000e+00 0.0 0.0 0.0 0.0 0.0 0.0 0.0 0.0 0.0 0.0 0.0 0.0 0.0 0.0 0.0 0.0 0.0 0.0
6.7297e-01 1.2443e-02 4.6946e-02 1.0567e+00 9.1379e-01 6.8517e-04 1.5843e-01 0.0000e+00 0.0000e+00 0.0000e+00 0.0 0.0 0.0 0.0 0.0 0.0 0.0 0.0 0.0 0.0 0.0 0.0 0.0 0.0 0.0 0.0 0.0 0.0
9.1547e-01 7.3814e-03 1.1789e-01 9.4646e-01 8.2468e-01 2.0007e-02 9.8625e-02 0.0000e+00 0.0000e+00 0.0000e+00 0.0 0.0 0.0 0.0 0.0 0.0 0.0 0.0 0.0 0.0 0.0 0.0 0.0 0.0 0.0 0.0 0.0 0.0
9.1942e-01 2.7310e-02 1.2560e-01 9.6952e-01 8.2842e-01 1.2210e-02 7.0044e-02 0.0000e+00 0.0000e+00 0.0000e+00 0.0 0.0 0.0 0.0 0.0 0.0 0.0 0.0 0.0 0.0 0.0 0.0 0.0 0.0 0.0 0.0 0.0 0.0
9.1942e-01 2.7310e-02 1.2560e-01 9.6952e-01 8.2842e-01 1.2210e-02 7.0044e-02 0.0000e+00 0.0000e+00 0.0000e+00 0.0 0.0 0.0 0.0 0.0 0.0 0.0 0.0 0.0 0.0 0.0 0.0 0.0 0.0 0.0 0.0 0.0 0.0
7.5821e-01 1.7304e-02 9.4749e-02 8.7679e-01 8.8055e-01 1.4289e-02 5.9268e-02 0.0000e+00 0.0000e+00 0.0000e+00 0.0 0.0 0.0 0.0 0.0 0.0 0.0 0.0 0.0 0.0 0.0 0.0 0.0 0.0 0.0 0.0 0.0 0.0
7.3365e-01 1.4001e-02 5.4366e-02 6.8763e-01 8.6315e-01 1.3404e-02 1.4388e-01 0.0000e+00 0.0000e+00 0.0000e+00 0.0 0.0 0.0 0.0 0.0 0.0 0.0 0.0 0.0 0.0 0.0 0.0 0.0 0.0 0.0 0.0 0.0 0.0
8.0386e-01 2.5242e-02 7.3806e-02 8.9997e-01 9.2507e-01 9.4769e-03 1.0968e-01 0.0000e+00 0.0000e+00 0.0000e+00 0.0 0.0 0.0 0.0 0.0 0.0 0.0 0.0 0.0 0.0 0.0 0.0 0.0 0.0 0.0 0.0 0.0 0.0
8.0386e-01 2.5242e-02 7.3806e-02 8.9997e-01 9.2507e-01 9.4769e-03 1.0968e-01 0.0000e+00 0.0000e+00 0.0000e+00 0.0 0.0 0.0 0.0 0.0 0.0 0.0 0.0 0.0 0.0 0.0 0.0 0.0 0.0 0.0 0.0 0.0 0.0
7.5407e-01 7.0433e-03 7.9695e-02 8.9244e-01 9.3743e-01 2.2437e-02 1.7879e-01 0.0000e+00 0.0000e+00 0.0000e+00 0.0 0.0 0.0 0.0 0.0 0.0 0.0 0.0 0.0 0.0 0.0 0.0 0.0 0.0 0.0 0.0 0.0 0.0
9.1905e-01 2.2734e-02 1.2355e-01 8.6569e-01 7.3685e-01 1.4633e-02 7.6963e-02 0.0000e+00 0.0000e+00 0.0000e+00 0.0 0.0 0.0 0.0 0.0 0.0 0.0 0.0 0.0 0.0 0.0 0.0 0.0 0.0 0.0 0.0 0.0 0.0
8.1689e-01 1.8741e-02 8.3153e-02 8.1107e-01 8.9419e-01 1.5029e-02 9.2482e-02 0.0000e+00 0.0000e+00 0.0000e+00 0.0 0.0 0.0 0.0 0.0 0.0 0.0 0.0 0.0 0.0 0.0 0.0 0.0 0.0 0.0 0.0 0.0 0.0
6.8610e-01 1.2676e-02 3.5127e-02 7.0188e-01 7.7186e-01 6.8321e-03 1.0627e-01 0.0000e+00 0.0000e+00 0.0000e+00 0.0 0.0 0.0 0.0 0.0 0.0 0.0 0.0 0.0 0.0 0.0 0.0 0.0 0.0 0.0 0.0 0.0 0.0
8.6340e-01 2.0400e-03 1.1352e-01 9.8926e-01 7.3507e-01 1.8764e-02 5.3097e-02 0.0000e+00 0.0000e+00 0.0000e+00 0.0 0.0 0.0 0.0 0.0 0.0 0.0 0.0 0.0 0.0 0.0 0.0 0.0 0.0 0.0 0.0 0.0 0.0
8.0738e-01 4.0513e-04 8.5475e-02 9.2067e-01 8.6573e-01 1.7319e-02 9.9637e-02 0.0000e+00 0.0000e+00 0.0000e+00 0.0 0.0 0.0 0.0 0.0 0.0 0.0 0.0 0.0 0.0 0.0 0.0 0.0 0.0 0.0 0.0 0.0 0.0
7.3382e-01 2.6763e-02 5.6532e-02 7.3929e-01 9.2014e-01 6.7125e-03 1.2622e-01 0.0000e+00 0.0000e+00 0.0000e+00 0.0 0.0 0.0 0.0 0.0 0.0 0.0 0.0 0.0 0.0 0.0 0.0 0.0 0.0 0.0 0.0 0.0 0.0
7.9505e-01 3.0023e-03 8.8995e-02 9.6920e-01 9.2177e-01 1.9279e-02 1.0675e-01 0.0000e+00 0.0000e+00 0.0000e+00 0.0 0.0 0.0 0.0 0.0 0.0 0.0 0.0 0.0 0.0 0.0 0.0 0.0 0.0 0.0 0.0 0.0 0.0
7.9505e-01 3.0023e-03 8.8995e-02 9.6920e-01 9.2177e-01 1.9279e-02 1.0675e-01 0.0000e+00 0.0000e+00 0.0000e+00 0.0 0.0 0.0 0.0 0.0 0.0 0.0 0.0 0.0 0.0 0.0 0.0 0.0 0.0 0.0 0.0 0.0 0.0
8.2526e-01 1.5225e-02 1.1234e-01 7.1885e-01 5.8882e-01 1.2123e-02 4.8570e-02 0.0000e+00 0.0000e+00 0.0000e+00 0.0 0.0 0.0 0.0 0.0 0.0 0.0 0.0 0.0 0.0 0.0 0.0 0.0 0.0 0.0 0.0 0.0 0.0
8.2526e-01 1.5225e-02 1.1234e-01 7.1885e-01 5.8882e-01 1.2123e-02 4.8570e-02 0.0000e+00 0.0000e+00 0.0000e+00 0.0 0.0 0.0 0.0 0.0 0.0 0.0 0.0 0.0 0.0 0.0 0.0 0.0 0.0 0.0 0.0 0.0 0.0
8.4782e-01 8.5835e-03 1.4614e-01 8.0179e-01 5.8086e-01 1.5393e-02 4.1722e-02 0.0000e+00 0.0000e+00 0.0000e+00 0.0 0.0 0.0 0.0 0.0 0.0 0.0 0.0 0.0 0.0 0.0 0.0 0.0 0.0 0.0 0.0 0.0 0.0
5.0903e-01 3.1881e-03 5.3182e-02 6.8967e-01 8.6487e-01 1.4531e-02 1.0883e-01 0.0000e+00 0.0000e+00 0.0000e+00 0.0 0.0 0.0 0.0 0.0 0.0 0.0 0.0 0.0 0.0 0.0 0.0 0.0 0.0 0.0 0.0 0.0 0.0
5.0903e-01 3.1881e-03 5.3182e-02 6.8967e-01 8.6487e-01 1.4531e-02 1.0883e-01 0.0000e+00 0.0000e+00 0.0000e+00 0.0 0.0 0.0 0.0 0.0 0.0 0.0 0.0 0.0 0.0 0.0 0.0 0.0 0.0 0.0 0.0 0.0 0.0
8.4860e-01 2.4075e-02 9.3924e-02 9.4781e-01 8.5588e-01 8.1916e-03 9.6298e-02 0.0000e+00 0.0000e+00 0.0000e+00 0.0 0.0 0.0 0.0 0.0 0.0 0.0 0.0 0.0 0.0 0.0 0.0 0.0 0.0 0.0 0.0 0.0 0.0
8.4860e-01 2.4075e-02 9.3924e-02 9.4781e-01 8.5588e-01 8.1916e-03 9.6298e-02 0.0000e+00 0.0000e+00 0.0000e+00 0.0 0.0 0.0 0.0 0.0 0.0 0.0 0.0 0.0 0.0 0.0 0.0 0.0 0.0 0.0 0.0 0.0 0.0
7.9710e-01 1.7386e-02 1.0017e-01 8.6277e-01 7.6331e-01 1.1949e-03 3.8204e-02 0.0000e+00 0.0000e+00 0.0000e+00 0.0 0.0 0.0 0.0 0.0 0.0 0.0 0.0 0.0 0.0 0.0 0.0 0.0 0.0 0.0 0.0 0.0 0.0
7.9710e-01 1.7386e-02 1.0017e-01 8.6277e-01 7.6331e-01 1.1949e-03 3.8204e-02 0.0000e+00 0.0000e+00 0.0000e+00 0.0 0.0 0.0 0.0 0.0 0.0 0.0 0.0 0.0 0.0 0.0 0.0 0.0 0.0 0.0 0.0 0.0 0.0
7.7504e-01 1.5584e-03 1.1763e-01 9.6575e-01 6.3673e-01 1.7276e-03 5.1786e-02 0.0000e+00 0.0000e+00 0.0000e+00 0.0 0.0 0.0 0.0 0.0 0.0 0.0 0.0 0.0 0.0 0.0 0.0 0.0 0.0 0.0 0.0 0.0 0.0
8.8300e-01 2.5986e-02 8.3320e-02 8.0030e-01 8.3626e-01 5.0821e-03 9.7505e-02 0.0000e+00 0.0000e+00 0.0000e+00 0.0 0.0 0.0 0.0 0.0 0.0 0.0 0.0 0.0 0.0 0.0 0.0 0.0 0.0 0.0 0.0 0.0 0.0
8.8300e-01 2.5986e-02 8.3320e-02 8.0030e-01 8.3626e-01 5.0821e-03 9.7505e-02 0.0000e+00 0.0000e+00 0.0000e+00 0.0 0.0 0.0 0.0 0.0 0.0 0.0 0.0 0.0 0.0 0.0 0.0 0.0 0.0 0.0 0.0 0.0 0.0
7.8146e-01 2.2426e-02 7.7584e-02 8.3920e-01 9.1049e-01 9.5743e-03 1.5349e-01 0.0000e+00 0.0000e+00 0.0000e+00 0.0 0.0 0.0 0.0 0.0 0.0 0.0 0.0 0.0 0.0 0.0 0.0 0.0 0.0 0.0 0.0 0.0 0.0
7.8146e-01 2.2426e-02 7.7584e-02 8.3920e-01 9.1049e-01 9.5743e-03 1.5349e-01 0.0000e+00 0.0000e+00 0.0000e+00 0.0 0.0 0.0 0.0 0.0 0.0 0.0 0.0 0.0 0.0 0.0 0.0 0.0 0.0 0.0 0.0 0.0 0.0
7.3584e-01 3.1249e-03 6.5496e-02 1.0808e+00 8.8428e-01 1.6087e-02 1.4084e-01 0.0000e+00 0.0000e+00 0.0000e+00 0.0 0.0 0.0 0.0 0.0 0.0 0.0 0.0 0.0 0.0 0.0 0.0 0.0 0.0 0.0 0.0 0.0 0.0
9.0524e-01 1.7644e-02 1.2895e-01 6.6303e-01 6.2105e-01 1.5217e-02 6.0204e-02 0.0000e+00 0.0000e+00 0.0000e+00 0.0 0.0 0.0 0.0 0.0 0.0 0.0 0.0 0.0 0.0 0.0 0.0 0.0 0.0 0.0 0.0 0.0 0.0
6.1017e-01 8.5041e-03 3.5821e-02 7.9252e-01 7.7776e-01 2.6311e-03 1.3261e-01 0.0000e+00 0.0000e+00 0.0000e+00 0.0 0.0 0.0 0.0 0.0 0.0 0.0 0.0 0.0 0.0 0.0 0.0 0.0 0.0 0.0 0.0 0.0 0.0
7.8917e-01 2.5360e-02 1.0694e-01 9.2032e-01 9.0712e-01 8.7771e-03 4.8764e-02 0.0000e+00 0.0000e+00 0.0000e+00 0.0 0.0 0.0 0.0 0.0 0.0 0.0 0.0 0.0 0.0 0.0 0.0 0.0 0.0 0.0 0.0 0.0 0.0
7.8917e-01 2.5360e-02 1.0694e-01 9.2032e-01 9.0712e-01 8.7771e-03 4.8764e-02 0.0000e+00 0.0000e+00 0.0000e+00 0.0 0.0 0.0 0.0 0.0 0.0 0.0 0.0 0.0 0.0 0.0 0.0 0.0 0.0 0.0 0.0 0.0 0.0
7.8699e-01 2.3054e-02 7.7752e-02 9.4588e-01 9.2507e-01 1.0124e-02 1.0758e-01 0.0000e+00 0.0000e+00 0.0000e+00 0.0 0.0 0.0 0.0 0.0 0.0 0.0 0.0 0.0 0.0 0.0 0.0 0.0 0.0 0.0 0.0 0.0 0.0
9.6143e-01 1.4088e-02 1.3791e-01 1.0705e+00 7.8386e-01 1.6685e-02 8.9182e-02 0.0000e+00 0.0000e+00 0.0000e+00 0.0 0.0 0.0 0.0 0.0 0.0 0.0 0.0 0.0 0.0 0.0 0.0 0.0 0.0 0.0 0.0 0.0 0.0
9.5201e-01 2.3971e-02 1.3418e-01 7.1741e-01 7.1977e-01 1.5564e-02 7.3824e-02 0.0000e+00 0.0000e+00 0.0000e+00 0.0 0.0 0.0 0.0 0.0 0.0 0.0 0.0 0.0 0.0 0.0 0.0 0.0 0.0 0.0 0.0 0.0 0.0
8.0530e-01 1.3688e-02 9.9848e-02 7.1960e-01 6.1839e-01 3.5661e-03 5.4200e-02 0.0000e+00 0.0000e+00 0.0000e+00 0.0 0.0 0.0 0.0 0.0 0.0 0.0 0.0 0.0 0.0 0.0 0.0 0.0 0.0 0.0 0.0 0.0 0.0
7.1489e-01 6.4880e-03 6.2719e-02 1.0998e+00 9.1474e-01 1.1236e-02 1.3381e-01 0.0000e+00 0.0000e+00 0.0000e+00 0.0 0.0 0.0 0.0 0.0 0.0 0.0 0.0 0.0 0.0 0.0 0.0 0.0 0.0 0.0 0.0 0.0 0.0
7.1489e-01 6.4880e-03 6.2719e-02 1.0998e+00 9.1474e-01 1.1236e-02 1.3381e-01 0.0000e+00 0.0000e+00 0.0000e+00 0.0 0.0 0.0 0.0 0.0 0.0 0.0 0.0 0.0 0.0 0.0 0.0 0.0 0.0 0.0 0.0 0.0 0.0
8.2362e-01 2.9946e-03 5.2527e-02 9.4490e-01 8.5344e-01 2.8739e-02 1.0689e-01 0.0000e+00 0.0000e+00 0.0000e+00 0.0 0.0 0.0 0.0 0.0 0.0 0.0 0.0 0.0 0.0 0.0 0.0 0.0 0.0 0.0 0.0 0.0 0.0
8.5987e-01 2.6093e-02 8.0434e-02 9.7145e-01 9.1376e-01 6.6707e-03 1.1498e-01 0.0000e+00 0.0000e+00 0.0000e+00 0.0 0.0 0.0 0.0 0.0 0.0 0.0 0.0 0.0 0.0 0.0 0.0 0.0 0.0 0.0 0.0 0.0 0.0
8.4300e-01 2.0703e-02 1.2300e-01 9.3196e-01 9.1071e-01 9.1752e-03 7.2774e-02 0.0000e+00 0.0000e+00 0.0000e+00 0.0 0.0 0.0 0.0 0.0 0.0 0.0 0.0 0.0 0.0 0.0 0.0 0.0 0.0 0.0 0.0 0.0 0.0
8.0510e-01 2.0254e-02 9.9475e-02 8.8385e-01 8.8777e-01 5.0768e-03 4.4736e-02 0.0000e+00 0.0000e+00 0.0000e+00 0.0 0.0 0.0 0.0 0.0 0.0 0.0 0.0 0.0 0.0 0.0 0.0 0.0 0.0 0.0 0.0 0.0 0.0
5.5879e-01 6.5922e-03 4.6825e-02 7.8727e-01 8.2002e-01 1.1682e-02 1.0154e-01 0.0000e+00 0.0000e+00 0.0000e+00 0.0 0.0 0.0 0.0 0.0 0.0 0.0 0.0 0.0 0.0 0.0 0.0 0.0 0.0 0.0 0.0 0.0 0.0
5.5879e-01 6.5922e-03 4.6825e-02 7.8727e-01 8.2002e-01 1.1682e-02 1.0154e-01 0.0000e+00 0.0000e+00 0.0000e+00 0.0 0.0 0.0 0.0 0.0 0.0 0.0 0.0 0.0 0.0 0.0 0.0 0.0 0.0 0.0 0.0 0.0 0.0
8.0159e-01 1.4350e-02 5.6976e-02 1.0423e+00 9.1144e-01 2.0279e-02 1.4480e-01 0.0000e+00 0.0000e+00 0.0000e+00 0.0 0.0 0.0 0.0 0.0 0.0 0.0 0.0 0.0 0.0 0.0 0.0 0.0 0.0 0.0 0.0 0.0 0.0
9.0699e-01 2.3383e-02 1.3076e-01 9.8280e-01 6.9349e-01 3.3181e-03 7.1758e-02 0.0000e+00 0.0000e+00 0.0000e+00 0.0 0.0 0.0 0.0 0.0 0.0 0.0 0.0 0.0 0.0 0.0 0.0 0.0 0.0 0.0 0.0 0.0 0.0
7.3121e-01 2.0357e-02 6.2685e-02 9.6617e-01 9.4254e-01 2.0952e-03 1.3259e-01 0.0000e+00 0.0000e+00 0.0000e+00 0.0 0.0 0.0 0.0 0.0 0.0 0.0 0.0 0.0 0.0 0.0 0.0 0.0 0.0 0.0 0.0 0.0 0.0
5.0406e-01 8.1892e-03 2.9323e-02 8.8494e-01 8.1327e-01 9.7914e-03 1.3448e-01 0.0000e+00 0.0000e+00 0.0000e+00 0.0 0.0 0.0 0.0 0.0 0.0 0.0 0.0 0.0 0.0 0.0 0.0 0.0 0.0 0.0 0.0 0.0 0.0
5.0406e-01 8.1892e-03 2.9323e-02 8.8494e-01 8.1327e-01 9.7914e-03 1.3448e-01 0.0000e+00 0.0000e+00 0.0000e+00 0.0 0.0 0.0 0.0 0.0 0.0 0.0 0.0 0.0 0.0 0.0 0.0 0.0 0.0 0.0 0.0 0.0 0.0
8.9178e-01 4.6723e-03 7.2301e-02 9.9594e-01 8.6599e-01 2.8622e-02 1.0817e-01 0.0000e+00 0.0000e+00 0.0000e+00 0.0 0.0 0.0 0.0 0.0 0.0 0.0 0.0 0.0 0.0 0.0 0.0 0.0 0.0 0.0 0.0 0.0 0.0
7.5607e-01 6.5767e-03 1.1007e-01 8.5614e-01 9.4588e-01 2.5165e-02 5.6437e-02 0.0000e+00 0.0000e+00 0.0000e+00 0.0 0.0 0.0 0.0 0.0 0.0 0.0 0.0 0.0 0.0 0.0 0.0 0.0 0.0 0.0 0.0 0.0 0.0
6.7639e-01 6.3313e-03 5.3060e-02 9.8648e-01 8.7908e-01 7.6932e-03 1.5490e-01 0.0000e+00 0.0000e+00 0.0000e+00 0.0 0.0 0.0 0.0 0.0 0.0 0.0 0.0 0.0 0.0 0.0 0.0 0.0 0.0 0.0 0.0 0.0 0.0
9.3780e-01 3.0614e-03 1.3399e-01 7.5786e-01 7.2586e-01 2.4129e-02 5.8340e-02 0.0000e+00 0.0000e+00 0.0000e+00 0.0 0.0 0.0 0.0 0.0 0.0 0.0 0.0 0.0 0.0 0.0 0.0 0.0 0.0 0.0 0.0 0.0 0.0
9.4776e-01 1.9843e-02 1.4134e-01 6.6207e-01 6.8222e-01 1.5796e-02 6.3860e-02 0.0000e+00 0.0000e+00 0.0000e+00 0.0 0.0 0.0 0.0 0.0 0.0 0.0 0.0 0.0 0.0 0.0 0.0 0.0 0.0 0.0 0.0 0.0 0.0
7.1127e-01 1.3992e-02 4.7233e-02 9.0904e-01 8.9960e-01 1.8617e-02 1.1254e-01 0.0000e+00 0.0000e+00 0.0000e+00 0.0 0.0 0.0 0.0 0.0 0.0 0.0 0.0 0.0 0.0 0.0 0.0 0.0 0.0 0.0 0.0 0.0 0.0
9.5239e-01 1.9682e-02 1.5172e-01 8.0374e-01 7.6365e-01 7.5543e-03 7.7362e-02 0.0000e+00 0.0000e+00 0.0000e+00 0.0 0.0 0.0 0.0 0.0 0.0 0.0 0.0 0.0 0.0 0.0 0.0 0.0 0.0 0.0 0.0 0.0 0.0
9.3191e-01 2.3784e-02 9.1684e-02 8.3295e-01 7.9026e-01 6.3768e-03 1.1503e-01 0.0000e+00 0.0000e+00 0.0000e+00 0.0 0.0 0.0 0.0 0.0 0.0 0.0 0.0 0.0 0.0 0.0 0.0 0.0 0.0 0.0 0.0 0.0 0.0
9.3191e-01 2.3784e-02 9.1684e-02 8.3295e-01 7.9026e-01 6.3768e-03 1.1503e-01 0.0000e+00 0.0000e+00 0.0000e+00 0.0 0.0 0.0 0.0 0.0 0.0 0.0 0.0 0.0 0.0 0.0 0.0 0.0 0.0 0.0 0.0 0.0 0.0
8.0280e-01 1.6090e-02 1.0378e-01 8.5113e-01 9.4748e-01 1.6410e-02 1.1994e-01 0.0000e+00 0.0000e+00 0.0000e+00 0.0 0.0 0.0 0.0 0.0 0.0 0.0 0.0 0.0 0.0 0.0 0.0 0.0 0.0 0.0 0.0 0.0 0.0
8.0280e-01 1.6090e-02 1.0378e-01 8.5113e-01 9.4748e-01 1.6410e-02 1.1994e-01 0.0000e+00 0.0000e+00 0.0000e+00 0.0 0.0 0.0 0.0 0.0 0.0 0.0 0.0 0.0 0.0 0.0 0.0 0.0 0.0 0.0 0.0 0.0 0.0
8.2902e-01 2.4304e-02 4.1355e-02 9.5452e-01 8.6767e-01 1.4946e-02 1.1701e-01 0.0000e+00 0.0000e+00 0.0000e+00 0.0 0.0 0.0 0.0 0.0 0.0 0.0 0.0 0.0 0.0 0.0 0.0 0.0 0.0 0.0 0.0 0.0 0.0
7.5079e-01 2.6219e-03 9.8983e-02 7.7362e-01 9.4537e-01 1.8775e-02 1.3720e-01 0.0000e+00 0.0000e+00 0.0000e+00 0.0 0.0 0.0 0.0 0.0 0.0 0.0 0.0 0.0 0.0 0.0 0.0 0.0 0.0 0.0 0.0 0.0 0.0
8.1428e-01 7.7119e-03 6.3262e-02 7.4220e-01 8.5725e-01 2.3817e-02 1.3178e-01 0.0000e+00 0.0000e+00 0.0000e+00 0.0 0.0 0.0 0.0 0.0 0.0 0.0 0.0 0.0 0.0 0.0 0.0 0.0 0.0 0.0 0.0 0.0 0.0
8.8353e-01 8.4930e-03 1.5756e-01 8.2382e-01 5.9230e-01 1.0024e-02 5.7468e-02 0.0000e+00 0.0000e+00 0.0000e+00 0.0 0.0 0.0 0.0 0.0 0.0 0.0 0.0 0.0 0.0 0.0 0.0 0.0 0.0 0.0 0.0 0.0 0.0
6.2847e-01 1.5316e-02 2.4802e-02 1.0463e+00 8.3235e-01 1.2316e-02 1.2299e-01 0.0000e+00 0.0000e+00 0.0000e+00 0.0 0.0 0.0 0.0 0.0 0.0 0.0 0.0 0.0 0.0 0.0 0.0 0.0 0.0 0.0 0.0 0.0 0.0
6.2847e-01 1.5316e-02 2.4802e-02 1.0463e+00 8.3235e-01 1.2316e-02 1.2299e-01 0.0000e+00 0.0000e+00 0.0000e+00 0.0 0.0 0.0 0.0 0.0 0.0 0.0 0.0 0.0 0.0 0.0 0.0 0.0 0.0 0.0 0.0 0.0 0.0
9.5252e-01 2.1905e-03 1.3136e-01 9.5426e-01 7.5745e-01 1.8737e-02 8.0491e-02 0.0000e+00 0.0000e+00 0.0000e+00 0.0 0.0 0.0 0.0 0.0 0.0 0.0 0.0 0.0 0.0 0.0 0.0 0.0 0.0 0.0 0.0 0.0 0.0
8.6742e-01 2.0957e-03 1.4489e-01 6.3962e-01 7.3642e-01 2.2392e-02 4.0661e-02 0.0000e+00 0.0000e+00 0.0000e+00 0.0 0.0 0.0 0.0 0.0 0.0 0.0 0.0 0.0 0.0 0.0 0.0 0.0 0.0 0.0 0.0 0.0 0.0
8.2212e-01 1.4354e-02 1.2097e-01 8.8780e-01 7.5841e-01 1.5777e-02 5.5996e-02 0.0000e+00 0.0000e+00 0.0000e+00 0.0 0.0 0.0 0.0 0.0 0.0 0.0 0.0 0.0 0.0 0.0 0.0 0.0 0.0 0.0 0.0 0.0 0.0
8.2212e-01 1.4354e-02 1.2097e-01 8.8780e-01 7.5841e-01 1.5777e-02 5.5996e-02 0.0000e+00 0.0000e+00 0.0000e+00 0.0 0.0 0.0 0.0 0.0 0.0 0.0 0.0 0.0 0.0 0.0 0.0 0.0 0.0 0.0 0.0 0.0 0.0
8.3565e-01 5.6038e-03 1.0887e-01 9.2984e-01 7.7939e-01 2.0782e-02 4.1173e-02 0.0000e+00 0.0000e+00 0.0000e+00 0.0 0.0 0.0 0.0 0.0 0.0 0.0 0.0 0.0 0.0 0.0 0.0 0.0 0.0 0.0 0.0 0.0 0.0
6.6271e-01 2.0210e-02 2.8810e-02 6.0464e-01 7.8648e-01 2.6077e-03 1.2194e-01 0.0000e+00 0.0000e+00 0.0000e+00 0.0 0.0 0.0 0.0 0.0 0.0 0.0 0.0 0.0 0.0 0.0 0.0 0.0 0.0 0.0 0.0 0.0 0.0
8.0383e-01 1.6479e-02 9.5403e-02 8.1317e-01 8.6749e-01 1.8993e-02 6.7716e-02 0.0000e+00 0.0000e+00 0.0000e+00 0.0 0.0 0.0 0.0 0.0 0.0 0.0 0.0 0.0 0.0 0.0 0.0 0.0 0.0 0.0 0.0 0.0 0.0
8.4791e-01 1.1389e-02 1.2517e-01 7.5964e-01 6.0476e-01 1.3332e-02 2.9882e-02 0.0000e+00 0.0000e+00 0.0000e+00 0.0 0.0 0.0 0.0 0.0 0.0 0.0 0.0 0.0 0.0 0.0 0.0 0.0 0.0 0.0 0.0 0.0 0.0
8.3909e-01 1.2854e-02 1.2292e-01 5.6101e-01 6.0328e-01 6.8333e-03 5.1613e-02 0.0000e+00 0.0000e+00 0.0000e+00 0.0 0.0 0.0 0.0 0.0 0.0 0.0 0.0 0.0 0.0 0.0 0.0 0.0 0.0 0.0 0.0 0.0 0.0
6.3158e-01 8.9563e-03 5.2179e-02 1.0033e+00 9.1424e-01 5.0175e-03 1.7071e-01 0.0000e+00 0.0000e+00 0.0000e+00 0.0 0.0 0.0 0.0 0.0 0.0 0.0 0.0 0.0 0.0 0.0 0.0 0.0 0.0 0.0 0.0 0.0 0.0
6.6661e-01 6.4041e-03 7.1612e-02 8.0195e-01 8.8943e-01 1.0648e-02 1.4568e-01 0.0000e+00 0.0000e+00 0.0000e+00 0.0 0.0 0.0 0.0 0.0 0.0 0.0 0.0 0.0 0.0 0.0 0.0 0.0 0.0 0.0 0.0 0.0 0.0
8.5007e-01 2.5841e-02 8.3448e-02 6.9246e-01 8.9367e-01 1.2162e-02 1.1663e-01 0.0000e+00 0.0000e+00 0.0000e+00 0.0 0.0 0.0 0.0 0.0 0.0 0.0 0.0 0.0 0.0 0.0 0.0 0.0 0.0 0.0 0.0 0.0 0.0
8.0707e-01 1.1482e-02 1.1585e-01 1.0634e+00 7.2940e-01 7.1090e-03 3.6100e-02 0.0000e+00 0.0000e+00 0.0000e+00 0.0 0.0 0.0 0.0 0.0 0.0 0.0 0.0 0.0 0.0 0.0 0.0 0.0 0.0 0.0 0.0 0.0 0.0
8.6341e-01 2.1676e-02 9.3926e-02 9.4864e-01 9.2332e-01 1.8348e-02 1.3022e-01 0.0000e+00 0.0000e+00 0.0000e+00 0.0 0.0 0.0 0.0 0.0 0.0 0.0 0.0 0.0 0.0 0.0 0.0 0.0 0.0 0.0 0.0 0.0 0.0
7.0665e-01 1.2120e-02 4.3005e-02 9.8238e-01 8.3126e-01 1.4049e-02 1.3157e-01 0.0000e+00 0.0000e+00 0.0000e+00 0.0 0.0 0.0 0.0 0.0 0.0 0.0 0.0 0.0 0.0 0.0 0.0 0.0 0.0 0.0 0.0 0.0 0.0
8.1146e-01 5.5884e-03 1.0963e-01 8.7070e-01 7.3290e-01 1.9901e-02 4.9265e-02 0.0000e+00 0.0000e+00 0.0000e+00 0.0 0.0 0.0 0.0 0.0 0.0 0.0 0.0 0.0 0.0 0.0 0.0 0.0 0.0 0.0 0.0 0.0 0.0
8.6775e-01 4.4959e-03 1.3441e-01 9.2897e-01 7.6039e-01 2.1258e-02 6.5459e-02 0.0000e+00 0.0000e+00 0.0000e+00 0.0 0.0 0.0 0.0 0.0 0.0 0.0 0.0 0.0 0.0 0.0 0.0 0.0 0.0 0.0 0.0 0.0 0.0
8.6775e-01 4.4959e-03 1.3441e-01 9.2897e-01 7.6039e-01 2.1258e-02 6.5459e-02 0.0000e+00 0.0000e+00 0.0000e+00 0.0 0.0 0.0 0.0 0.0 0.0 0.0 0.0 0.0 0.0 0.0 0.0 0.0 0.0 0.0 0.0 0.0 0.0
9.1749e-01 1.0870e-02 1.5310e-01 8.7360e-01 6.1583e-01 1.9567e-04 7.9086e-02 0.0000e+00 0.0000e+00 0.0000e+00 0.0 0.0 0.0 0.0 0.0 0.0 0.0 0.0 0.0 0.0 0.0 0.0 0.0 0.0 0.0 0.0 0.0 0.0
8.8347e-01 1.5235e-02 8.4476e-02 7.4038e-01 8.3376e-01 2.3942e-02 9.5782e-02 0.0000e+00 0.0000e+00 0.0000e+00 0.0 0.0 0.0 0.0 0.0 0.0 0.0 0.0 0.0 0.0 0.0 0.0 0.0 0.0 0.0 0.0 0.0 0.0
8.8347e-01 1.5235e-02 8.4476e-02 7.4038e-01 8.3376e-01 2.3942e-02 9.5782e-02 0.0000e+00 0.0000e+00 0.0000e+00 0.0 0.0 0.0 0.0 0.0 0.0 0.0 0.0 0.0 0.0 0.0 0.0 0.0 0.0 0.0 0.0 0.0 0.0
7.2624e-01 1.9458e-02 6.2722e-02 9.2624e-01 9.6100e-01 6.7566e-03 1.5537e-01 0.0000e+00 0.0000e+00 0.0000e+00 0.0 0.0 0.0 0.0 0.0 0.0 0.0 0.0 0.0 0.0 0.0 0.0 0.0 0.0 0.0 0.0 0.0 0.0
7.2624e-01 1.9458e-02 6.2722e-02 9.2624e-01 9.6100e-01 6.7566e-03 1.5537e-01 0.0000e+00 0.0000e+00 0.0000e+00 0.0 0.0 0.0 0.0 0.0 0.0 0.0 0.0 0.0 0.0 0.0 0.0 0.0 0.0 0.0 0.0 0.0 0.0
7.9838e-01 1.0970e-02 8.3519e-02 9.2489e-01 9.3492e-01 1.8315e-02 1.1256e-01 0.0000e+00 0.0000e+00 0.0000e+00 0.0 0.0 0.0 0.0 0.0 0.0 0.0 0.0 0.0 0.0 0.0 0.0 0.0 0.0 0.0 0.0 0.0 0.0
9.0513e-01 2.1600e-02 1.2445e-01 1.0396e+00 8.6393e-01 1.3749e-02 6.7951e-02 0.0000e+00 0.0000e+00 0.0000e+00 0.0 0.0 0.0 0.0 0.0 0.0 0.0 0.0 0.0 0.0 0.0 0.0 0.0 0.0 0.0 0.0 0.0 0.0
8.6193e-01 8.2984e-03 1.4288e-01 8.9605e-01 6.6859e-01 2.4312e-03 5.0377e-02 0.0000e+00 0.0000e+00 0.0000e+00 0.0 0.0 0.0 0.0 0.0 0.0 0.0 0.0 0.0 0.0 0.0 0.0 0.0 0.0 0.0 0.0 0.0 0.0
8.4481e-01 2.0134e-02 1.1214e-01 9.2681e-01 6.7411e-01 6.0121e-03 5.8780e-02 0.0000e+00 0.0000e+00 0.0000e+00 0.0 0.0 0.0 0.0 0.0 0.0 0.0 0.0 0.0 0.0 0.0 0.0 0.0 0.0 0.0 0.0 0.0 0.0
8.2145e-01 1.2957e-02 1.0855e-01 9.8705e-01 8.1423e-01 6.0411e-03 6.0213e-02 0.0000e+00 0.0000e+00 0.0000e+00 0.0 0.0 0.0 0.0 0.0 0.0 0.0 0.0 0.0 0.0 0.0 0.0 0.0 0.0 0.0 0.0 0.0 0.0
7.1456e-01 1.8545e-02 4.5685e-02 9.3480e-01 9.1604e-01 2.3066e-03 1.4072e-01 0.0000e+00 0.0000e+00 0.0000e+00 0.0 0.0 0.0 0.0 0.0 0.0 0.0 0.0 0.0 0.0 0.0 0.0 0.0 0.0 0.0 0.0 0.0 0.0
8.8884e-01 2.0345e-02 1.2193e-01 1.0686e+00 8.0435e-01 1.1436e-02 7.1799e-02 0.0000e+00 0.0000e+00 0.0000e+00 0.0 0.0 0.0 0.0 0.0 0.0 0.0 0.0 0.0 0.0 0.0 0.0 0.0 0.0 0.0 0.0 0.0 0.0
9.3238e-01 1.1253e-02 1.0365e-01 7.5517e-01 7.9045e-01 2.1320e-02 9.0114e-02 0.0000e+00 0.0000e+00 0.0000e+00 0.0 0.0 0.0 0.0 0.0 0.0 0.0 0.0 0.0 0.0 0.0 0.0 0.0 0.0 0.0 0.0 0.0 0.0
7.7981e-01 2.4250e-02 6.2291e-02 1.0332e+00 9.5204e-01 2.5429e-03 1.7276e-01 0.0000e+00 0.0000e+00 0.0000e+00 0.0 0.0 0.0 0.0 0.0 0.0 0.0 0.0 0.0 0.0 0.0 0.0 0.0 0.0 0.0 0.0 0.0 0.0
5.8210e-01 4.2505e-03 4.6733e-02 7.5449e-01 8.6704e-01 1.2682e-02 1.4452e-01 0.0000e+00 0.0000e+00 0.0000e+00 0.0 0.0 0.0 0.0 0.0 0.0 0.0 0.0 0.0 0.0 0.0 0.0 0.0 0.0 0.0 0.0 0.0 0.0
8.0949e-01 3.9076e-03 1.3281e-01 8.9413e-01 8.8659e-01 2.2297e-02 5.4510e-02 0.0000e+00 0.0000e+00 0.0000e+00 0.0 0.0 0.0 0.0 0.0 0.0 0.0 0.0 0.0 0.0 0.0 0.0 0.0 0.0 0.0 0.0 0.0 0.0
8.2579e-01 5.1991e-03 1.1674e-01 8.3496e-01 6.4762e-01 1.1840e-02 5.6989e-02 0.0000e+00 0.0000e+00 0.0000e+00 0.0 0.0 0.0 0.0 0.0 0.0 0.0 0.0 0.0 0.0 0.0 0.0 0.0 0.0 0.0 0.0 0.0 0.0
5.7236e-01 1.0194e-02 2.3293e-02 8.9811e-01 7.9705e-01 8.1201e-04 1.2840e-01 0.0000e+00 0.0000e+00 0.0000e+00 0.0 0.0 0.0 0.0 0.0 0.0 0.0 0.0 0.0 0.0 0.0 0.0 0.0 0.0 0.0 0.0 0.0 0.0
7.4825e-01 2.0276e-02 1.0126e-01 7.4683e-01 8.5256e-01 5.1714e-03 3.5830e-02 0.0000e+00 0.0000e+00 0.0000e+00 0.0 0.0 0.0 0.0 0.0 0.0 0.0 0.0 0.0 0.0 0.0 0.0 0.0 0.0 0.0 0.0 0.0 0.0
7.4825e-01 2.0276e-02 1.0126e-01 7.4683e-01 8.5256e-01 5.1714e-03 3.5830e-02 0.0000e+00 0.0000e+00 0.0000e+00 0.0 0.0 0.0 0.0 0.0 0.0 0.0 0.0 0.0 0.0 0.0 0.0 0.0 0.0 0.0 0.0 0.0 0.0
7.0071e-01 1.3927e-02 6.7804e-02 7.7484e-01 8.8718e-01 1.7428e-02 1.0516e-01 0.0000e+00 0.0000e+00 0.0000e+00 0.0 0.0 0.0 0.0 0.0 0.0 0.0 0.0 0.0 0.0 0.0 0.0 0.0 0.0 0.0 0.0 0.0 0.0
8.8911e-01 2.6160e-02 1.1009e-01 8.8225e-01 8.5940e-01 1.3789e-02 8.9123e-02 0.0000e+00 0.0000e+00 0.0000e+00 0.0 0.0 0.0 0.0 0.0 0.0 0.0 0.0 0.0 0.0 0.0 0.0 0.0 0.0 0.0 0.0 0.0 0.0
7.7671e-01 4.4334e-03 1.1525e-01 8.8036e-01 9.7402e-01 2.2961e-02 1.1672e-01 0.0000e+00 0.0000e+00 0.0000e+00 0.0 0.0 0.0 0.0 0.0 0.0 0.0 0.0 0.0 0.0 0.0 0.0 0.0 0.0 0.0 0.0 0.0 0.0
5.3916e-01 1.3087e-02 3.7292e-02 7.7562e-01 7.8733e-01 9.2822e-03 1.1240e-01 0.0000e+00 0.0000e+00 0.0000e+00 0.0 0.0 0.0 0.0 0.0 0.0 0.0 0.0 0.0 0.0 0.0 0.0 0.0 0.0 0.0 0.0 0.0 0.0
8.4775e-01 2.4766e-02 1.1280e-01 7.6341e-01 7.6348e-01 1.4417e-02 4.2418e-02 0.0000e+00 0.0000e+00 0.0000e+00 0.0 0.0 0.0 0.0 0.0 0.0 0.0 0.0 0.0 0.0 0.0 0.0 0.0 0.0 0.0 0.0 0.0 0.0
8.8868e-01 2.0042e-02 1.3276e-01 5.8334e-01 6.0081e-01 1.4823e-03 6.0093e-02 0.0000e+00 0.0000e+00 0.0000e+00 0.0 0.0 0.0 0.0 0.0 0.0 0.0 0.0 0.0 0.0 0.0 0.0 0.0 0.0 0.0 0.0 0.0 0.0
8.8868e-01 2.0042e-02 1.3276e-01 5.8334e-01 6.0081e-01 1.4823e-03 6.0093e-02 0.0000e+00 0.0000e+00 0.0000e+00 0.0 0.0 0.0 0.0 0.0 0.0 0.0 0.0 0.0 0.0 0.0 0.0 0.0 0.0 0.0 0.0 0.0 0.0
8.2726e-01 1.8759e-02 1.2177e-01 8.6101e-01 7.7322e-01 1.4884e-03 4.3355e-02 0.0000e+00 0.0000e+00 0.0000e+00 0.0 0.0 0.0 0.0 0.0 0.0 0.0 0.0 0.0 0.0 0.0 0.0 0.0 0.0 0.0 0.0 0.0 0.0
8.2726e-01 1.8759e-02 1.2177e-01 8.6101e-01 7.7322e-01 1.4884e-03 4.3355e-02 0.0000e+00 0.0000e+00 0.0000e+00 0.0 0.0 0.0 0.0 0.0 0.0 0.0 0.0 0.0 0.0 0.0 0.0 0.0 0.0 0.0 0.0 0.0 0.0
9.5450e-01 1.7013e-02 1.7963e-01 9.0604e-01 6.2599e-01 2.1000e-03 6.8905e-02 0.0000e+00 0.0000e+00 0.0000e+00 0.0 0.0 0.0 0.0 0.0 0.0 0.0 0.0 0.0 0.0 0.0 0.0 0.0 0.0 0.0 0.0 0.0 0.0
8.6489e-01 2.5206e-02 1.1856e-01 9.0371e-01 8.8747e-01 1.6082e-02 6.1293e-02 0.0000e+00 0.0000e+00 0.0000e+00 0.0 0.0 0.0 0.0 0.0 0.0 0.0 0.0 0.0 0.0 0.0 0.0 0.0 0.0 0.0 0.0 0.0 0.0
8.7419e-01 5.9151e-03 1.3984e-01 1.1111e+00 6.4421e-01 1.0086e-02 4.5470e-02 0.0000e+00 0.0000e+00 0.0000e+00 0.0 0.0 0.0 0.0 0.0 0.0 0.0 0.0 0.0 0.0 0.0 0.0 0.0 0.0 0.0 0.0 0.0 0.0
8.0113e-01 9.6977e-03 1.2648e-01 8.6560e-01 7.3188e-01 7.6677e-03 4.9456e-02 0.0000e+00 0.0000e+00 0.0000e+00 0.0 0.0 0.0 0.0 0.0 0.0 0.0 0.0 0.0 0.0 0.0 0.0 0.0 0.0 0.0 0.0 0.0 0.0
7.5866e-01 8.5936e-03 9.2685e-02 7.4819e-01 9.7230e-01 2.3409e-02 1.2848e-01 0.0000e+00 0.0000e+00 0.0000e+00 0.0 0.0 0.0 0.0 0.0 0.0 0.0 0.0 0.0 0.0 0.0 0.0 0.0 0.0 0.0 0.0 0.0 0.0
7.5866e-01 8.5936e-03 9.2685e-02 7.4819e-01 9.7230e-01 2.3409e-02 1.2848e-01 0.0000e+00 0.0000e+00 0.0000e+00 0.0 0.0 0.0 0.0 0.0 0.0 0.0 0.0 0.0 0.0 0.0 0.0 0.0 0.0 0.0 0.0 0.0 0.0
8.3794e-01 2.0624e-03 1.1561e-01 9.5651e-01 6.6798e-01 4.0273e-03 5.8409e-02 0.0000e+00 0.0000e+00 0.0000e+00 0.0 0.0 0.0 0.0 0.0 0.0 0.0 0.0 0.0 0.0 0.0 0.0 0.0 0.0 0.0 0.0 0.0 0.0
9.1220e-01 1.6389e-02 1.4896e-01 8.3260e-01 6.2789e-01 5.2277e-03 5.1011e-02 0.0000e+00 0.0000e+00 0.0000e+00 0.0 0.0 0.0 0.0 0.0 0.0 0.0 0.0 0.0 0.0 0.0 0.0 0.0 0.0 0.0 0.0 0.0 0.0
8.0112e-01 1.6084e-02 5.0010e-02 7.7791e-01 8.8568e-01 1.5387e-02 1.2792e-01 0.0000e+00 0.0000e+00 0.0000e+00 0.0 0.0 0.0 0.0 0.0 0.0 0.0 0.0 0.0 0.0 0.0 0.0 0.0 0.0 0.0 0.0 0.0 0.0
8.2128e-01 1.6892e-02 1.2526e-01 8.9173e-01 7.8596e-01 1.4096e-02 5.0992e-02 0.0000e+00 0.0000e+00 0.0000e+00 0.0 0.0 0.0 0.0 0.0 0.0 0.0 0.0 0.0 0.0 0.0 0.0 0.0 0.0 0.0 0.0 0.0 0.0
7.9463e-01 1.1139e-02 1.1540e-01 1.0295e+00 7.9747e-01 1.5506e-02 2.9512e-02 0.0000e+00 0.0000e+00 0.0000e+00 0.0 0.0 0.0 0.0 0.0 0.0 0.0 0.0 0.0 0.0 0.0 0.0 0.0 0.0 0.0 0.0 0.0 0.0
8.6179e-01 2.0965e-02 5.6600e-02 1.0372e+00 8.8732e-01 8.1181e-03 1.3116e-01 0.0000e+00 0.0000e+00 0.0000e+00 0.0 0.0 0.0 0.0 0.0 0.0 0.0 0.0 0.0 0.0 0.0 0.0 0.0 0.0 0.0 0.0 0.0 0.0
7.8477e-01 1.2401e-02 8.3178e-02 9.9868e-01 9.3044e-01 1.3548e-02 1.2533e-01 0.0000e+00 0.0000e+00 0.0000e+00 0.0 0.0 0.0 0.0 0.0 0.0 0.0 0.0 0.0 0.0 0.0 0.0 0.0 0.0 0.0 0.0 0.0 0.0
6.7937e-01 2.5164e-02 3.3311e-02 6.8453e-01 8.2600e-01 1.9533e-03 1.2714e-01 0.0000e+00 0.0000e+00 0.0000e+00 0.0 0.0 0.0 0.0 0.0 0.0 0.0 0.0 0.0 0.0 0.0 0.0 0.0 0.0 0.0 0.0 0.0 0.0
8.2590e-01 8.4597e-04 1.2700e-01 8.1092e-01 6.9653e-01 1.4600e-02 5.8395e-02 0.0000e+00 0.0000e+00 0.0000e+00 0.0 0.0 0.0 0.0 0.0 0.0 0.0 0.0 0.0 0.0 0.0 0.0 0.0 0.0 0.0 0.0 0.0 0.0
5.6850e-01 1.9314e-02 2.6138e-02 9.7258e-01 8.5973e-01 1.5761e-03 1.4368e-01 0.0000e+00 0.0000e+00 0.0000e+00 0.0 0.0 0.0 0.0 0.0 0.0 0.0 0.0 0.0 0.0 0.0 0.0 0.0 0.0 0.0 0.0 0.0 0.0
9.3640e-01 2.7917e-02 1.2058e-01 7.1413e-01 7.8085e-01 7.6044e-03 9.3753e-02 0.0000e+00 0.0000e+00 0.0000e+00 0.0 0.0 0.0 0.0 0.0 0.0 0.0 0.0 0.0 0.0 0.0 0.0 0.0 0.0 0.0 0.0 0.0 0.0
9.5201e-01 1.8022e-02 1.7046e-01 8.3788e-01 7.2766e-01 8.1365e-03 7.1743e-02 0.0000e+00 0.0000e+00 0.0000e+00 0.0 0.0 0.0 0.0 0.0 0.0 0.0 0.0 0.0 0.0 0.0 0.0 0.0 0.0 0.0 0.0 0.0 0.0
7.9055e-01 2.2997e-02 1.0065e-01 9.9336e-01 8.6962e-01 4.9147e-03 5.0834e-02 0.0000e+00 0.0000e+00 0.0000e+00 0.0 0.0 0.0 0.0 0.0 0.0 0.0 0.0 0.0 0.0 0.0 0.0 0.0 0.0 0.0 0.0 0.0 0.0
8.3566e-01 2.7674e-03 1.2970e-01 9.5654e-01 6.1392e-01 2.1842e-02 2.9495e-02 0.0000e+00 0.0000e+00 0.0000e+00 0.0 0.0 0.0 0.0 0.0 0.0 0.0 0.0 0.0 0.0 0.0 0.0 0.0 0.0 0.0 0.0 0.0 0.0
8.2162e-01 2.3707e-02 9.6485e-02 8.3868e-01 8.8026e-01 1.3790e-02 7.5551e-02 0.0000e+00 0.0000e+00 0.0000e+00 0.0 0.0 0.0 0.0 0.0 0.0 0.0 0.0 0.0 0.0 0.0 0.0 0.0 0.0 0.0 0.0 0.0 0.0
8.0968e-01 2.3872e-03 1.2525e-01 8.3257e-01 9.8237e-01 2.7165e-02 6.8989e-02 0.0000e+00 0.0000e+00 0.0000e+00 0.0 0.0 0.0 0.0 0.0 0.0 0.0 0.0 0.0 0.0 0.0 0.0 0.0 0.0 0.0 0.0 0.0 0.0
6.7963e-01 2.7686e-03 6.7493e-02 8.4839e-01 9.2287e-01 1.0675e-02 1.5649e-01 0.0000e+00 0.0000e+00 0.0000e+00 0.0 0.0 0.0 0.0 0.0 0.0 0.0 0.0 0.0 0.0 0.0 0.0 0.0 0.0 0.0 0.0 0.0 0.0
5.4615e-01 4.2021e-03 6.5536e-02 9.7753e-01 9.1845e-01 7.3549e-03 1.4137e-01 0.0000e+00 0.0000e+00 0.0000e+00 0.0 0.0 0.0 0.0 0.0 0.0 0.0 0.0 0.0 0.0 0.0 0.0 0.0 0.0 0.0 0.0 0.0 0.0
8.3855e-01 3.7596e-03 3.5648e-02 9.9526e-01 7.8376e-01 2.1885e-02 1.0410e-01 0.0000e+00 0.0000e+00 0.0000e+00 0.0 0.0 0.0 0.0 0.0 0.0 0.0 0.0 0.0 0.0 0.0 0.0 0.0 0.0 0.0 0.0 0.0 0.0
7.5557e-01 1.7705e-02 5.1820e-02 7.0059e-01 9.0470e-01 2.0472e-02 1.3050e-01 0.0000e+00 0.0000e+00 0.0000e+00 0.0 0.0 0.0 0.0 0.0 0.0 0.0 0.0 0.0 0.0 0.0 0.0 0.0 0.0 0.0 0.0 0.0 0.0
5.8648e-01 1.7390e-02 4.8984e-02 7.1312e-01 8.5898e-01 7.5713e-03 1.2045e-01 0.0000e+00 0.0000e+00 0.0000e+00 0.0 0.0 0.0 0.0 0.0 0.0 0.0 0.0 0.0 0.0 0.0 0.0 0.0 0.0 0.0 0.0 0.0 0.0
5.8648e-01 1.7390e-02 4.8984e-02 7.1312e-01 8.5898e-01 7.5713e-03 1.2045e-01 0.0000e+00 0.0000e+00 0.0000e+00 0.0 0.0 0.0 0.0 0.0 0.0 0.0 0.0 0.0 0.0 0.0 0.0 0.0 0.0 0.0 0.0 0.0 0.0
8.5397e-01 1.0416e-02 1.0721e-01 8.8839e-01 6.1743e-01 1.2929e-02 4.5172e-02 0.0000e+00 0.0000e+00 0.0000e+00 0.0 0.0 0.0 0.0 0.0 0.0 0.0 0.0 0.0 0.0 0.0 0.0 0.0 0.0 0.0 0.0 0.0 0.0
8.5397e-01 1.0416e-02 1.0721e-01 8.8839e-01 6.1743e-01 1.2929e-02 4.5172e-02 0.0000e+00 0.0000e+00 0.0000e+00 0.0 0.0 0.0 0.0 0.0 0.0 0.0 0.0 0.0 0.0 0.0 0.0 0.0 0.0 0.0 0.0 0.0 0.0
8.3827e-01 2.2644e-02 4.1045e-02 8.6879e-01 7.9442e-01 1.1969e-02 1.1599e-01 0.0000e+00 0.0000e+00 0.0000e+00 0.0 0.0 0.0 0.0 0.0 0.0 0.0 0.0 0.0 0.0 0.0 0.0 0.0 0.0 0.0 0.0 0.0 0.0
8.1244e-01 1.8573e-02 7.6779e-02 7.1107e-01 9.2878e-01 1.8991e-02 1.4264e-01 0.0000e+00 0.0000e+00 0.0000e+00 0.0 0.0 0.0 0.0 0.0 0.0 0.0 0.0 0.0 0.0 0.0 0.0 0.0 0.0 0.0 0.0 0.0 0.0
8.7101e-01 8.2848e-03 1.2262e-01 1.0290e+00 7.2100e-01 1.7996e-02 5.5659e-02 0.0000e+00 0.0000e+00 0.0000e+00 0.0 0.0 0.0 0.0 0.0 0.0 0.0 0.0 0.0 0.0 0.0 0.0 0.0 0.0 0.0 0.0 0.0 0.0
8.5826e-01 1.5162e-02 1.2313e-01 6.0269e-01 5.8922e-01 7.9959e-03 4.5948e-02 0.0000e+00 0.0000e+00 0.0000e+00 0.0 0.0 0.0 0.0 0.0 0.0 0.0 0.0 0.0 0.0 0.0 0.0 0.0 0.0 0.0 0.0 0.0 0.0
6.4352e-01 4.4465e-03 3.2081e-02 8.2243e-01 8.3201e-01 1.8980e-02 1.1526e-01 0.0000e+00 0.0000e+00 0.0000e+00 0.0 0.0 0.0 0.0 0.0 0.0 0.0 0.0 0.0 0.0 0.0 0.0 0.0 0.0 0.0 0.0 0.0 0.0
7.8982e-01 1.5884e-02 1.1465e-01 7.6696e-01 7.9054e-01 4.0645e-03 5.5246e-02 0.0000e+00 0.0000e+00 0.0000e+00 0.0 0.0 0.0 0.0 0.0 0.0 0.0 0.0 0.0 0.0 0.0 0.0 0.0 0.0 0.0 0.0 0.0 0.0
7.8982e-01 1.5884e-02 1.1465e-01 7.6696e-01 7.9054e-01 4.0645e-03 5.5246e-02 0.0000e+00 0.0000e+00 0.0000e+00 0.0 0.0 0.0 0.0 0.0 0.0 0.0 0.0 0.0 0.0 0.0 0.0 0.0 0.0 0.0 0.0 0.0 0.0
9.1288e-01 2.6835e-02 1.1251e-01 7.0996e-01 7.9247e-01 7.2972e-03 7.5883e-02 0.0000e+00 0.0000e+00 0.0000e+00 0.0 0.0 0.0 0.0 0.0 0.0 0.0 0.0 0.0 0.0 0.0 0.0 0.0 0.0 0.0 0.0 0.0 0.0
9.1288e-01 2.6835e-02 1.1251e-01 7.0996e-01 7.9247e-01 7.2972e-03 7.5883e-02 0.0000e+00 0.0000e+00 0.0000e+00 0.0 0.0 0.0 0.0 0.0 0.0 0.0 0.0 0.0 0.0 0.0 0.0 0.0 0.0 0.0 0.0 0.0 0.0
5.8908e-01 2.8387e-03 5.2468e-02 1.0450e+00 9.0131e-01 1.0183e-03 1.5943e-01 0.0000e+00 0.0000e+00 0.0000e+00 0.0 0.0 0.0 0.0 0.0 0.0 0.0 0.0 0.0 0.0 0.0 0.0 0.0 0.0 0.0 0.0 0.0 0.0
9.4180e-01 1.0295e-02 1.7172e-01 9.1840e-01 5.5945e-01 8.7464e-03 5.4955e-02 0.0000e+00 0.0000e+00 0.0000e+00 0.0 0.0 0.0 0.0 0.0 0.0 0.0 0.0 0.0 0.0 0.0 0.0 0.0 0.0 0.0 0.0 0.0 0.0
8.0359e-01 1.8925e-02 4.9791e-02 9.7772e-01 9.0049e-01 1.6962e-02 1.2170e-01 0.0000e+00 0.0000e+00 0.0000e+00 0.0 0.0 0.0 0.0 0.0 0.0 0.0 0.0 0.0 0.0 0.0 0.0 0.0 0.0 0.0 0.0 0.0 0.0
8.7351e-01 3.9105e-03 1.5438e-01 6.9415e-01 5.9644e-01 1.6492e-02 4.8554e-02 0.0000e+00 0.0000e+00 0.0000e+00 0.0 0.0 0.0 0.0 0.0 0.0 0.0 0.0 0.0 0.0 0.0 0.0 0.0 0.0 0.0 0.0 0.0 0.0
6.7365e-01 1.3559e-02 5.7912e-02 9.1501e-01 8.4521e-01 9.2550e-04 1.1964e-01 0.0000e+00 0.0000e+00 0.0000e+00 0.0 0.0 0.0 0.0 0.0 0.0 0.0 0.0 0.0 0.0 0.0 0.0 0.0 0.0 0.0 0.0 0.0 0.0
8.7668e-01 1.4440e-02 1.0492e-01 8.2630e-01 7.2472e-01 1.7406e-02 5.8616e-02 0.0000e+00 0.0000e+00 0.0000e+00 0.0 0.0 0.0 0.0 0.0 0.0 0.0 0.0 0.0 0.0 0.0 0.0 0.0 0.0 0.0 0.0 0.0 0.0
9.2576e-01 2.0969e-03 1.4434e-01 9.1042e-01 6.8861e-01 8.6214e-03 6.9195e-02 0.0000e+00 0.0000e+00 0.0000e+00 0.0 0.0 0.0 0.0 0.0 0.0 0.0 0.0 0.0 0.0 0.0 0.0 0.0 0.0 0.0 0.0 0.0 0.0
8.2366e-01 1.6649e-02 1.0356e-01 6.6003e-01 6.3513e-01 7.3925e-03 4.7856e-02 0.0000e+00 0.0000e+00 0.0000e+00 0.0 0.0 0.0 0.0 0.0 0.0 0.0 0.0 0.0 0.0 0.0 0.0 0.0 0.0 0.0 0.0 0.0 0.0
7.1387e-01 2.6054e-02 4.0875e-02 7.3218e-01 8.4924e-01 1.6653e-03 1.3803e-01 0.0000e+00 0.0000e+00 0.0000e+00 0.0 0.0 0.0 0.0 0.0 0.0 0.0 0.0 0.0 0.0 0.0 0.0 0.0 0.0 0.0 0.0 0.0 0.0
7.6103e-01 4.0624e-03 1.1942e-01 8.6370e-01 8.4166e-01 2.3519e-02 1.8745e-02 0.0000e+00 0.0000e+00 0.0000e+00 0.0 0.0 0.0 0.0 0.0 0.0 0.0 0.0 0.0 0.0 0.0 0.0 0.0 0.0 0.0 0.0 0.0 0.0
5.9533e-01 1.0548e-02 5.9448e-02 7.8170e-01 9.4254e-01 8.6687e-03 1.7708e-01 0.0000e+00 0.0000e+00 0.0000e+00 0.0 0.0 0.0 0.0 0.0 0.0 0.0 0.0 0.0 0.0 0.0 0.0 0.0 0.0 0.0 0.0 0.0 0.0
5.9533e-01 1.0548e-02 5.9448e-02 7.8170e-01 9.4254e-01 8.6687e-03 1.7708e-01 0.0000e+00 0.0000e+00 0.0000e+00 0.0 0.0 0.0 0.0 0.0 0.0 0.0 0.0 0.0 0.0 0.0 0.0 0.0 0.0 0.0 0.0 0.0 0.0
5.9275e-01 1.8672e-02 5.2995e-02 7.5924e-01 9.4181e-01 9.6621e-03 1.4933e-01 0.0000e+00 0.0000e+00 0.0000e+00 0.0 0.0 0.0 0.0 0.0 0.0 0.0 0.0 0.0 0.0 0.0 0.0 0.0 0.0 0.0 0.0 0.0 0.0
8.3263e-01 1.0306e-02 1.1862e-01 8.1876e-01 9.2501e-01 2.7829e-02 6.5645e-02 0.0000e+00 0.0000e+00 0.0000e+00 0.0 0.0 0.0 0.0 0.0 0.0 0.0 0.0 0.0 0.0 0.0 0.0 0.0 0.0 0.0 0.0 0.0 0.0
7.8640e-01 1.0216e-02 1.1540e-01 8.8789e-01 6.2106e-01 1.7279e-02 2.9062e-02 0.0000e+00 0.0000e+00 0.0000e+00 0.0 0.0 0.0 0.0 0.0 0.0 0.0 0.0 0.0 0.0 0.0 0.0 0.0 0.0 0.0 0.0 0.0 0.0
8.7437e-01 8.7370e-03 1.4205e-01 6.9979e-01 6.7651e-01 1.6394e-02 4.1971e-02 0.0000e+00 0.0000e+00 0.0000e+00 0.0 0.0 0.0 0.0 0.0 0.0 0.0 0.0 0.0 0.0 0.0 0.0 0.0 0.0 0.0 0.0 0.0 0.0
8.5831e-01 3.2534e-03 1.2087e-01 1.0147e+00 5.5990e-01 1.3258e-02 3.8667e-02 0.0000e+00 0.0000e+00 0.0000e+00 0.0 0.0 0.0 0.0 0.0 0.0 0.0 0.0 0.0 0.0 0.0 0.0 0.0 0.0 0.0 0.0 0.0 0.0
6.6666e-01 1.5393e-02 5.8880e-02 8.5460e-01 8.6194e-01 1.0950e-02 1.2650e-01 0.0000e+00 0.0000e+00 0.0000e+00 0.0 0.0 0.0 0.0 0.0 0.0 0.0 0.0 0.0 0.0 0.0 0.0 0.0 0.0 0.0 0.0 0.0 0.0
9.2098e-01 5.9885e-03 1.6379e-01 9.2270e-01 5.3374e-01 4.7794e-04 6.8529e-02 0.0000e+00 0.0000e+00 0.0000e+00 0.0 0.0 0.0 0.0 0.0 0.0 0.0 0.0 0.0 0.0 0.0 0.0 0.0 0.0 0.0 0.0 0.0 0.0
7.3395e-01 1.3495e-02 4.4983e-02 8.4861e-01 7.9909e-01 1.6607e-02 1.1576e-01 0.0000e+00 0.0000e+00 0.0000e+00 0.0 0.0 0.0 0.0 0.0 0.0 0.0 0.0 0.0 0.0 0.0 0.0 0.0 0.0 0.0 0.0 0.0 0.0
6.7124e-01 1.8146e-02 4.4534e-02 7.4393e-01 8.8922e-01 1.5088e-02 1.1665e-01 0.0000e+00 0.0000e+00 0.0000e+00 0.0 0.0 0.0 0.0 0.0 0.0 0.0 0.0 0.0 0.0 0.0 0.0 0.0 0.0 0.0 0.0 0.0 0.0
8.6899e-01 9.3543e-03 1.1408e-01 6.9769e-01 7.2791e-01 1.8755e-02 6.6277e-02 0.0000e+00 0.0000e+00 0.0000e+00 0.0 0.0 0.0 0.0 0.0 0.0 0.0 0.0 0.0 0.0 0.0 0.0 0.0 0.0 0.0 0.0 0.0 0.0
6.5428e-01 8.6632e-03 3.8670e-02 7.5378e-01 8.6072e-01 1.8706e-02 1.1687e-01 0.0000e+00 0.0000e+00 0.0000e+00 0.0 0.0 0.0 0.0 0.0 0.0 0.0 0.0 0.0 0.0 0.0 0.0 0.0 0.0 0.0 0.0 0.0 0.0
9.6487e-01 1.9678e-02 1.4874e-01 8.5680e-01 8.1446e-01 1.5719e-02 9.0396e-02 0.0000e+00 0.0000e+00 0.0000e+00 0.0 0.0 0.0 0.0 0.0 0.0 0.0 0.0 0.0 0.0 0.0 0.0 0.0 0.0 0.0 0.0 0.0 0.0
8.6232e-01 1.2000e-02 1.3023e-01 7.7524e-01 6.9423e-01 8.2351e-03 4.6438e-02 0.0000e+00 0.0000e+00 0.0000e+00 0.0 0.0 0.0 0.0 0.0 0.0 0.0 0.0 0.0 0.0 0.0 0.0 0.0 0.0 0.0 0.0 0.0 0.0
5.4397e-01 1.3176e-02 3.1687e-02 9.1267e-01 8.7291e-01 2.6176e-03 1.4035e-01 0.0000e+00 0.0000e+00 0.0000e+00 0.0 0.0 0.0 0.0 0.0 0.0 0.0 0.0 0.0 0.0 0.0 0.0 0.0 0.0 0.0 0.0 0.0 0.0
8.4120e-01 1.4302e-02 4.9832e-02 9.3390e-01 8.3823e-01 2.3475e-02 1.0512e-01 0.0000e+00 0.0000e+00 0.0000e+00 0.0 0.0 0.0 0.0 0.0 0.0 0.0 0.0 0.0 0.0 0.0 0.0 0.0 0.0 0.0 0.0 0.0 0.0
6.3762e-01 2.0272e-03 6.6210e-02 9.0647e-01 9.2244e-01 6.0273e-04 1.6228e-01 0.0000e+00 0.0000e+00 0.0000e+00 0.0 0.0 0.0 0.0 0.0 0.0 0.0 0.0 0.0 0.0 0.0 0.0 0.0 0.0 0.0 0.0 0.0 0.0
6.5591e-01 2.3219e-02 3.4399e-02 6.8260e-01 8.6350e-01 5.8402e-03 1.4046e-01 0.0000e+00 0.0000e+00 0.0000e+00 0.0 0.0 0.0 0.0 0.0 0.0 0.0 0.0 0.0 0.0 0.0 0.0 0.0 0.0 0.0 0.0 0.0 0.0
7.7083e-01 2.7127e-02 3.7941e-02 8.1675e-01 8.9125e-01 4.1164e-03 1.3937e-01 0.0000e+00 0.0000e+00 0.0000e+00 0.0 0.0 0.0 0.0 0.0 0.0 0.0 0.0 0.0 0.0 0.0 0.0 0.0 0.0 0.0 0.0 0.0 0.0
7.2360e-01 1.2361e-02 7.0083e-02 1.0171e+00 9.4104e-01 9.0475e-03 1.6542e-01 0.0000e+00 0.0000e+00 0.0000e+00 0.0 0.0 0.0 0.0 0.0 0.0 0.0 0.0 0.0 0.0 0.0 0.0 0.0 0.0 0.0 0.0 0.0 0.0
9.3400e-01 1.0044e-02 9.9544e-02 8.1951e-01 8.3223e-01 2.4767e-02 1.0490e-01 0.0000e+00 0.0000e+00 0.0000e+00 0.0 0.0 0.0 0.0 0.0 0.0 0.0 0.0 0.0 0.0 0.0 0.0 0.0 0.0 0.0 0.0 0.0 0.0
6.3834e-01 1.3530e-02 3.0685e-02 6.7931e-01 7.8251e-01 1.1661e-02 1.0797e-01 0.0000e+00 0.0000e+00 0.0000e+00 0.0 0.0 0.0 0.0 0.0 0.0 0.0 0.0 0.0 0.0 0.0 0.0 0.0 0.0 0.0 0.0 0.0 0.0
6.7080e-01 9.3222e-05 5.9084e-02 6.6099e-01 8.1573e-01 1.3372e-02 1.1916e-01 0.0000e+00 0.0000e+00 0.0000e+00 0.0 0.0 0.0 0.0 0.0 0.0 0.0 0.0 0.0 0.0 0.0 0.0 0.0 0.0 0.0 0.0 0.0 0.0
9.2070e-01 3.5554e-03 8.0135e-02 8.1919e-01 8.4803e-01 2.7530e-02 1.0119e-01 0.0000e+00 0.0000e+00 0.0000e+00 0.0 0.0 0.0 0.0 0.0 0.0 0.0 0.0 0.0 0.0 0.0 0.0 0.0 0.0 0.0 0.0 0.0 0.0
9.2070e-01 3.5554e-03 8.0135e-02 8.1919e-01 8.4803e-01 2.7530e-02 1.0119e-01 0.0000e+00 0.0000e+00 0.0000e+00 0.0 0.0 0.0 0.0 0.0 0.0 0.0 0.0 0.0 0.0 0.0 0.0 0.0 0.0 0.0 0.0 0.0 0.0
8.5530e-01 9.9441e-03 1.0743e-01 7.9212e-01 8.2107e-01 2.3792e-02 6.2435e-02 0.0000e+00 0.0000e+00 0.0000e+00 0.0 0.0 0.0 0.0 0.0 0.0 0.0 0.0 0.0 0.0 0.0 0.0 0.0 0.0 0.0 0.0 0.0 0.0
8.6827e-01 1.9419e-02 1.1730e-01 6.4900e-01 6.0557e-01 5.8306e-03 6.0251e-02 0.0000e+00 0.0000e+00 0.0000e+00 0.0 0.0 0.0 0.0 0.0 0.0 0.0 0.0 0.0 0.0 0.0 0.0 0.0 0.0 0.0 0.0 0.0 0.0
8.0738e-01 1.8314e-02 6.2170e-02 9.9959e-01 8.7951e-01 7.3156e-03 1.1625e-01 0.0000e+00 0.0000e+00 0.0000e+00 0.0 0.0 0.0 0.0 0.0 0.0 0.0 0.0 0.0 0.0 0.0 0.0 0.0 0.0 0.0 0.0 0.0 0.0
8.8239e-01 1.9574e-02 7.4758e-02 8.3175e-01 8.5586e-01 1.2776e-02 1.0882e-01 0.0000e+00 0.0000e+00 0.0000e+00 0.0 0.0 0.0 0.0 0.0 0.0 0.0 0.0 0.0 0.0 0.0 0.0 0.0 0.0 0.0 0.0 0.0 0.0
7.8012e-01 2.1866e-02 7.0839e-02 8.7197e-01 8.8668e-01 7.4611e-03 1.4116e-01 0.0000e+00 0.0000e+00 0.0000e+00 0.0 0.0 0.0 0.0 0.0 0.0 0.0 0.0 0.0 0.0 0.0 0.0 0.0 0.0 0.0 0.0 0.0 0.0
7.4872e-01 1.6559e-02 7.4417e-02 1.0438e+00 9.5125e-01 7.8194e-03 1.6550e-01 0.0000e+00 0.0000e+00 0.0000e+00 0.0 0.0 0.0 0.0 0.0 0.0 0.0 0.0 0.0 0.0 0.0 0.0 0.0 0.0 0.0 0.0 0.0 0.0
5.2265e-01 1.3326e-02 4.8040e-02 8.5908e-01 8.8636e-01 9.3000e-03 1.4576e-01 0.0000e+00 0.0000e+00 0.0000e+00 0.0 0.0 0.0 0.0 0.0 0.0 0.0 0.0 0.0 0.0 0.0 0.0 0.0 0.0 0.0 0.0 0.0 0.0
6.2643e-01 1.1156e-02 4.9868e-02 9.3505e-01 9.2992e-01 1.6549e-02 1.5059e-01 0.0000e+00 0.0000e+00 0.0000e+00 0.0 0.0 0.0 0.0 0.0 0.0 0.0 0.0 0.0 0.0 0.0 0.0 0.0 0.0 0.0 0.0 0.0 0.0
7.9520e-01 2.9374e-03 8.4597e-02 7.2631e-01 8.8692e-01 2.1895e-02 1.2937e-01 0.0000e+00 0.0000e+00 0.0000e+00 0.0 0.0 0.0 0.0 0.0 0.0 0.0 0.0 0.0 0.0 0.0 0.0 0.0 0.0 0.0 0.0 0.0 0.0
9.1850e-01 2.0845e-02 8.1683e-02 9.1025e-01 8.6842e-01 1.6720e-02 1.2022e-01 0.0000e+00 0.0000e+00 0.0000e+00 0.0 0.0 0.0 0.0 0.0 0.0 0.0 0.0 0.0 0.0 0.0 0.0 0.0 0.0 0.0 0.0 0.0 0.0
9.6094e-01 2.6674e-02 1.6242e-01 8.2562e-01 7.5037e-01 4.4818e-03 9.6636e-02 0.0000e+00 0.0000e+00 0.0000e+00 0.0 0.0 0.0 0.0 0.0 0.0 0.0 0.0 0.0 0.0 0.0 0.0 0.0 0.0 0.0 0.0 0.0 0.0
8.1475e-01 1.1031e-02 9.1152e-02 9.1387e-01 8.8686e-01 2.1601e-02 1.0758e-01 0.0000e+00 0.0000e+00 0.0000e+00 0.0 0.0 0.0 0.0 0.0 0.0 0.0 0.0 0.0 0.0 0.0 0.0 0.0 0.0 0.0 0.0 0.0 0.0
8.8560e-01 5.0092e-03 1.4818e-01 7.6374e-01 6.6427e-01 8.2141e-03 5.8934e-02 0.0000e+00 0.0000e+00 0.0000e+00 0.0 0.0 0.0 0.0 0.0 0.0 0.0 0.0 0.0 0.0 0.0 0.0 0.0 0.0 0.0 0.0 0.0 0.0
9.7269e-01 1.8505e-02 7.1481e-02 8.2149e-01 7.9266e-01 2.0475e-02 1.0518e-01 0.0000e+00 0.0000e+00 0.0000e+00 0.0 0.0 0.0 0.0 0.0 0.0 0.0 0.0 0.0 0.0 0.0 0.0 0.0 0.0 0.0 0.0 0.0 0.0
8.9534e-01 2.0740e-02 6.1581e-02 9.0114e-01 8.0516e-01 7.8119e-03 1.2202e-01 0.0000e+00 0.0000e+00 0.0000e+00 0.0 0.0 0.0 0.0 0.0 0.0 0.0 0.0 0.0 0.0 0.0 0.0 0.0 0.0 0.0 0.0 0.0 0.0
8.9534e-01 2.0740e-02 6.1581e-02 9.0114e-01 8.0516e-01 7.8119e-03 1.2202e-01 0.0000e+00 0.0000e+00 0.0000e+00 0.0 0.0 0.0 0.0 0.0 0.0 0.0 0.0 0.0 0.0 0.0 0.0 0.0 0.0 0.0 0.0 0.0 0.0
8.7332e-01 3.7165e-03 1.3624e-01 7.2108e-01 6.3807e-01 2.0741e-02 5.2876e-02 0.0000e+00 0.0000e+00 0.0000e+00 0.0 0.0 0.0 0.0 0.0 0.0 0.0 0.0 0.0 0.0 0.0 0.0 0.0 0.0 0.0 0.0 0.0 0.0
8.5423e-01 1.0938e-02 1.1434e-01 7.2229e-01 7.7344e-01 1.4492e-02 6.5763e-02 0.0000e+00 0.0000e+00 0.0000e+00 0.0 0.0 0.0 0.0 0.0 0.0 0.0 0.0 0.0 0.0 0.0 0.0 0.0 0.0 0.0 0.0 0.0 0.0
6.1399e-01 4.0805e-03 7.8675e-02 8.7287e-01 9.5277e-01 1.1144e-02 1.6571e-01 0.0000e+00 0.0000e+00 0.0000e+00 0.0 0.0 0.0 0.0 0.0 0.0 0.0 0.0 0.0 0.0 0.0 0.0 0.0 0.0 0.0 0.0 0.0 0.0
6.9893e-01 7.6694e-03 4.7342e-02 7.4406e-01 8.8431e-01 2.1031e-02 1.2911e-01 0.0000e+00 0.0000e+00 0.0000e+00 0.0 0.0 0.0 0.0 0.0 0.0 0.0 0.0 0.0 0.0 0.0 0.0 0.0 0.0 0.0 0.0 0.0 0.0
6.2855e-01 7.7313e-03 5.0489e-02 6.3886e-01 8.4319e-01 2.0294e-02 1.1899e-01 0.0000e+00 0.0000e+00 0.0000e+00 0.0 0.0 0.0 0.0 0.0 0.0 0.0 0.0 0.0 0.0 0.0 0.0 0.0 0.0 0.0 0.0 0.0 0.0
7.0552e-01 7.5944e-03 3.9263e-02 8.4871e-01 7.5435e-01 6.0716e-03 1.1287e-01 0.0000e+00 0.0000e+00 0.0000e+00 0.0 0.0 0.0 0.0 0.0 0.0 0.0 0.0 0.0 0.0 0.0 0.0 0.0 0.0 0.0 0.0 0.0 0.0
8.5459e-01 4.9414e-03 1.2818e-01 1.0343e+00 6.2039e-01 1.6691e-02 3.9440e-02 0.0000e+00 0.0000e+00 0.0000e+00 0.0 0.0 0.0 0.0 0.0 0.0 0.0 0.0 0.0 0.0 0.0 0.0 0.0 0.0 0.0 0.0 0.0 0.0
7.8932e-01 5.0035e-03 1.0211e-01 9.6684e-01 9.4028e-01 2.1778e-02 1.1665e-01 0.0000e+00 0.0000e+00 0.0000e+00 0.0 0.0 0.0 0.0 0.0 0.0 0.0 0.0 0.0 0.0 0.0 0.0 0.0 0.0 0.0 0.0 0.0 0.0
8.7605e-01 1.0402e-02 1.1810e-01 6.8770e-01 5.9943e-01 1.4449e-02 5.4413e-02 0.0000e+00 0.0000e+00 0.0000e+00 0.0 0.0 0.0 0.0 0.0 0.0 0.0 0.0 0.0 0.0 0.0 0.0 0.0 0.0 0.0 0.0 0.0 0.0
7.5256e-01 9.5501e-03 5.0488e-02 9.2919e-01 8.1258e-01 9.2417e-03 1.2592e-01 0.0000e+00 0.0000e+00 0.0000e+00 0.0 0.0 0.0 0.0 0.0 0.0 0.0 0.0 0.0 0.0 0.0 0.0 0.0 0.0 0.0 0.0 0.0 0.0
6.8983e-01 1.4747e-02 6.6677e-02 6.7063e-01 9.4729e-01 1.6465e-02 1.5624e-01 0.0000e+00 0.0000e+00 0.0000e+00 0.0 0.0 0.0 0.0 0.0 0.0 0.0 0.0 0.0 0.0 0.0 0.0 0.0 0.0 0.0 0.0 0.0 0.0
8.6476e-01 2.1804e-02 1.0777e-01 9.2639e-01 8.7974e-01 1.1000e-03 9.3925e-02 0.0000e+00 0.0000e+00 0.0000e+00 0.0 0.0 0.0 0.0 0.0 0.0 0.0 0.0 0.0 0.0 0.0 0.0 0.0 0.0 0.0 0.0 0.0 0.0
8.4611e-01 1.8554e-02 1.0691e-01 8.3537e-01 8.4572e-01 8.4957e-03 8.4785e-02 0.0000e+00 0.0000e+00 0.0000e+00 0.0 0.0 0.0 0.0 0.0 0.0 0.0 0.0 0.0 0.0 0.0 0.0 0.0 0.0 0.0 0.0 0.0 0.0
9.3384e-01 1.0453e-02 1.4325e-01 9.0838e-01 6.3638e-01 1.7304e-03 6.5042e-02 0.0000e+00 0.0000e+00 0.0000e+00 0.0 0.0 0.0 0.0 0.0 0.0 0.0 0.0 0.0 0.0 0.0 0.0 0.0 0.0 0.0 0.0 0.0 0.0
7.3165e-01 2.2252e-02 3.8067e-02 6.5444e-01 8.1675e-01 9.9225e-03 1.1774e-01 0.0000e+00 0.0000e+00 0.0000e+00 0.0 0.0 0.0 0.0 0.0 0.0 0.0 0.0 0.0 0.0 0.0 0.0 0.0 0.0 0.0 0.0 0.0 0.0
8.6417e-01 2.5262e-02 1.0156e-01 9.2109e-01 9.0595e-01 1.0693e-02 8.7593e-02 0.0000e+00 0.0000e+00 0.0000e+00 0.0 0.0 0.0 0.0 0.0 0.0 0.0 0.0 0.0 0.0 0.0 0.0 0.0 0.0 0.0 0.0 0.0 0.0
9.5105e-01 2.5593e-02 1.0151e-01 8.1438e-01 7.7782e-01 3.0181e-03 1.0715e-01 0.0000e+00 0.0000e+00 0.0000e+00 0.0 0.0 0.0 0.0 0.0 0.0 0.0 0.0 0.0 0.0 0.0 0.0 0.0 0.0 0.0 0.0 0.0 0.0
8.4929e-01 4.5168e-03 1.3227e-01 6.3049e-01 7.7072e-01 2.1264e-02 5.4002e-02 0.0000e+00 0.0000e+00 0.0000e+00 0.0 0.0 0.0 0.0 0.0 0.0 0.0 0.0 0.0 0.0 0.0 0.0 0.0 0.0 0.0 0.0 0.0 0.0
8.8548e-01 1.9503e-02 6.4766e-02 8.8524e-01 8.1691e-01 1.5932e-02 1.0064e-01 0.0000e+00 0.0000e+00 0.0000e+00 0.0 0.0 0.0 0.0 0.0 0.0 0.0 0.0 0.0 0.0 0.0 0.0 0.0 0.0 0.0 0.0 0.0 0.0
7.8046e-01 1.1754e-02 1.1162e-01 9.1314e-01 9.6341e-01 2.2162e-02 3.3177e-02 0.0000e+00 0.0000e+00 0.0000e+00 0.0 0.0 0.0 0.0 0.0 0.0 0.0 0.0 0.0 0.0 0.0 0.0 0.0 0.0 0.0 0.0 0.0 0.0
7.9152e-01 1.5950e-02 1.0963e-01 7.4532e-01 8.6314e-01 1.3465e-02 5.8047e-02 0.0000e+00 0.0000e+00 0.0000e+00 0.0 0.0 0.0 0.0 0.0 0.0 0.0 0.0 0.0 0.0 0.0 0.0 0.0 0.0 0.0 0.0 0.0 0.0
8.3834e-01 1.0896e-02 1.3057e-01 9.8245e-01 6.5365e-01 1.3326e-02 3.0519e-02 0.0000e+00 0.0000e+00 0.0000e+00 0.0 0.0 0.0 0.0 0.0 0.0 0.0 0.0 0.0 0.0 0.0 0.0 0.0 0.0 0.0 0.0 0.0 0.0
9.0148e-01 1.7333e-02 1.0672e-01 7.9576e-01 8.3149e-01 2.1093e-02 9.0194e-02 0.0000e+00 0.0000e+00 0.0000e+00 0.0 0.0 0.0 0.0 0.0 0.0 0.0 0.0 0.0 0.0 0.0 0.0 0.0 0.0 0.0 0.0 0.0 0.0
8.9194e-01 1.5988e-02 1.1526e-01 7.3020e-01 5.5775e-01 4.5107e-03 5.5875e-02 0.0000e+00 0.0000e+00 0.0000e+00 0.0 0.0 0.0 0.0 0.0 0.0 0.0 0.0 0.0 0.0 0.0 0.0 0.0 0.0 0.0 0.0 0.0 0.0
8.0779e-01 6.4481e-03 1.2161e-01 8.8299e-01 8.6916e-01 2.2764e-02 5.9697e-02 0.0000e+00 0.0000e+00 0.0000e+00 0.0 0.0 0.0 0.0 0.0 0.0 0.0 0.0 0.0 0.0 0.0 0.0 0.0 0.0 0.0 0.0 0.0 0.0
8.3060e-01 2.0956e-02 1.0877e-01 1.0033e+00 8.9200e-01 6.1629e-03 5.5877e-02 0.0000e+00 0.0000e+00 0.0000e+00 0.0 0.0 0.0 0.0 0.0 0.0 0.0 0.0 0.0 0.0 0.0 0.0 0.0 0.0 0.0 0.0 0.0 0.0
7.7455e-01 1.3565e-02 5.0171e-02 8.3685e-01 7.8873e-01 1.0960e-02 1.0325e-01 0.0000e+00 0.0000e+00 0.0000e+00 0.0 0.0 0.0 0.0 0.0 0.0 0.0 0.0 0.0 0.0 0.0 0.0 0.0 0.0 0.0 0.0 0.0 0.0
8.3335e-01 2.4184e-02 5.7001e-02 7.4201e-01 8.2256e-01 8.6585e-03 1.2117e-01 0.0000e+00 0.0000e+00 0.0000e+00 0.0 0.0 0.0 0.0 0.0 0.0 0.0 0.0 0.0 0.0 0.0 0.0 0.0 0.0 0.0 0.0 0.0 0.0
7.7679e-01 1.3271e-03 1.2679e-01 8.4355e-01 7.8429e-01 2.1642e-02 2.0247e-02 0.0000e+00 0.0000e+00 0.0000e+00 0.0 0.0 0.0 0.0 0.0 0.0 0.0 0.0 0.0 0.0 0.0 0.0 0.0 0.0 0.0 0.0 0.0 0.0
9.3958e-01 1.5793e-02 1.4124e-01 9.3306e-01 7.9449e-01 1.5252e-02 9.1513e-02 0.0000e+00 0.0000e+00 0.0000e+00 0.0 0.0 0.0 0.0 0.0 0.0 0.0 0.0 0.0 0.0 0.0 0.0 0.0 0.0 0.0 0.0 0.0 0.0
8.6438e-01 5.3124e-03 1.4857e-01 9.4671e-01 5.1246e-01 1.2203e-02 3.6650e-02 0.0000e+00 0.0000e+00 0.0000e+00 0.0 0.0 0.0 0.0 0.0 0.0 0.0 0.0 0.0 0.0 0.0 0.0 0.0 0.0 0.0 0.0 0.0 0.0
7.0687e-01 9.9023e-03 4.5283e-02 9.3608e-01 8.2354e-01 2.0208e-02 1.0904e-01 0.0000e+00 0.0000e+00 0.0000e+00 0.0 0.0 0.0 0.0 0.0 0.0 0.0 0.0 0.0 0.0 0.0 0.0 0.0 0.0 0.0 0.0 0.0 0.0
7.9102e-01 3.7268e-03 1.1679e-01 7.2767e-01 6.2834e-01 1.7365e-02 2.4750e-02 0.0000e+00 0.0000e+00 0.0000e+00 0.0 0.0 0.0 0.0 0.0 0.0 0.0 0.0 0.0 0.0 0.0 0.0 0.0 0.0 0.0 0.0 0.0 0.0
9.1730e-01 1.4760e-02 1.2019e-01 7.6156e-01 8.3457e-01 2.2327e-02 8.7036e-02 0.0000e+00 0.0000e+00 0.0000e+00 0.0 0.0 0.0 0.0 0.0 0.0 0.0 0.0 0.0 0.0 0.0 0.0 0.0 0.0 0.0 0.0 0.0 0.0
7.4715e-01 1.2174e-02 4.5201e-02 7.1922e-01 8.0472e-01 1.3728e-02 1.0448e-01 0.0000e+00 0.0000e+00 0.0000e+00 0.0 0.0 0.0 0.0 0.0 0.0 0.0 0.0 0.0 0.0 0.0 0.0 0.0 0.0 0.0 0.0 0.0 0.0
7.8701e-01 5.7401e-03 1.2180e-01 6.8899e-01 7.6314e-01 2.1455e-02 3.0870e-02 0.0000e+00 0.0000e+00 0.0000e+00 0.0 0.0 0.0 0.0 0.0 0.0 0.0 0.0 0.0 0.0 0.0 0.0 0.0 0.0 0.0 0.0 0.0 0.0
8.9414e-01 2.7769e-03 1.4972e-01 8.9509e-01 5.6599e-01 2.1118e-02 3.7323e-02 0.0000e+00 0.0000e+00 0.0000e+00 0.0 0.0 0.0 0.0 0.0 0.0 0.0 0.0 0.0 0.0 0.0 0.0 0.0 0.0 0.0 0.0 0.0 0.0
7.2113e-01 7.5369e-03 7.4816e-02 9.9270e-01 9.4219e-01 1.5331e-02 1.3059e-01 0.0000e+00 0.0000e+00 0.0000e+00 0.0 0.0 0.0 0.0 0.0 0.0 0.0 0.0 0.0 0.0 0.0 0.0 0.0 0.0 0.0 0.0 0.0 0.0
9.1716e-01 2.4909e-02 1.2931e-01 6.3990e-01 6.9185e-01 1.4228e-03 7.6087e-02 0.0000e+00 0.0000e+00 0.0000e+00 0.0 0.0 0.0 0.0 0.0 0.0 0.0 0.0 0.0 0.0 0.0 0.0 0.0 0.0 0.0 0.0 0.0 0.0
8.3097e-01 1.6387e-02 1.2245e-01 8.3705e-01 7.7879e-01 1.7628e-02 5.2270e-02 0.0000e+00 0.0000e+00 0.0000e+00 0.0 0.0 0.0 0.0 0.0 0.0 0.0 0.0 0.0 0.0 0.0 0.0 0.0 0.0 0.0 0.0 0.0 0.0
5.6065e-01 1.1075e-02 4.7211e-02 7.9580e-01 8.5253e-01 4.8694e-03 1.1408e-01 0.0000e+00 0.0000e+00 0.0000e+00 0.0 0.0 0.0 0.0 0.0 0.0 0.0 0.0 0.0 0.0 0.0 0.0 0.0 0.0 0.0 0.0 0.0 0.0
7.1633e-01 2.4264e-02 7.4430e-02 8.7011e-01 9.6545e-01 4.5723e-03 1.4696e-01 0.0000e+00 0.0000e+00 0.0000e+00 0.0 0.0 0.0 0.0 0.0 0.0 0.0 0.0 0.0 0.0 0.0 0.0 0.0 0.0 0.0 0.0 0.0 0.0
6.7431e-01 3.0063e-03 5.4293e-02 9.7511e-01 8.3843e-01 1.6557e-02 1.2644e-01 0.0000e+00 0.0000e+00 0.0000e+00 0.0 0.0 0.0 0.0 0.0 0.0 0.0 0.0 0.0 0.0 0.0 0.0 0.0 0.0 0.0 0.0 0.0 0.0
9.5023e-01 5.1876e-03 1.5909e-01 9.3641e-01 7.8748e-01 2.1168e-02 6.8874e-02 0.0000e+00 0.0000e+00 0.0000e+00 0.0 0.0 0.0 0.0 0.0 0.0 0.0 0.0 0.0 0.0 0.0 0.0 0.0 0.0 0.0 0.0 0.0 0.0
7.8996e-01 6.9921e-03 6.5254e-02 9.9901e-01 9.0220e-01 1.7268e-02 1.3922e-01 0.0000e+00 0.0000e+00 0.0000e+00 0.0 0.0 0.0 0.0 0.0 0.0 0.0 0.0 0.0 0.0 0.0 0.0 0.0 0.0 0.0 0.0 0.0 0.0
6.4305e-01 1.0333e-02 4.5768e-02 8.9668e-01 8.7171e-01 1.1414e-02 1.4918e-01 0.0000e+00 0.0000e+00 0.0000e+00 0.0 0.0 0.0 0.0 0.0 0.0 0.0 0.0 0.0 0.0 0.0 0.0 0.0 0.0 0.0 0.0 0.0 0.0
7.1270e-01 7.1824e-04 8.1840e-02 7.8337e-01 8.7750e-01 1.8793e-02 1.2232e-01 0.0000e+00 0.0000e+00 0.0000e+00 0.0 0.0 0.0 0.0 0.0 0.0 0.0 0.0 0.0 0.0 0.0 0.0 0.0 0.0 0.0 0.0 0.0 0.0
9.2160e-01 1.9807e-02 1.2689e-01 1.0355e+00 7.5084e-01 7.5874e-03 7.9446e-02 0.0000e+00 0.0000e+00 0.0000e+00 0.0 0.0 0.0 0.0 0.0 0.0 0.0 0.0 0.0 0.0 0.0 0.0 0.0 0.0 0.0 0.0 0.0 0.0
8.8661e-01 1.7069e-02 1.2917e-01 6.7510e-01 7.1698e-01 2.6951e-03 7.1581e-02 0.0000e+00 0.0000e+00 0.0000e+00 0.0 0.0 0.0 0.0 0.0 0.0 0.0 0.0 0.0 0.0 0.0 0.0 0.0 0.0 0.0 0.0 0.0 0.0
6.3427e-01 8.8305e-03 5.8390e-02 9.1027e-01 9.1325e-01 3.6372e-03 1.7135e-01 0.0000e+00 0.0000e+00 0.0000e+00 0.0 0.0 0.0 0.0 0.0 0.0 0.0 0.0 0.0 0.0 0.0 0.0 0.0 0.0 0.0 0.0 0.0 0.0
5.7808e-01 6.8130e-03 5.6092e-02 9.6399e-01 8.7312e-01 8.8257e-03 1.4137e-01 0.0000e+00 0.0000e+00 0.0000e+00 0.0 0.0 0.0 0.0 0.0 0.0 0.0 0.0 0.0 0.0 0.0 0.0 0.0 0.0 0.0 0.0 0.0 0.0
7.9857e-01 1.5728e-03 8.4070e-02 9.8657e-01 9.1896e-01 2.6348e-02 1.1713e-01 0.0000e+00 0.0000e+00 0.0000e+00 0.0 0.0 0.0 0.0 0.0 0.0 0.0 0.0 0.0 0.0 0.0 0.0 0.0 0.0 0.0 0.0 0.0 0.0
7.0219e-01 9.2130e-03 6.3784e-02 8.3312e-01 9.1350e-01 2.4719e-02 1.2168e-01 0.0000e+00 0.0000e+00 0.0000e+00 0.0 0.0 0.0 0.0 0.0 0.0 0.0 0.0 0.0 0.0 0.0 0.0 0.0 0.0 0.0 0.0 0.0 0.0
8.2451e-01 2.4089e-03 1.3203e-01 9.8347e-01 8.6882e-01 2.3872e-02 4.3297e-02 0.0000e+00 0.0000e+00 0.0000e+00 0.0 0.0 0.0 0.0 0.0 0.0 0.0 0.0 0.0 0.0 0.0 0.0 0.0 0.0 0.0 0.0 0.0 0.0
8.1469e-01 1.9199e-02 1.0221e-01 8.6240e-01 6.6132e-01 8.0822e-03 3.1478e-02 0.0000e+00 0.0000e+00 0.0000e+00 0.0 0.0 0.0 0.0 0.0 0.0 0.0 0.0 0.0 0.0 0.0 0.0 0.0 0.0 0.0 0.0 0.0 0.0
7.5674e-01 8.0461e-03 7.2532e-02 9.6610e-01 9.0652e-01 1.5137e-02 1.1593e-01 0.0000e+00 0.0000e+00 0.0000e+00 0.0 0.0 0.0 0.0 0.0 0.0 0.0 0.0 0.0 0.0 0.0 0.0 0.0 0.0 0.0 0.0 0.0 0.0
8.5411e-01 1.8001e-02 1.0325e-01 9.8424e-01 7.8698e-01 7.4737e-03 6.3091e-02 0.0000e+00 0.0000e+00 0.0000e+00 0.0 0.0 0.0 0.0 0.0 0.0 0.0 0.0 0.0 0.0 0.0 0.0 0.0 0.0 0.0 0.0 0.0 0.0
8.3694e-01 1.1869e-02 1.0821e-01 9.2526e-01 7.1573e-01 1.2664e-02 3.9630e-02 0.0000e+00 0.0000e+00 0.0000e+00 0.0 0.0 0.0 0.0 0.0 0.0 0.0 0.0 0.0 0.0 0.0 0.0 0.0 0.0 0.0 0.0 0.0 0.0
9.0276e-01 8.9143e-03 4.3205e-02 9.2512e-01 8.2108e-01 2.2121e-02 1.1139e-01 0.0000e+00 0.0000e+00 0.0000e+00 0.0 0.0 0.0 0.0 0.0 0.0 0.0 0.0 0.0 0.0 0.0 0.0 0.0 0.0 0.0 0.0 0.0 0.0
6.5935e-01 1.3362e-02 5.4898e-02 9.7977e-01 8.7437e-01 1.2802e-02 1.2862e-01 0.0000e+00 0.0000e+00 0.0000e+00 0.0 0.0 0.0 0.0 0.0 0.0 0.0 0.0 0.0 0.0 0.0 0.0 0.0 0.0 0.0 0.0 0.0 0.0
8.7625e-01 5.0618e-03 1.2455e-01 9.6439e-01 6.7660e-01 4.4198e-03 6.6559e-02 0.0000e+00 0.0000e+00 0.0000e+00 0.0 0.0 0.0 0.0 0.0 0.0 0.0 0.0 0.0 0.0 0.0 0.0 0.0 0.0 0.0 0.0 0.0 0.0
7.8761e-01 5.2540e-03 1.2027e-01 7.2011e-01 8.2149e-01 2.4136e-02 3.2558e-02 0.0000e+00 0.0000e+00 0.0000e+00 0.0 0.0 0.0 0.0 0.0 0.0 0.0 0.0 0.0 0.0 0.0 0.0 0.0 0.0 0.0 0.0 0.0 0.0
8.3025e-01 7.9386e-03 1.2247e-01 8.6883e-01 6.5136e-01 1.1481e-02 5.4680e-02 0.0000e+00 0.0000e+00 0.0000e+00 0.0 0.0 0.0 0.0 0.0 0.0 0.0 0.0 0.0 0.0 0.0 0.0 0.0 0.0 0.0 0.0 0.0 0.0
5.8621e-01 1.5952e-02 4.8477e-02 9.9138e-01 9.1690e-01 3.6656e-03 1.6331e-01 0.0000e+00 0.0000e+00 0.0000e+00 0.0 0.0 0.0 0.0 0.0 0.0 0.0 0.0 0.0 0.0 0.0 0.0 0.0 0.0 0.0 0.0 0.0 0.0
9.1676e-01 1.3190e-02 1.2635e-01 1.0164e+00 6.9602e-01 8.6237e-03 6.0749e-02 0.0000e+00 0.0000e+00 0.0000e+00 0.0 0.0 0.0 0.0 0.0 0.0 0.0 0.0 0.0 0.0 0.0 0.0 0.0 0.0 0.0 0.0 0.0 0.0
7.0682e-01 1.9632e-02 5.0666e-02 7.2355e-01 8.4311e-01 4.7468e-03 1.3815e-01 0.0000e+00 0.0000e+00 0.0000e+00 0.0 0.0 0.0 0.0 0.0 0.0 0.0 0.0 0.0 0.0 0.0 0.0 0.0 0.0 0.0 0.0 0.0 0.0
8.6615e-01 8.0557e-03 1.2354e-01 7.5290e-01 7.6200e-01 1.7623e-02 4.7237e-02 0.0000e+00 0.0000e+00 0.0000e+00 0.0 0.0 0.0 0.0 0.0 0.0 0.0 0.0 0.0 0.0 0.0 0.0 0.0 0.0 0.0 0.0 0.0 0.0
7.4644e-01 1.6153e-02 3.7943e-02 8.7475e-01 8.6008e-01 8.7152e-03 1.2470e-01 0.0000e+00 0.0000e+00 0.0000e+00 0.0 0.0 0.0 0.0 0.0 0.0 0.0 0.0 0.0 0.0 0.0 0.0 0.0 0.0 0.0 0.0 0.0 0.0
8.8343e-01 2.6538e-02 1.0457e-01 9.0206e-01 8.0089e-01 1.7001e-03 8.2106e-02 0.0000e+00 0.0000e+00 0.0000e+00 0.0 0.0 0.0 0.0 0.0 0.0 0.0 0.0 0.0 0.0 0.0 0.0 0.0 0.0 0.0 0.0 0.0 0.0
8.8786e-01 3.8403e-03 9.7815e-02 8.0347e-01 8.6281e-01 2.6498e-02 1.0806e-01 0.0000e+00 0.0000e+00 0.0000e+00 0.0 0.0 0.0 0.0 0.0 0.0 0.0 0.0 0.0 0.0 0.0 0.0 0.0 0.0 0.0 0.0 0.0 0.0
9.5170e-01 7.8055e-04 1.7658e-01 9.5186e-01 6.5964e-01 1.2230e-02 7.0649e-02 0.0000e+00 0.0000e+00 0.0000e+00 0.0 0.0 0.0 0.0 0.0 0.0 0.0 0.0 0.0 0.0 0.0 0.0 0.0 0.0 0.0 0.0 0.0 0.0
6.3976e-01 1.6195e-02 4.2526e-02 9.7775e-01 8.7826e-01 1.3985e-02 1.2260e-01 0.0000e+00 0.0000e+00 0.0000e+00 0.0 0.0 0.0 0.0 0.0 0.0 0.0 0.0 0.0 0.0 0.0 0.0 0.0 0.0 0.0 0.0 0.0 0.0
9.4959e-01 2.3768e-02 1.4786e-01 8.1370e-01 7.5644e-01 1.1082e-02 9.0846e-02 0.0000e+00 0.0000e+00 0.0000e+00 0.0 0.0 0.0 0.0 0.0 0.0 0.0 0.0 0.0 0.0 0.0 0.0 0.0 0.0 0.0 0.0 0.0 0.0
7.8649e-01 2.2574e-02 6.6993e-02 8.8068e-01 9.4968e-01 9.0029e-03 1.4785e-01 0.0000e+00 0.0000e+00 0.0000e+00 0.0 0.0 0.0 0.0 0.0 0.0 0.0 0.0 0.0 0.0 0.0 0.0 0.0 0.0 0.0 0.0 0.0 0.0
5.7731e-01 2.4516e-03 6.4474e-02 9.0233e-01 9.3858e-01 1.3321e-02 1.7198e-01 0.0000e+00 0.0000e+00 0.0000e+00 0.0 0.0 0.0 0.0 0.0 0.0 0.0 0.0 0.0 0.0 0.0 0.0 0.0 0.0 0.0 0.0 0.0 0.0
7.9649e-01 1.4508e-03 8.6691e-02 8.8653e-01 8.8581e-01 2.3649e-02 1.2854e-01 0.0000e+00 0.0000e+00 0.0000e+00 0.0 0.0 0.0 0.0 0.0 0.0 0.0 0.0 0.0 0.0 0.0 0.0 0.0 0.0 0.0 0.0 0.0 0.0
8.9282e-01 2.4915e-03 5.9260e-02 9.1331e-01 7.9885e-01 2.2366e-02 1.1052e-01 0.0000e+00 0.0000e+00 0.0000e+00 0.0 0.0 0.0 0.0 0.0 0.0 0.0 0.0 0.0 0.0 0.0 0.0 0.0 0.0 0.0 0.0 0.0 0.0
7.4472e-01 2.5118e-02 4.2231e-02 8.9731e-01 9.0966e-01 5.9697e-03 1.4591e-01 0.0000e+00 0.0000e+00 0.0000e+00 0.0 0.0 0.0 0.0 0.0 0.0 0.0 0.0 0.0 0.0 0.0 0.0 0.0 0.0 0.0 0.0 0.0 0.0
7.0037e-01 1.1763e-02 2.7053e-02 9.3961e-01 8.2680e-01 1.9536e-02 1.1161e-01 0.0000e+00 0.0000e+00 0.0000e+00 0.0 0.0 0.0 0.0 0.0 0.0 0.0 0.0 0.0 0.0 0.0 0.0 0.0 0.0 0.0 0.0 0.0 0.0
8.0727e-01 1.7883e-02 6.6586e-02 7.6643e-01 8.8512e-01 1.0659e-02 1.3560e-01 0.0000e+00 0.0000e+00 0.0000e+00 0.0 0.0 0.0 0.0 0.0 0.0 0.0 0.0 0.0 0.0 0.0 0.0 0.0 0.0 0.0 0.0 0.0 0.0
9.2639e-01 1.2995e-02 1.2776e-01 8.4162e-01 7.2281e-01 2.2004e-02 5.6803e-02 0.0000e+00 0.0000e+00 0.0000e+00 0.0 0.0 0.0 0.0 0.0 0.0 0.0 0.0 0.0 0.0 0.0 0.0 0.0 0.0 0.0 0.0 0.0 0.0
6.2181e-01 2.2225e-02 4.9077e-02 8.6091e-01 9.1124e-01 1.3969e-03 1.5713e-01 0.0000e+00 0.0000e+00 0.0000e+00 0.0 0.0 0.0 0.0 0.0 0.0 0.0 0.0 0.0 0.0 0.0 0.0 0.0 0.0 0.0 0.0 0.0 0.0
8.5936e-01 2.2324e-03 1.1845e-01 7.7179e-01 6.3929e-01 1.4390e-02 5.4233e-02 0.0000e+00 0.0000e+00 0.0000e+00 0.0 0.0 0.0 0.0 0.0 0.0 0.0 0.0 0.0 0.0 0.0 0.0 0.0 0.0 0.0 0.0 0.0 0.0
6.0345e-01 1.4306e-02 3.4161e-02 6.7269e-01 8.2247e-01 1.5067e-02 1.1516e-01 0.0000e+00 0.0000e+00 0.0000e+00 0.0 0.0 0.0 0.0 0.0 0.0 0.0 0.0 0.0 0.0 0.0 0.0 0.0 0.0 0.0 0.0 0.0 0.0
5.1817e-01 1.1094e-02 2.3279e-02 7.8727e-01 7.8690e-01 1.2396e-02 1.1789e-01 0.0000e+00 0.0000e+00 0.0000e+00 0.0 0.0 0.0 0.0 0.0 0.0 0.0 0.0 0.0 0.0 0.0 0.0 0.0 0.0 0.0 0.0 0.0 0.0
8.9740e-01 1.2824e-02 1.5401e-01 9.0210e-01 6.4539e-01 7.1006e-03 5.1524e-02 0.0000e+00 0.0000e+00 0.0000e+00 0.0 0.0 0.0 0.0 0.0 0.0 0.0 0.0 0.0 0.0 0.0 0.0 0.0 0.0 0.0 0.0 0.0 0.0
9.0621e-01 1.8195e-02 1.2389e-01 6.7823e-01 7.3641e-01 8.2406e-03 7.2333e-02 0.0000e+00 0.0000e+00 0.0000e+00 0.0 0.0 0.0 0.0 0.0 0.0 0.0 0.0 0.0 0.0 0.0 0.0 0.0 0.0 0.0 0.0 0.0 0.0
8.8687e-01 1.9275e-02 1.2886e-01 7.9511e-01 7.2147e-01 1.9049e-02 4.5747e-02 0.0000e+00 0.0000e+00 0.0000e+00 0.0 0.0 0.0 0.0 0.0 0.0 0.0 0.0 0.0 0.0 0.0 0.0 0.0 0.0 0.0 0.0 0.0 0.0
6.8385e-01 1.3389e-02 3.1539e-02 1.0065e+00 8.3399e-01 7.2384e-03 1.2543e-01 0.0000e+00 0.0000e+00 0.0000e+00 0.0 0.0 0.0 0.0 0.0 0.0 0.0 0.0 0.0 0.0 0.0 0.0 0.0 0.0 0.0 0.0 0.0 0.0
7.4882e-01 3.2899e-04 7.5058e-02 8.6792e-01 9.3034e-01 1.9066e-02 1.4812e-01 0.0000e+00 0.0000e+00 0.0000e+00 0.0 0.0 0.0 0.0 0.0 0.0 0.0 0.0 0.0 0.0 0.0 0.0 0.0 0.0 0.0 0.0 0.0 0.0
7.5713e-01 2.1950e-02 2.6267e-02 7.6576e-01 8.2113e-01 9.1257e-03 1.2423e-01 0.0000e+00 0.0000e+00 0.0000e+00 0.0 0.0 0.0 0.0 0.0 0.0 0.0 0.0 0.0 0.0 0.0 0.0 0.0 0.0 0.0 0.0 0.0 0.0
9.1024e-01 1.3087e-02 1.2442e-01 9.4272e-01 8.1760e-01 1.8136e-02 8.6176e-02 0.0000e+00 0.0000e+00 0.0000e+00 0.0 0.0 0.0 0.0 0.0 0.0 0.0 0.0 0.0 0.0 0.0 0.0 0.0 0.0 0.0 0.0 0.0 0.0
7.1368e-01 1.8763e-02 8.1132e-02 7.5244e-01 9.5198e-01 9.0731e-03 1.5061e-01 0.0000e+00 0.0000e+00 0.0000e+00 0.0 0.0 0.0 0.0 0.0 0.0 0.0 0.0 0.0 0.0 0.0 0.0 0.0 0.0 0.0 0.0 0.0 0.0
8.8901e-01 1.5135e-02 4.4727e-02 8.6383e-01 7.7319e-01 1.5478e-02 1.0891e-01 0.0000e+00 0.0000e+00 0.0000e+00 0.0 0.0 0.0 0.0 0.0 0.0 0.0 0.0 0.0 0.0 0.0 0.0 0.0 0.0 0.0 0.0 0.0 0.0
7.3845e-01 1.9530e-02 2.1876e-02 8.4256e-01 7.8388e-01 3.8700e-03 1.2462e-01 0.0000e+00 0.0000e+00 0.0000e+00 0.0 0.0 0.0 0.0 0.0 0.0 0.0 0.0 0.0 0.0 0.0 0.0 0.0 0.0 0.0 0.0 0.0 0.0
8.8628e-01 9.7873e-03 1.1346e-01 9.2443e-01 7.2393e-01 1.7201e-02 6.1781e-02 0.0000e+00 0.0000e+00 0.0000e+00 0.0 0.0 0.0 0.0 0.0 0.0 0.0 0.0 0.0 0.0 0.0 0.0 0.0 0.0 0.0 0.0 0.0 0.0
7.5995e-01 4.9196e-03 7.7991e-02 7.7870e-01 8.8119e-01 1.7027e-02 1.2683e-01 0.0000e+00 0.0000e+00 0.0000e+00 0.0 0.0 0.0 0.0 0.0 0.0 0.0 0.0 0.0 0.0 0.0 0.0 0.0 0.0 0.0 0.0 0.0 0.0
9.2107e-01 2.5593e-02 1.1249e-01 8.2836e-01 8.1109e-01 5.8322e-03 1.0213e-01 0.0000e+00 0.0000e+00 0.0000e+00 0.0 0.0 0.0 0.0 0.0 0.0 0.0 0.0 0.0 0.0 0.0 0.0 0.0 0.0 0.0 0.0 0.0 0.0
8.7024e-01 1.3979e-02 1.4253e-01 9.7570e-01 6.4972e-01 6.8327e-04 5.8315e-02 0.0000e+00 0.0000e+00 0.0000e+00 0.0 0.0 0.0 0.0 0.0 0.0 0.0 0.0 0.0 0.0 0.0 0.0 0.0 0.0 0.0 0.0 0.0 0.0
9.1605e-01 2.3307e-02 1.2375e-01 9.1411e-01 6.7409e-01 5.1264e-03 6.0157e-02 0.0000e+00 0.0000e+00 0.0000e+00 0.0 0.0 0.0 0.0 0.0 0.0 0.0 0.0 0.0 0.0 0.0 0.0 0.0 0.0 0.0 0.0 0.0 0.0
8.5972e-01 3.3161e-03 1.3331e-01 9.0489e-01 6.3348e-01 1.6858e-02 5.1033e-02 0.0000e+00 0.0000e+00 0.0000e+00 0.0 0.0 0.0 0.0 0.0 0.0 0.0 0.0 0.0 0.0 0.0 0.0 0.0 0.0 0.0 0.0 0.0 0.0
8.6872e-01 5.2910e-03 1.3776e-01 8.3975e-01 6.6799e-01 1.5048e-03 6.4870e-02 0.0000e+00 0.0000e+00 0.0000e+00 0.0 0.0 0.0 0.0 0.0 0.0 0.0 0.0 0.0 0.0 0.0 0.0 0.0 0.0 0.0 0.0 0.0 0.0
7.9920e-01 3.0184e-03 1.2001e-01 9.5779e-01 5.9254e-01 3.2103e-03 3.4495e-02 0.0000e+00 0.0000e+00 0.0000e+00 0.0 0.0 0.0 0.0 0.0 0.0 0.0 0.0 0.0 0.0 0.0 0.0 0.0 0.0 0.0 0.0 0.0 0.0
8.7859e-01 2.3554e-03 1.5243e-01 7.8928e-01 6.2471e-01 2.0405e-02 4.6794e-02 0.0000e+00 0.0000e+00 0.0000e+00 0.0 0.0 0.0 0.0 0.0 0.0 0.0 0.0 0.0 0.0 0.0 0.0 0.0 0.0 0.0 0.0 0.0 0.0
7.5634e-01 9.1953e-03 6.7467e-02 9.1887e-01 9.0698e-01 1.2305e-02 1.3339e-01 0.0000e+00 0.0000e+00 0.0000e+00 0.0 0.0 0.0 0.0 0.0 0.0 0.0 0.0 0.0 0.0 0.0 0.0 0.0 0.0 0.0 0.0 0.0 0.0
6.9096e-01 9.3004e-04 6.9096e-02 7.7419e-01 9.0050e-01 1.4350e-02 1.4516e-01 0.0000e+00 0.0000e+00 0.0000e+00 0.0 0.0 0.0 0.0 0.0 0.0 0.0 0.0 0.0 0.0 0.0 0.0 0.0 0.0 0.0 0.0 0.0 0.0
8.2714e-01 4.3326e-03 1.2002e-01 7.6752e-01 6.5378e-01 2.2394e-02 2.8452e-02 0.0000e+00 0.0000e+00 0.0000e+00 0.0 0.0 0.0 0.0 0.0 0.0 0.0 0.0 0.0 0.0 0.0 0.0 0.0 0.0 0.0 0.0 0.0 0.0
8.1964e-01 1.0332e-02 4.2571e-02 8.2634e-01 8.1840e-01 2.3381e-02 1.1473e-01 0.0000e+00 0.0000e+00 0.0000e+00 0.0 0.0 0.0 0.0 0.0 0.0 0.0 0.0 0.0 0.0 0.0 0.0 0.0 0.0 0.0 0.0 0.0 0.0
6.1047e-01 1.8225e-02 4.3527e-02 7.0226e-01 8.6099e-01 7.0040e-03 1.4252e-01 0.0000e+00 0.0000e+00 0.0000e+00 0.0 0.0 0.0 0.0 0.0 0.0 0.0 0.0 0.0 0.0 0.0 0.0 0.0 0.0 0.0 0.0 0.0 0.0
9.0301e-01 7.5488e-04 1.5032e-01 6.6657e-01 7.3381e-01 2.1205e-02 5.6456e-02 0.0000e+00 0.0000e+00 0.0000e+00 0.0 0.0 0.0 0.0 0.0 0.0 0.0 0.0 0.0 0.0 0.0 0.0 0.0 0.0 0.0 0.0 0.0 0.0
7.4092e-01 1.9572e-02 2.6029e-02 8.3539e-01 8.1350e-01 1.7062e-03 1.2255e-01 0.0000e+00 0.0000e+00 0.0000e+00 0.0 0.0 0.0 0.0 0.0 0.0 0.0 0.0 0.0 0.0 0.0 0.0 0.0 0.0 0.0 0.0 0.0 0.0
9.6573e-01 1.5832e-02 1.6659e-01 8.2374e-01 7.4146e-01 2.0556e-02 7.0451e-02 0.0000e+00 0.0000e+00 0.0000e+00 0.0 0.0 0.0 0.0 0.0 0.0 0.0 0.0 0.0 0.0 0.0 0.0 0.0 0.0 0.0 0.0 0.0 0.0
5.3861e-01 4.7554e-03 6.4806e-02 8.7920e-01 9.2521e-01 6.8131e-04 1.4743e-01 0.0000e+00 0.0000e+00 0.0000e+00 0.0 0.0 0.0 0.0 0.0 0.0 0.0 0.0 0.0 0.0 0.0 0.0 0.0 0.0 0.0 0.0 0.0 0.0
8.7717e-01 2.0417e-02 1.0188e-01 9.2326e-01 8.2234e-01 8.9262e-03 8.1690e-02 0.0000e+00 0.0000e+00 0.0000e+00 0.0 0.0 0.0 0.0 0.0 0.0 0.0 0.0 0.0 0.0 0.0 0.0 0.0 0.0 0.0 0.0 0.0 0.0
7.1623e-01 5.0863e-03 3.5225e-02 9.6388e-01 8.0318e-01 1.7062e-02 1.1420e-01 0.0000e+00 0.0000e+00 0.0000e+00 0.0 0.0 0.0 0.0 0.0 0.0 0.0 0.0 0.0 0.0 0.0 0.0 0.0 0.0 0.0 0.0 0.0 0.0
8.9255e-01 3.4748e-03 1.5294e-01 7.7100e-01 6.6600e-01 1.1687e-02 5.5754e-02 0.0000e+00 0.0000e+00 0.0000e+00 0.0 0.0 0.0 0.0 0.0 0.0 0.0 0.0 0.0 0.0 0.0 0.0 0.0 0.0 0.0 0.0 0.0 0.0
8.2301e-01 7.8077e-03 1.1391e-01 9.3883e-01 6.7223e-01 1.6883e-03 6.0131e-02 0.0000e+00 0.0000e+00 0.0000e+00 0.0 0.0 0.0 0.0 0.0 0.0 0.0 0.0 0.0 0.0 0.0 0.0 0.0 0.0 0.0 0.0 0.0 0.0
8.2663e-01 1.4909e-02 1.0605e-01 8.5359e-01 7.0702e-01 8.5666e-03 4.0744e-02 0.0000e+00 0.0000e+00 0.0000e+00 0.0 0.0 0.0 0.0 0.0 0.0 0.0 0.0 0.0 0.0 0.0 0.0 0.0 0.0 0.0 0.0 0.0 0.0
9.2366e-01 2.0522e-02 1.3108e-01 6.5144e-01 7.0947e-01 1.2434e-02 7.1905e-02 0.0000e+00 0.0000e+00 0.0000e+00 0.0 0.0 0.0 0.0 0.0 0.0 0.0 0.0 0.0 0.0 0.0 0.0 0.0 0.0 0.0 0.0 0.0 0.0
8.3555e-01 6.6160e-03 6.2520e-02 8.6616e-01 8.2555e-01 1.8453e-02 1.1924e-01 0.0000e+00 0.0000e+00 0.0000e+00 0.0 0.0 0.0 0.0 0.0 0.0 0.0 0.0 0.0 0.0 0.0 0.0 0.0 0.0 0.0 0.0 0.0 0.0
7.9069e-01 2.2360e-02 2.9763e-02 9.2936e-01 8.0173e-01 5.4271e-03 1.2357e-01 0.0000e+00 0.0000e+00 0.0000e+00 0.0 0.0 0.0 0.0 0.0 0.0 0.0 0.0 0.0 0.0 0.0 0.0 0.0 0.0 0.0 0.0 0.0 0.0
9.1836e-01 5.7212e-03 1.4873e-01 1.0411e+00 5.5632e-01 5.4133e-03 5.6892e-02 0.0000e+00 0.0000e+00 0.0000e+00 0.0 0.0 0.0 0.0 0.0 0.0 0.0 0.0 0.0 0.0 0.0 0.0 0.0 0.0 0.0 0.0 0.0 0.0
9.0680e-01 5.4381e-03 1.4963e-01 8.0978e-01 8.3671e-01 2.5354e-02 6.9070e-02 0.0000e+00 0.0000e+00 0.0000e+00 0.0 0.0 0.0 0.0 0.0 0.0 0.0 0.0 0.0 0.0 0.0 0.0 0.0 0.0 0.0 0.0 0.0 0.0
7.6254e-01 1.7419e-02 1.0243e-01 8.1097e-01 7.5450e-01 9.2795e-03 3.4858e-02 0.0000e+00 0.0000e+00 0.0000e+00 0.0 0.0 0.0 0.0 0.0 0.0 0.0 0.0 0.0 0.0 0.0 0.0 0.0 0.0 0.0 0.0 0.0 0.0
8.5044e-01 2.0079e-02 6.1475e-02 9.0607e-01 8.4572e-01 2.2740e-03 1.2014e-01 0.0000e+00 0.0000e+00 0.0000e+00 0.0 0.0 0.0 0.0 0.0 0.0 0.0 0.0 0.0 0.0 0.0 0.0 0.0 0.0 0.0 0.0 0.0 0.0
8.1516e-01 1.1994e-02 7.7928e-02 9.4723e-01 9.1064e-01 1.6487e-02 1.2335e-01 0.0000e+00 0.0000e+00 0.0000e+00 0.0 0.0 0.0 0.0 0.0 0.0 0.0 0.0 0.0 0.0 0.0 0.0 0.0 0.0 0.0 0.0 0.0 0.0
7.5500e-01 6.4660e-03 6.8515e-02 9.7331e-01 9.2491e-01 1.8668e-02 1.2619e-01 0.0000e+00 0.0000e+00 0.0000e+00 0.0 0.0 0.0 0.0 0.0 0.0 0.0 0.0 0.0 0.0 0.0 0.0 0.0 0.0 0.0 0.0 0.0 0.0
5.3793e-01 2.1957e-03 4.0272e-02 7.1964e-01 7.7007e-01 1.2289e-02 1.0859e-01 0.0000e+00 0.0000e+00 0.0000e+00 0.0 0.0 0.0 0.0 0.0 0.0 0.0 0.0 0.0 0.0 0.0 0.0 0.0 0.0 0.0 0.0 0.0 0.0
8.2354e-01 1.1084e-02 5.7069e-02 9.6063e-01 8.7728e-01 2.3762e-02 1.1270e-01 0.0000e+00 0.0000e+00 0.0000e+00 0.0 0.0 0.0 0.0 0.0 0.0 0.0 0.0 0.0 0.0 0.0 0.0 0.0 0.0 0.0 0.0 0.0 0.0
5.9678e-01 1.0368e-02 4.0532e-02 8.4717e-01 7.9768e-01 1.1761e-02 1.1697e-01 0.0000e+00 0.0000e+00 0.0000e+00 0.0 0.0 0.0 0.0 0.0 0.0 0.0 0.0 0.0 0.0 0.0 0.0 0.0 0.0 0.0 0.0 0.0 0.0
7.2822e-01 5.7718e-03 5.3032e-02 8.0845e-01 8.8297e-01 2.5927e-02 1.2065e-01 0.0000e+00 0.0000e+00 0.0000e+00 0.0 0.0 0.0 0.0 0.0 0.0 0.0 0.0 0.0 0.0 0.0 0.0 0.0 0.0 0.0 0.0 0.0 0.0
8.6719e-01 8.1574e-04 1.3749e-01 8.7162e-01 8.5675e-01 2.4373e-02 7.2905e-02 0.0000e+00 0.0000e+00 0.0000e+00 0.0 0.0 0.0 0.0 0.0 0.0 0.0 0.0 0.0 0.0 0.0 0.0 0.0 0.0 0.0 0.0 0.0 0.0
5.6118e-01 9.2674e-03 5.8569e-02 9.7646e-01 9.2047e-01 6.7667e-03 1.5399e-01 0.0000e+00 0.0000e+00 0.0000e+00 0.0 0.0 0.0 0.0 0.0 0.0 0.0 0.0 0.0 0.0 0.0 0.0 0.0 0.0 0.0 0.0 0.0 0.0
8.9465e-01 1.1634e-02 1.1873e-01 8.8577e-01 5.7582e-01 1.0306e-02 5.2074e-02 0.0000e+00 0.0000e+00 0.0000e+00 0.0 0.0 0.0 0.0 0.0 0.0 0.0 0.0 0.0 0.0 0.0 0.0 0.0 0.0 0.0 0.0 0.0 0.0
5.2889e-01 6.2010e-03 4.4306e-02 7.4811e-01 8.2932e-01 1.1151e-03 1.1947e-01 0.0000e+00 0.0000e+00 0.0000e+00 0.0 0.0 0.0 0.0 0.0 0.0 0.0 0.0 0.0 0.0 0.0 0.0 0.0 0.0 0.0 0.0 0.0 0.0
6.6129e-01 1.6577e-02 5.2827e-02 8.7187e-01 9.2979e-01 1.6618e-02 1.3855e-01 0.0000e+00 0.0000e+00 0.0000e+00 0.0 0.0 0.0 0.0 0.0 0.0 0.0 0.0 0.0 0.0 0.0 0.0 0.0 0.0 0.0 0.0 0.0 0.0
8.6804e-01 1.4491e-02 1.3203e-01 6.4331e-01 6.7372e-01 1.4954e-02 4.7978e-02 0.0000e+00 0.0000e+00 0.0000e+00 0.0 0.0 0.0 0.0 0.0 0.0 0.0 0.0 0.0 0.0 0.0 0.0 0.0 0.0 0.0 0.0 0.0 0.0
8.5537e-01 3.8284e-03 1.3372e-01 9.8066e-01 6.9468e-01 8.8535e-03 4.4817e-02 0.0000e+00 0.0000e+00 0.0000e+00 0.0 0.0 0.0 0.0 0.0 0.0 0.0 0.0 0.0 0.0 0.0 0.0 0.0 0.0 0.0 0.0 0.0 0.0
7.1821e-01 1.2184e-02 3.0617e-02 8.1378e-01 7.8412e-01 1.1462e-02 1.1578e-01 0.0000e+00 0.0000e+00 0.0000e+00 0.0 0.0 0.0 0.0 0.0 0.0 0.0 0.0 0.0 0.0 0.0 0.0 0.0 0.0 0.0 0.0 0.0 0.0
8.5163e-01 1.6933e-02 1.1787e-01 8.3061e-01 7.5349e-01 3.7740e-03 7.4638e-02 0.0000e+00 0.0000e+00 0.0000e+00 0.0 0.0 0.0 0.0 0.0 0.0 0.0 0.0 0.0 0.0 0.0 0.0 0.0 0.0 0.0 0.0 0.0 0.0
7.3804e-01 6.4470e-03 8.2736e-02 9.5792e-01 9.6135e-01 1.9422e-02 1.4062e-01 0.0000e+00 0.0000e+00 0.0000e+00 0.0 0.0 0.0 0.0 0.0 0.0 0.0 0.0 0.0 0.0 0.0 0.0 0.0 0.0 0.0 0.0 0.0 0.0
8.4531e-01 1.7777e-02 1.2416e-01 9.5487e-01 6.3434e-01 3.6070e-03 4.3927e-02 0.0000e+00 0.0000e+00 0.0000e+00 0.0 0.0 0.0 0.0 0.0 0.0 0.0 0.0 0.0 0.0 0.0 0.0 0.0 0.0 0.0 0.0 0.0 0.0
9.0952e-01 9.3922e-03 1.4038e-01 9.4117e-01 6.9410e-01 7.3184e-03 6.2545e-02 0.0000e+00 0.0000e+00 0.0000e+00 0.0 0.0 0.0 0.0 0.0 0.0 0.0 0.0 0.0 0.0 0.0 0.0 0.0 0.0 0.0 0.0 0.0 0.0
8.4237e-01 1.3172e-02 1.2426e-01 9.6051e-01 7.1914e-01 1.5217e-03 5.1152e-02 0.0000e+00 0.0000e+00 0.0000e+00 0.0 0.0 0.0 0.0 0.0 0.0 0.0 0.0 0.0 0.0 0.0 0.0 0.0 0.0 0.0 0.0 0.0 0.0
8.6108e-01 1.3041e-02 1.2058e-01 9.9361e-01 7.2811e-01 3.2494e-03 5.9522e-02 0.0000e+00 0.0000e+00 0.0000e+00 0.0 0.0 0.0 0.0 0.0 0.0 0.0 0.0 0.0 0.0 0.0 0.0 0.0 0.0 0.0 0.0 0.0 0.0
9.2604e-01 1.2571e-02 1.4279e-01 9.4728e-01 6.3389e-01 5.7341e-03 7.2020e-02 0.0000e+00 0.0000e+00 0.0000e+00 0.0 0.0 0.0 0.0 0.0 0.0 0.0 0.0 0.0 0.0 0.0 0.0 0.0 0.0 0.0 0.0 0.0 0.0
8.0144e-01 1.3415e-02 1.1102e-01 9.1400e-01 6.8087e-01 9.2355e-03 3.3491e-02 0.0000e+00 0.0000e+00 0.0000e+00 0.0 0.0 0.0 0.0 0.0 0.0 0.0 0.0 0.0 0.0 0.0 0.0 0.0 0.0 0.0 0.0 0.0 0.0
7.9497e-01 8.4775e-03 1.2266e-01 9.2934e-01 6.2924e-01 6.1170e-03 3.8455e-02 0.0000e+00 0.0000e+00 0.0000e+00 0.0 0.0 0.0 0.0 0.0 0.0 0.0 0.0 0.0 0.0 0.0 0.0 0.0 0.0 0.0 0.0 0.0 0.0
9.5839e-01 1.7046e-02 1.6074e-01 7.8395e-01 6.7845e-01 1.2161e-02 7.6678e-02 0.0000e+00 0.0000e+00 0.0000e+00 0.0 0.0 0.0 0.0 0.0 0.0 0.0 0.0 0.0 0.0 0.0 0.0 0.0 0.0 0.0 0.0 0.0 0.0
9.0110e-01 8.6677e-03 1.4635e-01 9.3223e-01 6.2570e-01 1.6127e-03 6.5234e-02 0.0000e+00 0.0000e+00 0.0000e+00 0.0 0.0 0.0 0.0 0.0 0.0 0.0 0.0 0.0 0.0 0.0 0.0 0.0 0.0 0.0 0.0 0.0 0.0
8.7796e-01 1.1725e-02 1.3972e-01 7.9362e-01 5.8423e-01 6.4866e-03 5.3135e-02 0.0000e+00 0.0000e+00 0.0000e+00 0.0 0.0 0.0 0.0 0.0 0.0 0.0 0.0 0.0 0.0 0.0 0.0 0.0 0.0 0.0 0.0 0.0 0.0
8.6701e-01 1.3647e-02 1.3474e-01 7.9848e-01 6.8065e-01 8.0037e-03 5.4793e-02 0.0000e+00 0.0000e+00 0.0000e+00 0.0 0.0 0.0 0.0 0.0 0.0 0.0 0.0 0.0 0.0 0.0 0.0 0.0 0.0 0.0 0.0 0.0 0.0
9.0187e-01 1.2094e-02 1.4699e-01 7.7894e-01 5.7098e-01 8.8248e-03 5.8911e-02 0.0000e+00 0.0000e+00 0.0000e+00 0.0 0.0 0.0 0.0 0.0 0.0 0.0 0.0 0.0 0.0 0.0 0.0 0.0 0.0 0.0 0.0 0.0 0.0
9.4495e-01 1.6541e-02 1.6783e-01 8.6861e-01 6.2085e-01 5.2395e-03 6.9723e-02 0.0000e+00 0.0000e+00 0.0000e+00 0.0 0.0 0.0 0.0 0.0 0.0 0.0 0.0 0.0 0.0 0.0 0.0 0.0 0.0 0.0 0.0 0.0 0.0
8.6767e-01 1.4680e-02 1.3142e-01 7.6904e-01 6.7274e-01 2.9233e-03 5.8629e-02 0.0000e+00 0.0000e+00 0.0000e+00 0.0 0.0 0.0 0.0 0.0 0.0 0.0 0.0 0.0 0.0 0.0 0.0 0.0 0.0 0.0 0.0 0.0 0.0
8.6767e-01 1.4680e-02 1.3142e-01 7.6904e-01 6.7274e-01 2.9233e-03 5.8629e-02 0.0000e+00 0.0000e+00 0.0000e+00 0.0 0.0 0.0 0.0 0.0 0.0 0.0 0.0 0.0 0.0 0.0 0.0 0.0 0.0 0.0 0.0 0.0 0.0
9.1516e-01 1.7266e-02 1.3934e-01 8.0842e-01 7.0555e-01 3.5370e-03 8.1973e-02 0.0000e+00 0.0000e+00 0.0000e+00 0.0 0.0 0.0 0.0 0.0 0.0 0.0 0.0 0.0 0.0 0.0 0.0 0.0 0.0 0.0 0.0 0.0 0.0
9.2311e-01 1.4504e-02 1.5767e-01 9.0916e-01 6.2678e-01 6.3081e-03 6.7886e-02 0.0000e+00 0.0000e+00 0.0000e+00 0.0 0.0 0.0 0.0 0.0 0.0 0.0 0.0 0.0 0.0 0.0 0.0 0.0 0.0 0.0 0.0 0.0 0.0
8.4498e-01 1.0429e-02 1.2650e-01 9.3508e-01 6.8862e-01 4.2775e-03 5.6437e-02 0.0000e+00 0.0000e+00 0.0000e+00 0.0 0.0 0.0 0.0 0.0 0.0 0.0 0.0 0.0 0.0 0.0 0.0 0.0 0.0 0.0 0.0 0.0 0.0
8.6530e-01 1.3435e-02 1.1507e-01 9.3908e-01 6.5943e-01 6.1494e-03 4.8393e-02 0.0000e+00 0.0000e+00 0.0000e+00 0.0 0.0 0.0 0.0 0.0 0.0 0.0 0.0 0.0 0.0 0.0 0.0 0.0 0.0 0.0 0.0 0.0 0.0
8.3883e-01 7.3474e-03 1.3055e-01 8.6621e-01 6.2511e-01 3.3505e-03 5.4272e-02 0.0000e+00 0.0000e+00 0.0000e+00 0.0 0.0 0.0 0.0 0.0 0.0 0.0 0.0 0.0 0.0 0.0 0.0 0.0 0.0 0.0 0.0 0.0 0.0
8.3883e-01 7.3474e-03 1.3055e-01 8.6621e-01 6.2511e-01 3.3505e-03 5.4272e-02 0.0000e+00 0.0000e+00 0.0000e+00 0.0 0.0 0.0 0.0 0.0 0.0 0.0 0.0 0.0 0.0 0.0 0.0 0.0 0.0 0.0 0.0 0.0 0.0
8.9440e-01 1.0797e-02 1.5028e-01 9.2422e-01 5.1916e-01 2.1077e-03 5.6066e-02 0.0000e+00 0.0000e+00 0.0000e+00 0.0 0.0 0.0 0.0 0.0 0.0 0.0 0.0 0.0 0.0 0.0 0.0 0.0 0.0 0.0 0.0 0.0 0.0
8.1720e-01 1.5113e-02 1.0819e-01 7.7799e-01 6.8368e-01 9.0493e-03 5.0557e-02 0.0000e+00 0.0000e+00 0.0000e+00 0.0 0.0 0.0 0.0 0.0 0.0 0.0 0.0 0.0 0.0 0.0 0.0 0.0 0.0 0.0 0.0 0.0 0.0
8.5213e-01 1.8242e-02 1.1686e-01 7.5091e-01 6.7069e-01 1.1070e-02 4.0037e-02 0.0000e+00 0.0000e+00 0.0000e+00 0.0 0.0 0.0 0.0 0.0 0.0 0.0 0.0 0.0 0.0 0.0 0.0 0.0 0.0 0.0 0.0 0.0 0.0
8.5638e-01 1.6282e-02 1.2851e-01 8.5019e-01 7.7149e-01 1.0309e-02 6.5895e-02 0.0000e+00 0.0000e+00 0.0000e+00 0.0 0.0 0.0 0.0 0.0 0.0 0.0 0.0 0.0 0.0 0.0 0.0 0.0 0.0 0.0 0.0 0.0 0.0
8.8368e-01 1.4333e-02 1.2399e-01 8.7119e-01 6.6553e-01 1.1928e-02 5.0656e-02 0.0000e+00 0.0000e+00 0.0000e+00 0.0 0.0 0.0 0.0 0.0 0.0 0.0 0.0 0.0 0.0 0.0 0.0 0.0 0.0 0.0 0.0 0.0 0.0
8.8368e-01 1.4333e-02 1.2399e-01 8.7119e-01 6.6553e-01 1.1928e-02 5.0656e-02 0.0000e+00 0.0000e+00 0.0000e+00 0.0 0.0 0.0 0.0 0.0 0.0 0.0 0.0 0.0 0.0 0.0 0.0 0.0 0.0 0.0 0.0 0.0 0.0
9.0922e-01 1.5817e-02 1.2402e-01 9.3311e-01 7.9394e-01 1.7024e-02 7.2981e-02 0.0000e+00 0.0000e+00 0.0000e+00 0.0 0.0 0.0 0.0 0.0 0.0 0.0 0.0 0.0 0.0 0.0 0.0 0.0 0.0 0.0 0.0 0.0 0.0
8.4787e-01 2.1302e-02 1.1844e-01 9.6573e-01 8.1382e-01 1.2216e-02 5.2798e-02 0.0000e+00 0.0000e+00 0.0000e+00 0.0 0.0 0.0 0.0 0.0 0.0 0.0 0.0 0.0 0.0 0.0 0.0 0.0 0.0 0.0 0.0 0.0 0.0
8.9395e-01 1.8989e-02 1.4090e-01 8.9294e-01 7.6000e-01 1.3285e-02 6.1939e-02 0.0000e+00 0.0000e+00 0.0000e+00 0.0 0.0 0.0 0.0 0.0 0.0 0.0 0.0 0.0 0.0 0.0 0.0 0.0 0.0 0.0 0.0 0.0 0.0
9.3834e-01 1.8922e-02 1.4724e-01 9.6143e-01 7.2170e-01 1.3312e-02 6.7422e-02 0.0000e+00 0.0000e+00 0.0000e+00 0.0 0.0 0.0 0.0 0.0 0.0 0.0 0.0 0.0 0.0 0.0 0.0 0.0 0.0 0.0 0.0 0.0 0.0
8.7098e-01 2.2629e-02 1.2563e-01 8.9725e-01 8.0344e-01 1.1356e-02 5.4221e-02 0.0000e+00 0.0000e+00 0.0000e+00 0.0 0.0 0.0 0.0 0.0 0.0 0.0 0.0 0.0 0.0 0.0 0.0 0.0 0.0 0.0 0.0 0.0 0.0
9.0869e-01 2.2508e-02 1.3978e-01 8.6735e-01 7.5771e-01 5.4140e-03 6.9806e-02 0.0000e+00 0.0000e+00 0.0000e+00 0.0 0.0 0.0 0.0 0.0 0.0 0.0 0.0 0.0 0.0 0.0 0.0 0.0 0.0 0.0 0.0 0.0 0.0
8.4298e-01 2.3163e-02 1.0800e-01 7.2960e-01 7.5987e-01 9.4355e-03 4.8021e-02 0.0000e+00 0.0000e+00 0.0000e+00 0.0 0.0 0.0 0.0 0.0 0.0 0.0 0.0 0.0 0.0 0.0 0.0 0.0 0.0 0.0 0.0 0.0 0.0
9.1824e-01 1.9374e-02 1.3316e-01 8.5688e-01 7.6479e-01 1.4566e-02 7.3382e-02 0.0000e+00 0.0000e+00 0.0000e+00 0.0 0.0 0.0 0.0 0.0 0.0 0.0 0.0 0.0 0.0 0.0 0.0 0.0 0.0 0.0 0.0 0.0 0.0
9.2008e-01 1.4261e-02 1.3522e-01 9.0051e-01 7.0479e-01 7.7822e-03 7.8108e-02 0.0000e+00 0.0000e+00 0.0000e+00 0.0 0.0 0.0 0.0 0.0 0.0 0.0 0.0 0.0 0.0 0.0 0.0 0.0 0.0 0.0 0.0 0.0 0.0
8.5166e-01 1.9455e-02 1.1283e-01 8.3994e-01 6.8846e-01 5.2171e-03 6.5008e-02 0.0000e+00 0.0000e+00 0.0000e+00 0.0 0.0 0.0 0.0 0.0 0.0 0.0 0.0 0.0 0.0 0.0 0.0 0.0 0.0 0.0 0.0 0.0 0.0
8.8280e-01 2.0419e-02 1.2247e-01 8.7050e-01 5.9250e-01 2.3859e-03 5.4228e-02 0.0000e+00 0.0000e+00 0.0000e+00 0.0 0.0 0.0 0.0 0.0 0.0 0.0 0.0 0.0 0.0 0.0 0.0 0.0 0.0 0.0 0.0 0.0 0.0
9.5234e-01 2.1885e-02 1.5692e-01 9.8071e-01 7.5273e-01 6.0342e-03 8.2392e-02 0.0000e+00 0.0000e+00 0.0000e+00 0.0 0.0 0.0 0.0 0.0 0.0 0.0 0.0 0.0 0.0 0.0 0.0 0.0 0.0 0.0 0.0 0.0 0.0
8.7114e-01 2.0336e-02 1.1948e-01 8.2312e-01 6.6220e-01 5.6160e-03 5.9417e-02 0.0000e+00 0.0000e+00 0.0000e+00 0.0 0.0 0.0 0.0 0.0 0.0 0.0 0.0 0.0 0.0 0.0 0.0 0.0 0.0 0.0 0.0 0.0 0.0
8.0536e-01 2.2160e-02 1.0048e-01 7.8388e-01 8.6750e-01 6.6544e-03 6.3259e-02 0.0000e+00 0.0000e+00 0.0000e+00 0.0 0.0 0.0 0.0 0.0 0.0 0.0 0.0 0.0 0.0 0.0 0.0 0.0 0.0 0.0 0.0 0.0 0.0
9.3232e-01 1.4458e-02 1.4556e-01 8.9274e-01 6.9539e-01 1.4324e-02 5.9830e-02 0.0000e+00 0.0000e+00 0.0000e+00 0.0 0.0 0.0 0.0 0.0 0.0 0.0 0.0 0.0 0.0 0.0 0.0 0.0 0.0 0.0 0.0 0.0 0.0
9.3232e-01 1.4458e-02 1.4556e-01 8.9274e-01 6.9539e-01 1.4324e-02 5.9830e-02 0.0000e+00 0.0000e+00 0.0000e+00 0.0 0.0 0.0 0.0 0.0 0.0 0.0 0.0 0.0 0.0 0.0 0.0 0.0 0.0 0.0 0.0 0.0 0.0
8.5035e-01 2.2867e-02 1.1346e-01 9.3890e-01 7.5948e-01 2.6410e-03 6.0847e-02 0.0000e+00 0.0000e+00 0.0000e+00 0.0 0.0 0.0 0.0 0.0 0.0 0.0 0.0 0.0 0.0 0.0 0.0 0.0 0.0 0.0 0.0 0.0 0.0
8.6306e-01 1.9998e-02 1.2199e-01 8.7197e-01 8.1480e-01 8.7072e-03 7.5713e-02 0.0000e+00 0.0000e+00 0.0000e+00 0.0 0.0 0.0 0.0 0.0 0.0 0.0 0.0 0.0 0.0 0.0 0.0 0.0 0.0 0.0 0.0 0.0 0.0
8.9737e-01 2.0011e-02 1.3144e-01 7.9157e-01 6.1364e-01 7.5583e-03 5.1124e-02 0.0000e+00 0.0000e+00 0.0000e+00 0.0 0.0 0.0 0.0 0.0 0.0 0.0 0.0 0.0 0.0 0.0 0.0 0.0 0.0 0.0 0.0 0.0 0.0
8.7655e-01 1.4931e-02 1.3456e-01 7.9000e-01 7.9457e-01 1.6452e-02 5.7913e-02 0.0000e+00 0.0000e+00 0.0000e+00 0.0 0.0 0.0 0.0 0.0 0.0 0.0 0.0 0.0 0.0 0.0 0.0 0.0 0.0 0.0 0.0 0.0 0.0
8.8806e-01 1.7603e-02 1.3041e-01 7.5597e-01 6.8391e-01 1.5252e-02 5.7232e-02 0.0000e+00 0.0000e+00 0.0000e+00 0.0 0.0 0.0 0.0 0.0 0.0 0.0 0.0 0.0 0.0 0.0 0.0 0.0 0.0 0.0 0.0 0.0 0.0
9.3834e-01 1.3599e-02 1.5654e-01 8.3321e-01 7.5724e-01 1.5206e-02 6.8719e-02 0.0000e+00 0.0000e+00 0.0000e+00 0.0 0.0 0.0 0.0 0.0 0.0 0.0 0.0 0.0 0.0 0.0 0.0 0.0 0.0 0.0 0.0 0.0 0.0
9.0611e-01 1.6099e-02 1.1656e-01 8.6745e-01 7.7095e-01 1.9022e-02 6.1789e-02 0.0000e+00 0.0000e+00 0.0000e+00 0.0 0.0 0.0 0.0 0.0 0.0 0.0 0.0 0.0 0.0 0.0 0.0 0.0 0.0 0.0 0.0 0.0 0.0
8.7720e-01 3.0902e-03 1.4314e-01 7.1346e-01 7.1846e-01 2.2692e-02 4.0959e-02 0.0000e+00 0.0000e+00 0.0000e+00 0.0 0.0 0.0 0.0 0.0 0.0 0.0 0.0 0.0 0.0 0.0 0.0 0.0 0.0 0.0 0.0 0.0 0.0
9.2897e-01 6.8179e-03 1.6048e-01 7.7366e-01 6.3022e-01 1.8878e-02 5.3257e-02 0.0000e+00 0.0000e+00 0.0000e+00 0.0 0.0 0.0 0.0 0.0 0.0 0.0 0.0 0.0 0.0 0.0 0.0 0.0 0.0 0.0 0.0 0.0 0.0
8.9274e-01 3.5945e-03 1.4265e-01 7.6435e-01 6.2914e-01 2.0040e-02 3.9183e-02 0.0000e+00 0.0000e+00 0.0000e+00 0.0 0.0 0.0 0.0 0.0 0.0 0.0 0.0 0.0 0.0 0.0 0.0 0.0 0.0 0.0 0.0 0.0 0.0
9.0701e-01 1.0188e-02 1.3084e-01 7.7370e-01 6.2871e-01 1.6790e-02 4.9417e-02 0.0000e+00 0.0000e+00 0.0000e+00 0.0 0.0 0.0 0.0 0.0 0.0 0.0 0.0 0.0 0.0 0.0 0.0 0.0 0.0 0.0 0.0 0.0 0.0
8.7296e-01 7.9363e-03 1.3149e-01 6.1855e-01 6.2438e-01 1.6190e-02 4.9854e-02 0.0000e+00 0.0000e+00 0.0000e+00 0.0 0.0 0.0 0.0 0.0 0.0 0.0 0.0 0.0 0.0 0.0 0.0 0.0 0.0 0.0 0.0 0.0 0.0
8.5727e-01 2.4722e-03 1.4335e-01 7.0713e-01 7.2168e-01 2.1936e-02 4.1156e-02 0.0000e+00 0.0000e+00 0.0000e+00 0.0 0.0 0.0 0.0 0.0 0.0 0.0 0.0 0.0 0.0 0.0 0.0 0.0 0.0 0.0 0.0 0.0 0.0
7.9237e-01 1.1196e-02 1.1540e-01 7.7491e-01 5.7400e-01 1.1400e-02 2.7474e-02 0.0000e+00 0.0000e+00 0.0000e+00 0.0 0.0 0.0 0.0 0.0 0.0 0.0 0.0 0.0 0.0 0.0 0.0 0.0 0.0 0.0 0.0 0.0 0.0
8.0093e-01 7.5483e-03 1.1392e-01 8.6882e-01 5.6592e-01 1.6787e-02 2.1916e-02 0.0000e+00 0.0000e+00 0.0000e+00 0.0 0.0 0.0 0.0 0.0 0.0 0.0 0.0 0.0 0.0 0.0 0.0 0.0 0.0 0.0 0.0 0.0 0.0
8.6707e-01 2.8483e-03 1.5067e-01 9.1087e-01 5.4822e-01 1.3691e-02 4.1376e-02 0.0000e+00 0.0000e+00 0.0000e+00 0.0 0.0 0.0 0.0 0.0 0.0 0.0 0.0 0.0 0.0 0.0 0.0 0.0 0.0 0.0 0.0 0.0 0.0
8.9275e-01 9.1301e-03 1.3553e-01 8.2036e-01 6.3337e-01 1.1848e-02 6.2261e-02 0.0000e+00 0.0000e+00 0.0000e+00 0.0 0.0 0.0 0.0 0.0 0.0 0.0 0.0 0.0 0.0 0.0 0.0 0.0 0.0 0.0 0.0 0.0 0.0
8.8038e-01 1.3269e-03 1.4425e-01 7.8823e-01 5.4256e-01 1.0629e-02 4.7491e-02 0.0000e+00 0.0000e+00 0.0000e+00 0.0 0.0 0.0 0.0 0.0 0.0 0.0 0.0 0.0 0.0 0.0 0.0 0.0 0.0 0.0 0.0 0.0 0.0
9.0137e-01 9.6261e-03 1.4723e-01 8.4100e-01 5.9637e-01 1.4222e-02 5.5292e-02 0.0000e+00 0.0000e+00 0.0000e+00 0.0 0.0 0.0 0.0 0.0 0.0 0.0 0.0 0.0 0.0 0.0 0.0 0.0 0.0 0.0 0.0 0.0 0.0
9.1871e-01 1.4706e-03 1.3910e-01 8.4212e-01 6.0133e-01 1.7136e-02 5.6879e-02 0.0000e+00 0.0000e+00 0.0000e+00 0.0 0.0 0.0 0.0 0.0 0.0 0.0 0.0 0.0 0.0 0.0 0.0 0.0 0.0 0.0 0.0 0.0 0.0
8.1131e-01 1.9544e-03 1.2070e-01 7.8291e-01 5.4703e-01 1.3821e-02 3.6942e-02 0.0000e+00 0.0000e+00 0.0000e+00 0.0 0.0 0.0 0.0 0.0 0.0 0.0 0.0 0.0 0.0 0.0 0.0 0.0 0.0 0.0 0.0 0.0 0.0
8.9106e-01 3.7429e-03 1.3961e-01 7.8274e-01 6.0107e-01 1.9345e-02 3.8603e-02 0.0000e+00 0.0000e+00 0.0000e+00 0.0 0.0 0.0 0.0 0.0 0.0 0.0 0.0 0.0 0.0 0.0 0.0 0.0 0.0 0.0 0.0 0.0 0.0
8.3342e-01 3.7463e-03 1.3470e-01 8.4537e-01 5.2461e-01 1.4696e-02 2.7640e-02 0.0000e+00 0.0000e+00 0.0000e+00 0.0 0.0 0.0 0.0 0.0 0.0 0.0 0.0 0.0 0.0 0.0 0.0 0.0 0.0 0.0 0.0 0.0 0.0
7.8873e-01 8.1865e-03 1.1489e-01 7.2974e-01 5.7338e-01 9.7820e-03 3.8210e-02 0.0000e+00 0.0000e+00 0.0000e+00 0.0 0.0 0.0 0.0 0.0 0.0 0.0 0.0 0.0 0.0 0.0 0.0 0.0 0.0 0.0 0.0 0.0 0.0
8.7794e-01 9.8343e-03 1.5068e-01 8.0561e-01 6.1441e-01 9.5651e-03 4.9180e-02 0.0000e+00 0.0000e+00 0.0000e+00 0.0 0.0 0.0 0.0 0.0 0.0 0.0 0.0 0.0 0.0 0.0 0.0 0.0 0.0 0.0 0.0 0.0 0.0
8.3011e-01 9.9243e-03 1.2565e-01 7.1479e-01 5.9648e-01 1.6915e-02 3.7594e-02 0.0000e+00 0.0000e+00 0.0000e+00 0.0 0.0 0.0 0.0 0.0 0.0 0.0 0.0 0.0 0.0 0.0 0.0 0.0 0.0 0.0 0.0 0.0 0.0
8.5003e-01 1.8024e-03 1.3237e-01 7.4473e-01 6.3336e-01 1.8880e-02 4.7518e-02 0.0000e+00 0.0000e+00 0.0000e+00 0.0 0.0 0.0 0.0 0.0 0.0 0.0 0.0 0.0 0.0 0.0 0.0 0.0 0.0 0.0 0.0 0.0 0.0
9.2087e-01 1.6529e-03 1.5952e-01 9.4650e-01 5.8638e-01 1.4893e-02 5.2542e-02 0.0000e+00 0.0000e+00 0.0000e+00 0.0 0.0 0.0 0.0 0.0 0.0 0.0 0.0 0.0 0.0 0.0 0.0 0.0 0.0 0.0 0.0 0.0 0.0
9.2087e-01 1.6529e-03 1.5952e-01 9.4650e-01 5.8638e-01 1.4893e-02 5.2542e-02 0.0000e+00 0.0000e+00 0.0000e+00 0.0 0.0 0.0 0.0 0.0 0.0 0.0 0.0 0.0 0.0 0.0 0.0 0.0 0.0 0.0 0.0 0.0 0.0
8.8546e-01 5.6163e-03 1.2854e-01 7.0349e-01 6.8923e-01 2.3003e-02 4.7604e-02 0.0000e+00 0.0000e+00 0.0000e+00 0.0 0.0 0.0 0.0 0.0 0.0 0.0 0.0 0.0 0.0 0.0 0.0 0.0 0.0 0.0 0.0 0.0 0.0
8.9862e-01 3.5588e-03 1.4287e-01 6.8870e-01 6.7427e-01 1.7864e-02 5.2680e-02 0.0000e+00 0.0000e+00 0.0000e+00 0.0 0.0 0.0 0.0 0.0 0.0 0.0 0.0 0.0 0.0 0.0 0.0 0.0 0.0 0.0 0.0 0.0 0.0
8.4820e-01 2.8450e-03 1.2731e-01 9.9899e-01 5.9099e-01 7.1621e-03 4.4249e-02 0.0000e+00 0.0000e+00 0.0000e+00 0.0 0.0 0.0 0.0 0.0 0.0 0.0 0.0 0.0 0.0 0.0 0.0 0.0 0.0 0.0 0.0 0.0 0.0
8.1916e-01 7.8605e-03 1.1833e-01 8.1382e-01 7.0888e-01 1.4185e-02 3.8999e-02 0.0000e+00 0.0000e+00 0.0000e+00 0.0 0.0 0.0 0.0 0.0 0.0 0.0 0.0 0.0 0.0 0.0 0.0 0.0 0.0 0.0 0.0 0.0 0.0
8.7302e-01 2.3230e-03 1.4245e-01 1.0229e+00 5.9536e-01 1.5736e-02 3.7885e-02 0.0000e+00 0.0000e+00 0.0000e+00 0.0 0.0 0.0 0.0 0.0 0.0 0.0 0.0 0.0 0.0 0.0 0.0 0.0 0.0 0.0 0.0 0.0 0.0
8.3040e-01 7.6323e-03 1.2047e-01 9.6532e-01 6.6676e-01 1.2843e-02 4.4475e-02 0.0000e+00 0.0000e+00 0.0000e+00 0.0 0.0 0.0 0.0 0.0 0.0 0.0 0.0 0.0 0.0 0.0 0.0 0.0 0.0 0.0 0.0 0.0 0.0
8.4353e-01 1.0863e-02 1.1546e-01 8.6085e-01 6.6834e-01 1.5590e-02 4.7088e-02 0.0000e+00 0.0000e+00 0.0000e+00 0.0 0.0 0.0 0.0 0.0 0.0 0.0 0.0 0.0 0.0 0.0 0.0 0.0 0.0 0.0 0.0 0.0 0.0
8.1751e-01 1.0312e-02 1.1506e-01 8.6149e-01 9.2346e-01 2.4331e-02 5.0114e-02 0.0000e+00 0.0000e+00 0.0000e+00 0.0 0.0 0.0 0.0 0.0 0.0 0.0 0.0 0.0 0.0 0.0 0.0 0.0 0.0 0.0 0.0 0.0 0.0
9.7245e-01 1.0554e-02 1.4524e-01 8.6450e-01 7.3009e-01 2.0270e-02 8.3720e-02 0.0000e+00 0.0000e+00 0.0000e+00 0.0 0.0 0.0 0.0 0.0 0.0 0.0 0.0 0.0 0.0 0.0 0.0 0.0 0.0 0.0 0.0 0.0 0.0
9.3398e-01 1.4217e-02 1.4118e-01 8.1671e-01 7.1168e-01 1.8746e-02 6.9753e-02 0.0000e+00 0.0000e+00 0.0000e+00 0.0 0.0 0.0 0.0 0.0 0.0 0.0 0.0 0.0 0.0 0.0 0.0 0.0 0.0 0.0 0.0 0.0 0.0
9.3398e-01 1.4217e-02 1.4118e-01 8.1671e-01 7.1168e-01 1.8746e-02 6.9753e-02 0.0000e+00 0.0000e+00 0.0000e+00 0.0 0.0 0.0 0.0 0.0 0.0 0.0 0.0 0.0 0.0 0.0 0.0 0.0 0.0 0.0 0.0 0.0 0.0
9.4574e-01 8.6407e-03 1.5111e-01 9.0231e-01 7.5030e-01 1.9650e-02 8.2169e-02 0.0000e+00 0.0000e+00 0.0000e+00 0.0 0.0 0.0 0.0 0.0 0.0 0.0 0.0 0.0 0.0 0.0 0.0 0.0 0.0 0.0 0.0 0.0 0.0
9.5438e-01 2.8565e-03 1.5922e-01 8.6933e-01 7.3707e-01 2.2040e-02 7.4101e-02 0.0000e+00 0.0000e+00 0.0000e+00 0.0 0.0 0.0 0.0 0.0 0.0 0.0 0.0 0.0 0.0 0.0 0.0 0.0 0.0 0.0 0.0 0.0 0.0
8.9571e-01 8.7036e-03 1.3178e-01 8.3933e-01 7.1598e-01 1.7984e-02 6.2517e-02 0.0000e+00 0.0000e+00 0.0000e+00 0.0 0.0 0.0 0.0 0.0 0.0 0.0 0.0 0.0 0.0 0.0 0.0 0.0 0.0 0.0 0.0 0.0 0.0
8.9571e-01 8.7036e-03 1.3178e-01 8.3933e-01 7.1598e-01 1.7984e-02 6.2517e-02 0.0000e+00 0.0000e+00 0.0000e+00 0.0 0.0 0.0 0.0 0.0 0.0 0.0 0.0 0.0 0.0 0.0 0.0 0.0 0.0 0.0 0.0 0.0 0.0
8.3993e-01 1.1401e-02 1.1729e-01 9.0360e-01 7.3669e-01 1.6517e-02 3.9529e-02 0.0000e+00 0.0000e+00 0.0000e+00 0.0 0.0 0.0 0.0 0.0 0.0 0.0 0.0 0.0 0.0 0.0 0.0 0.0 0.0 0.0 0.0 0.0 0.0
8.3993e-01 1.1401e-02 1.1729e-01 9.0360e-01 7.3669e-01 1.6517e-02 3.9529e-02 0.0000e+00 0.0000e+00 0.0000e+00 0.0 0.0 0.0 0.0 0.0 0.0 0.0 0.0 0.0 0.0 0.0 0.0 0.0 0.0 0.0 0.0 0.0 0.0
8.8696e-01 3.4285e-03 1.4786e-01 8.3581e-01 7.6939e-01 2.1622e-02 4.9434e-02 0.0000e+00 0.0000e+00 0.0000e+00 0.0 0.0 0.0 0.0 0.0 0.0 0.0 0.0 0.0 0.0 0.0 0.0 0.0 0.0 0.0 0.0 0.0 0.0
8.6362e-01 1.1312e-02 1.2284e-01 8.6404e-01 7.1517e-01 1.3749e-02 6.0534e-02 0.0000e+00 0.0000e+00 0.0000e+00 0.0 0.0 0.0 0.0 0.0 0.0 0.0 0.0 0.0 0.0 0.0 0.0 0.0 0.0 0.0 0.0 0.0 0.0
8.6362e-01 1.1312e-02 1.2284e-01 8.6404e-01 7.1517e-01 1.3749e-02 6.0534e-02 0.0000e+00 0.0000e+00 0.0000e+00 0.0 0.0 0.0 0.0 0.0 0.0 0.0 0.0 0.0 0.0 0.0 0.0 0.0 0.0 0.0 0.0 0.0 0.0
8.7229e-01 9.2420e-03 1.1230e-01 8.3559e-01 6.9424e-01 1.7308e-02 5.5204e-02 0.0000e+00 0.0000e+00 0.0000e+00 0.0 0.0 0.0 0.0 0.0 0.0 0.0 0.0 0.0 0.0 0.0 0.0 0.0 0.0 0.0 0.0 0.0 0.0
7.9485e-01 1.1937e-02 1.1813e-01 8.3681e-01 8.2548e-01 1.7714e-02 3.8542e-02 0.0000e+00 0.0000e+00 0.0000e+00 0.0 0.0 0.0 0.0 0.0 0.0 0.0 0.0 0.0 0.0 0.0 0.0 0.0 0.0 0.0 0.0 0.0 0.0
8.0168e-01 1.0643e-02 1.1035e-01 8.4893e-01 8.6162e-01 1.7629e-02 4.2749e-02 0.0000e+00 0.0000e+00 0.0000e+00 0.0 0.0 0.0 0.0 0.0 0.0 0.0 0.0 0.0 0.0 0.0 0.0 0.0 0.0 0.0 0.0 0.0 0.0
5.3729e-01 1.4710e-03 4.9863e-02 1.0018e+00 8.4296e-01 5.2237e-03 1.2254e-01 0.0000e+00 0.0000e+00 0.0000e+00 0.0 0.0 0.0 0.0 0.0 0.0 0.0 0.0 0.0 0.0 0.0 0.0 0.0 0.0 0.0 0.0 0.0 0.0
5.3399e-01 4.0066e-03 3.8096e-02 9.7188e-01 8.3816e-01 6.6777e-03 1.2168e-01 0.0000e+00 0.0000e+00 0.0000e+00 0.0 0.0 0.0 0.0 0.0 0.0 0.0 0.0 0.0 0.0 0.0 0.0 0.0 0.0 0.0 0.0 0.0 0.0
5.2877e-01 5.1167e-03 4.8514e-02 9.6903e-01 8.7191e-01 3.8525e-03 1.3030e-01 0.0000e+00 0.0000e+00 0.0000e+00 0.0 0.0 0.0 0.0 0.0 0.0 0.0 0.0 0.0 0.0 0.0 0.0 0.0 0.0 0.0 0.0 0.0 0.0
5.3287e-01 1.0710e-02 3.2465e-02 8.9115e-01 8.1720e-01 8.5003e-03 1.2203e-01 0.0000e+00 0.0000e+00 0.0000e+00 0.0 0.0 0.0 0.0 0.0 0.0 0.0 0.0 0.0 0.0 0.0 0.0 0.0 0.0 0.0 0.0 0.0 0.0
5.8535e-01 4.0944e-03 4.2635e-02 7.5197e-01 8.0680e-01 9.3390e-03 1.2524e-01 0.0000e+00 0.0000e+00 0.0000e+00 0.0 0.0 0.0 0.0 0.0 0.0 0.0 0.0 0.0 0.0 0.0 0.0 0.0 0.0 0.0 0.0 0.0 0.0
5.6110e-01 1.2528e-02 4.2623e-02 8.3225e-01 8.3334e-01 8.9311e-03 1.2352e-01 0.0000e+00 0.0000e+00 0.0000e+00 0.0 0.0 0.0 0.0 0.0 0.0 0.0 0.0 0.0 0.0 0.0 0.0 0.0 0.0 0.0 0.0 0.0 0.0
5.8347e-01 8.3457e-03 3.9171e-02 8.8864e-01 7.9412e-01 9.6642e-03 1.1627e-01 0.0000e+00 0.0000e+00 0.0000e+00 0.0 0.0 0.0 0.0 0.0 0.0 0.0 0.0 0.0 0.0 0.0 0.0 0.0 0.0 0.0 0.0 0.0 0.0
5.1624e-01 1.2136e-02 4.7101e-02 9.0695e-01 9.1110e-01 2.5784e-03 1.5726e-01 0.0000e+00 0.0000e+00 0.0000e+00 0.0 0.0 0.0 0.0 0.0 0.0 0.0 0.0 0.0 0.0 0.0 0.0 0.0 0.0 0.0 0.0 0.0 0.0
5.4162e-01 6.2988e-03 5.1385e-02 8.1469e-01 8.8503e-01 4.6049e-03 1.3193e-01 0.0000e+00 0.0000e+00 0.0000e+00 0.0 0.0 0.0 0.0 0.0 0.0 0.0 0.0 0.0 0.0 0.0 0.0 0.0 0.0 0.0 0.0 0.0 0.0
5.5363e-01 1.4366e-03 4.8255e-02 7.8591e-01 8.4307e-01 8.2882e-03 1.2497e-01 0.0000e+00 0.0000e+00 0.0000e+00 0.0 0.0 0.0 0.0 0.0 0.0 0.0 0.0 0.0 0.0 0.0 0.0 0.0 0.0 0.0 0.0 0.0 0.0
5.5363e-01 1.4366e-03 4.8255e-02 7.8591e-01 8.4307e-01 8.2882e-03 1.2497e-01 0.0000e+00 0.0000e+00 0.0000e+00 0.0 0.0 0.0 0.0 0.0 0.0 0.0 0.0 0.0 0.0 0.0 0.0 0.0 0.0 0.0 0.0 0.0 0.0
6.0010e-01 5.3387e-03 3.7415e-02 8.5004e-01 7.7722e-01 1.4138e-02 1.0845e-01 0.0000e+00 0.0000e+00 0.0000e+00 0.0 0.0 0.0 0.0 0.0 0.0 0.0 0.0 0.0 0.0 0.0 0.0 0.0 0.0 0.0 0.0 0.0 0.0
6.1226e-01 1.7464e-04 7.1767e-02 9.1163e-01 9.0624e-01 9.8979e-03 1.4589e-01 0.0000e+00 0.0000e+00 0.0000e+00 0.0 0.0 0.0 0.0 0.0 0.0 0.0 0.0 0.0 0.0 0.0 0.0 0.0 0.0 0.0 0.0 0.0 0.0
6.6290e-01 1.4879e-02 6.1273e-02 9.1954e-01 9.3239e-01 9.7505e-03 1.4896e-01 0.0000e+00 0.0000e+00 0.0000e+00 0.0 0.0 0.0 0.0 0.0 0.0 0.0 0.0 0.0 0.0 0.0 0.0 0.0 0.0 0.0 0.0 0.0 0.0
6.6290e-01 1.4879e-02 6.1273e-02 9.1954e-01 9.3239e-01 9.7505e-03 1.4896e-01 0.0000e+00 0.0000e+00 0.0000e+00 0.0 0.0 0.0 0.0 0.0 0.0 0.0 0.0 0.0 0.0 0.0 0.0 0.0 0.0 0.0 0.0 0.0 0.0
6.5330e-01 2.1682e-02 4.4113e-02 8.2693e-01 9.0257e-01 3.4834e-03 1.5478e-01 0.0000e+00 0.0000e+00 0.0000e+00 0.0 0.0 0.0 0.0 0.0 0.0 0.0 0.0 0.0 0.0 0.0 0.0 0.0 0.0 0.0 0.0 0.0 0.0
6.7668e-01 1.5685e-02 3.0961e-02 8.7909e-01 8.2912e-01 4.6769e-03 1.2443e-01 0.0000e+00 0.0000e+00 0.0000e+00 0.0 0.0 0.0 0.0 0.0 0.0 0.0 0.0 0.0 0.0 0.0 0.0 0.0 0.0 0.0 0.0 0.0 0.0
7.4115e-01 1.7200e-02 4.3767e-02 7.0137e-01 8.2145e-01 1.1229e-02 1.2610e-01 0.0000e+00 0.0000e+00 0.0000e+00 0.0 0.0 0.0 0.0 0.0 0.0 0.0 0.0 0.0 0.0 0.0 0.0 0.0 0.0 0.0 0.0 0.0 0.0
7.6280e-01 1.6184e-02 3.9812e-02 7.9989e-01 7.9636e-01 9.2786e-03 1.1977e-01 0.0000e+00 0.0000e+00 0.0000e+00 0.0 0.0 0.0 0.0 0.0 0.0 0.0 0.0 0.0 0.0 0.0 0.0 0.0 0.0 0.0 0.0 0.0 0.0
6.8779e-01 1.9506e-02 4.8319e-02 8.9136e-01 9.0068e-01 9.4527e-03 1.3588e-01 0.0000e+00 0.0000e+00 0.0000e+00 0.0 0.0 0.0 0.0 0.0 0.0 0.0 0.0 0.0 0.0 0.0 0.0 0.0 0.0 0.0 0.0 0.0 0.0
7.2227e-01 1.4836e-02 7.0047e-02 8.8777e-01 9.4423e-01 1.3812e-02 1.4449e-01 0.0000e+00 0.0000e+00 0.0000e+00 0.0 0.0 0.0 0.0 0.0 0.0 0.0 0.0 0.0 0.0 0.0 0.0 0.0 0.0 0.0 0.0 0.0 0.0
7.8763e-01 1.9342e-02 6.0094e-02 7.5776e-01 8.8553e-01 1.4540e-02 1.2618e-01 0.0000e+00 0.0000e+00 0.0000e+00 0.0 0.0 0.0 0.0 0.0 0.0 0.0 0.0 0.0 0.0 0.0 0.0 0.0 0.0 0.0 0.0 0.0 0.0
8.2390e-01 2.5189e-02 5.5802e-02 8.1939e-01 8.6880e-01 8.0849e-03 1.3192e-01 0.0000e+00 0.0000e+00 0.0000e+00 0.0 0.0 0.0 0.0 0.0 0.0 0.0 0.0 0.0 0.0 0.0 0.0 0.0 0.0 0.0 0.0 0.0 0.0
7.0617e-01 1.6575e-02 4.8583e-02 8.4562e-01 8.6297e-01 9.3801e-03 1.4244e-01 0.0000e+00 0.0000e+00 0.0000e+00 0.0 0.0 0.0 0.0 0.0 0.0 0.0 0.0 0.0 0.0 0.0 0.0 0.0 0.0 0.0 0.0 0.0 0.0
7.6945e-01 2.0843e-02 4.9591e-02 8.2564e-01 8.7616e-01 2.5275e-03 1.2352e-01 0.0000e+00 0.0000e+00 0.0000e+00 0.0 0.0 0.0 0.0 0.0 0.0 0.0 0.0 0.0 0.0 0.0 0.0 0.0 0.0 0.0 0.0 0.0 0.0
6.8579e-01 1.3261e-02 5.9179e-02 9.4701e-01 8.9782e-01 2.5242e-03 1.4771e-01 0.0000e+00 0.0000e+00 0.0000e+00 0.0 0.0 0.0 0.0 0.0 0.0 0.0 0.0 0.0 0.0 0.0 0.0 0.0 0.0 0.0 0.0 0.0 0.0
6.8579e-01 1.3261e-02 5.9179e-02 9.4701e-01 8.9782e-01 2.5242e-03 1.4771e-01 0.0000e+00 0.0000e+00 0.0000e+00 0.0 0.0 0.0 0.0 0.0 0.0 0.0 0.0 0.0 0.0 0.0 0.0 0.0 0.0 0.0 0.0 0.0 0.0
8.5278e-01 2.4340e-02 4.4932e-02 8.3292e-01 8.2799e-01 8.6016e-03 1.2832e-01 0.0000e+00 0.0000e+00 0.0000e+00 0.0 0.0 0.0 0.0 0.0 0.0 0.0 0.0 0.0 0.0 0.0 0.0 0.0 0.0 0.0 0.0 0.0 0.0
7.6496e-01 2.1421e-02 6.2704e-02 8.9508e-01 9.0760e-01 4.3928e-03 1.2424e-01 0.0000e+00 0.0000e+00 0.0000e+00 0.0 0.0 0.0 0.0 0.0 0.0 0.0 0.0 0.0 0.0 0.0 0.0 0.0 0.0 0.0 0.0 0.0 0.0
7.1603e-01 1.9874e-02 6.4256e-02 8.2022e-01 9.2091e-01 1.5020e-02 1.4221e-01 0.0000e+00 0.0000e+00 0.0000e+00 0.0 0.0 0.0 0.0 0.0 0.0 0.0 0.0 0.0 0.0 0.0 0.0 0.0 0.0 0.0 0.0 0.0 0.0
7.1956e-01 1.6419e-02 7.6392e-02 8.8592e-01 9.3619e-01 1.4496e-02 1.5251e-01 0.0000e+00 0.0000e+00 0.0000e+00 0.0 0.0 0.0 0.0 0.0 0.0 0.0 0.0 0.0 0.0 0.0 0.0 0.0 0.0 0.0 0.0 0.0 0.0
7.3166e-01 2.0233e-02 6.0171e-02 8.5689e-01 9.3545e-01 1.3232e-02 1.5697e-01 0.0000e+00 0.0000e+00 0.0000e+00 0.0 0.0 0.0 0.0 0.0 0.0 0.0 0.0 0.0 0.0 0.0 0.0 0.0 0.0 0.0 0.0 0.0 0.0
7.3166e-01 2.0233e-02 6.0171e-02 8.5689e-01 9.3545e-01 1.3232e-02 1.5697e-01 0.0000e+00 0.0000e+00 0.0000e+00 0.0 0.0 0.0 0.0 0.0 0.0 0.0 0.0 0.0 0.0 0.0 0.0 0.0 0.0 0.0 0.0 0.0 0.0
7.8034e-01 2.1446e-02 4.9247e-02 8.8098e-01 8.3362e-01 6.4851e-03 1.2091e-01 0.0000e+00 0.0000e+00 0.0000e+00 0.0 0.0 0.0 0.0 0.0 0.0 0.0 0.0 0.0 0.0 0.0 0.0 0.0 0.0 0.0 0.0 0.0 0.0
7.1693e-01 1.7174e-02 6.7994e-02 9.0443e-01 8.9739e-01 7.7979e-03 1.3546e-01 0.0000e+00 0.0000e+00 0.0000e+00 0.0 0.0 0.0 0.0 0.0 0.0 0.0 0.0 0.0 0.0 0.0 0.0 0.0 0.0 0.0 0.0 0.0 0.0
8.0911e-01 2.1072e-02 3.0859e-02 7.9945e-01 7.9629e-01 2.7993e-03 1.2500e-01 0.0000e+00 0.0000e+00 0.0000e+00 0.0 0.0 0.0 0.0 0.0 0.0 0.0 0.0 0.0 0.0 0.0 0.0 0.0 0.0 0.0 0.0 0.0 0.0
6.1125e-01 1.3932e-02 5.5029e-02 9.0616e-01 8.9436e-01 3.1359e-03 1.4222e-01 0.0000e+00 0.0000e+00 0.0000e+00 0.0 0.0 0.0 0.0 0.0 0.0 0.0 0.0 0.0 0.0 0.0 0.0 0.0 0.0 0.0 0.0 0.0 0.0
6.1125e-01 1.3932e-02 5.5029e-02 9.0616e-01 8.9436e-01 3.1359e-03 1.4222e-01 0.0000e+00 0.0000e+00 0.0000e+00 0.0 0.0 0.0 0.0 0.0 0.0 0.0 0.0 0.0 0.0 0.0 0.0 0.0 0.0 0.0 0.0 0.0 0.0
6.8183e-01 1.5049e-02 6.8228e-02 9.2875e-01 9.2166e-01 8.8211e-03 1.5513e-01 0.0000e+00 0.0000e+00 0.0000e+00 0.0 0.0 0.0 0.0 0.0 0.0 0.0 0.0 0.0 0.0 0.0 0.0 0.0 0.0 0.0 0.0 0.0 0.0
7.8707e-01 2.1213e-02 7.4503e-02 9.5954e-01 9.1954e-01 7.4041e-03 1.3454e-01 0.0000e+00 0.0000e+00 0.0000e+00 0.0 0.0 0.0 0.0 0.0 0.0 0.0 0.0 0.0 0.0 0.0 0.0 0.0 0.0 0.0 0.0 0.0 0.0
8.5343e-01 2.1192e-02 5.1284e-02 8.5364e-01 8.3815e-01 3.6498e-03 1.2729e-01 0.0000e+00 0.0000e+00 0.0000e+00 0.0 0.0 0.0 0.0 0.0 0.0 0.0 0.0 0.0 0.0 0.0 0.0 0.0 0.0 0.0 0.0 0.0 0.0
8.2060e-01 1.8165e-02 5.4981e-02 7.2045e-01 8.4105e-01 1.6306e-02 1.0950e-01 0.0000e+00 0.0000e+00 0.0000e+00 0.0 0.0 0.0 0.0 0.0 0.0 0.0 0.0 0.0 0.0 0.0 0.0 0.0 0.0 0.0 0.0 0.0 0.0
7.9946e-01 1.7692e-02 6.2640e-02 6.9625e-01 8.7284e-01 1.6041e-02 1.1737e-01 0.0000e+00 0.0000e+00 0.0000e+00 0.0 0.0 0.0 0.0 0.0 0.0 0.0 0.0 0.0 0.0 0.0 0.0 0.0 0.0 0.0 0.0 0.0 0.0
7.1482e-01 1.5619e-02 5.3857e-02 8.1481e-01 9.1572e-01 1.5981e-02 1.3803e-01 0.0000e+00 0.0000e+00 0.0000e+00 0.0 0.0 0.0 0.0 0.0 0.0 0.0 0.0 0.0 0.0 0.0 0.0 0.0 0.0 0.0 0.0 0.0 0.0
7.1482e-01 1.5619e-02 5.3857e-02 8.1481e-01 9.1572e-01 1.5981e-02 1.3803e-01 0.0000e+00 0.0000e+00 0.0000e+00 0.0 0.0 0.0 0.0 0.0 0.0 0.0 0.0 0.0 0.0 0.0 0.0 0.0 0.0 0.0 0.0 0.0 0.0
7.5067e-01 1.9735e-02 6.5226e-02 8.0121e-01 9.1934e-01 1.3416e-02 1.4235e-01 0.0000e+00 0.0000e+00 0.0000e+00 0.0 0.0 0.0 0.0 0.0 0.0 0.0 0.0 0.0 0.0 0.0 0.0 0.0 0.0 0.0 0.0 0.0 0.0
7.5067e-01 1.9735e-02 6.5226e-02 8.0121e-01 9.1934e-01 1.3416e-02 1.4235e-01 0.0000e+00 0.0000e+00 0.0000e+00 0.0 0.0 0.0 0.0 0.0 0.0 0.0 0.0 0.0 0.0 0.0 0.0 0.0 0.0 0.0 0.0 0.0 0.0
8.1467e-01 2.1467e-02 5.9809e-02 8.1812e-01 8.8555e-01 1.1600e-02 1.2257e-01 0.0000e+00 0.0000e+00 0.0000e+00 0.0 0.0 0.0 0.0 0.0 0.0 0.0 0.0 0.0 0.0 0.0 0.0 0.0 0.0 0.0 0.0 0.0 0.0
8.0819e-01 2.5978e-02 5.6837e-02 8.1814e-01 9.0894e-01 6.9612e-03 1.5182e-01 0.0000e+00 0.0000e+00 0.0000e+00 0.0 0.0 0.0 0.0 0.0 0.0 0.0 0.0 0.0 0.0 0.0 0.0 0.0 0.0 0.0 0.0 0.0 0.0
8.0433e-01 2.3580e-02 5.6998e-02 8.0659e-01 8.8229e-01 3.4273e-03 1.4038e-01 0.0000e+00 0.0000e+00 0.0000e+00 0.0 0.0 0.0 0.0 0.0 0.0 0.0 0.0 0.0 0.0 0.0 0.0 0.0 0.0 0.0 0.0 0.0 0.0
8.0433e-01 2.3580e-02 5.6998e-02 8.0659e-01 8.8229e-01 3.4273e-03 1.4038e-01 0.0000e+00 0.0000e+00 0.0000e+00 0.0 0.0 0.0 0.0 0.0 0.0 0.0 0.0 0.0 0.0 0.0 0.0 0.0 0.0 0.0 0.0 0.0 0.0
7.1879e-01 1.0636e-02 4.9973e-02 9.7489e-01 8.2795e-01 1.5935e-03 1.2560e-01 0.0000e+00 0.0000e+00 0.0000e+00 0.0 0.0 0.0 0.0 0.0 0.0 0.0 0.0 0.0 0.0 0.0 0.0 0.0 0.0 0.0 0.0 0.0 0.0
7.6594e-01 1.6427e-02 6.0343e-02 8.4109e-01 9.1033e-01 2.0852e-02 1.3227e-01 0.0000e+00 0.0000e+00 0.0000e+00 0.0 0.0 0.0 0.0 0.0 0.0 0.0 0.0 0.0 0.0 0.0 0.0 0.0 0.0 0.0 0.0 0.0 0.0
8.4835e-01 1.6102e-02 7.8771e-02 9.5993e-01 9.0540e-01 2.0921e-02 1.2382e-01 0.0000e+00 0.0000e+00 0.0000e+00 0.0 0.0 0.0 0.0 0.0 0.0 0.0 0.0 0.0 0.0 0.0 0.0 0.0 0.0 0.0 0.0 0.0 0.0
8.6761e-01 2.1449e-02 6.4830e-02 8.9605e-01 8.7373e-01 7.8141e-03 1.3085e-01 0.0000e+00 0.0000e+00 0.0000e+00 0.0 0.0 0.0 0.0 0.0 0.0 0.0 0.0 0.0 0.0 0.0 0.0 0.0 0.0 0.0 0.0 0.0 0.0
5.5489e-01 4.2485e-03 5.8321e-02 7.6189e-01 8.9512e-01 5.3577e-03 1.3286e-01 0.0000e+00 0.0000e+00 0.0000e+00 0.0 0.0 0.0 0.0 0.0 0.0 0.0 0.0 0.0 0.0 0.0 0.0 0.0 0.0 0.0 0.0 0.0 0.0
6.9419e-01 1.8029e-02 5.8049e-02 7.3945e-01 8.9853e-01 1.0937e-02 1.4111e-01 0.0000e+00 0.0000e+00 0.0000e+00 0.0 0.0 0.0 0.0 0.0 0.0 0.0 0.0 0.0 0.0 0.0 0.0 0.0 0.0 0.0 0.0 0.0 0.0
6.9419e-01 1.8029e-02 5.8049e-02 7.3945e-01 8.9853e-01 1.0937e-02 1.4111e-01 0.0000e+00 0.0000e+00 0.0000e+00 0.0 0.0 0.0 0.0 0.0 0.0 0.0 0.0 0.0 0.0 0.0 0.0 0.0 0.0 0.0 0.0 0.0 0.0
7.0606e-01 2.1373e-02 2.8576e-02 9.6494e-01 8.3865e-01 1.3446e-03 1.3412e-01 0.0000e+00 0.0000e+00 0.0000e+00 0.0 0.0 0.0 0.0 0.0 0.0 0.0 0.0 0.0 0.0 0.0 0.0 0.0 0.0 0.0 0.0 0.0 0.0
6.5871e-01 1.7457e-02 5.4075e-02 8.3485e-01 9.2051e-01 8.2714e-03 1.5762e-01 0.0000e+00 0.0000e+00 0.0000e+00 0.0 0.0 0.0 0.0 0.0 0.0 0.0 0.0 0.0 0.0 0.0 0.0 0.0 0.0 0.0 0.0 0.0 0.0
6.1638e-01 1.6445e-02 5.4588e-02 7.6521e-01 9.2495e-01 1.2723e-04 1.5248e-01 0.0000e+00 0.0000e+00 0.0000e+00 0.0 0.0 0.0 0.0 0.0 0.0 0.0 0.0 0.0 0.0 0.0 0.0 0.0 0.0 0.0 0.0 0.0 0.0
6.0650e-01 1.2164e-02 4.7945e-02 7.2414e-01 8.6645e-01 6.2521e-03 1.4445e-01 0.0000e+00 0.0000e+00 0.0000e+00 0.0 0.0 0.0 0.0 0.0 0.0 0.0 0.0 0.0 0.0 0.0 0.0 0.0 0.0 0.0 0.0 0.0 0.0
5.2894e-01 1.0084e-02 4.4592e-02 9.3667e-01 8.5079e-01 3.7913e-03 1.2425e-01 0.0000e+00 0.0000e+00 0.0000e+00 0.0 0.0 0.0 0.0 0.0 0.0 0.0 0.0 0.0 0.0 0.0 0.0 0.0 0.0 0.0 0.0 0.0 0.0
7.1984e-01 1.9112e-02 7.3646e-02 7.5271e-01 9.2581e-01 2.6732e-03 1.4932e-01 0.0000e+00 0.0000e+00 0.0000e+00 0.0 0.0 0.0 0.0 0.0 0.0 0.0 0.0 0.0 0.0 0.0 0.0 0.0 0.0 0.0 0.0 0.0 0.0
7.9741e-01 2.6144e-02 7.1407e-02 8.5729e-01 9.2319e-01 2.8423e-03 1.4339e-01 0.0000e+00 0.0000e+00 0.0000e+00 0.0 0.0 0.0 0.0 0.0 0.0 0.0 0.0 0.0 0.0 0.0 0.0 0.0 0.0 0.0 0.0 0.0 0.0
7.7905e-01 2.2846e-02 3.2307e-02 8.6996e-01 8.2335e-01 9.3020e-03 1.1503e-01 0.0000e+00 0.0000e+00 0.0000e+00 0.0 0.0 0.0 0.0 0.0 0.0 0.0 0.0 0.0 0.0 0.0 0.0 0.0 0.0 0.0 0.0 0.0 0.0
7.2845e-01 1.3769e-02 5.6037e-02 9.4165e-01 9.1872e-01 1.3057e-02 1.5383e-01 0.0000e+00 0.0000e+00 0.0000e+00 0.0 0.0 0.0 0.0 0.0 0.0 0.0 0.0 0.0 0.0 0.0 0.0 0.0 0.0 0.0 0.0 0.0 0.0
6.7326e-01 1.2656e-02 5.7674e-02 7.3698e-01 8.9755e-01 1.7548e-02 1.2921e-01 0.0000e+00 0.0000e+00 0.0000e+00 0.0 0.0 0.0 0.0 0.0 0.0 0.0 0.0 0.0 0.0 0.0 0.0 0.0 0.0 0.0 0.0 0.0 0.0
6.7326e-01 1.2656e-02 5.7674e-02 7.3698e-01 8.9755e-01 1.7548e-02 1.2921e-01 0.0000e+00 0.0000e+00 0.0000e+00 0.0 0.0 0.0 0.0 0.0 0.0 0.0 0.0 0.0 0.0 0.0 0.0 0.0 0.0 0.0 0.0 0.0 0.0
7.3188e-01 1.0372e-02 6.4456e-02 8.5118e-01 8.4549e-01 1.1877e-02 1.2091e-01 0.0000e+00 0.0000e+00 0.0000e+00 0.0 0.0 0.0 0.0 0.0 0.0 0.0 0.0 0.0 0.0 0.0 0.0 0.0 0.0 0.0 0.0 0.0 0.0
6.5141e-01 1.1993e-02 4.4268e-02 7.9807e-01 8.4919e-01 5.7422e-03 1.4251e-01 0.0000e+00 0.0000e+00 0.0000e+00 0.0 0.0 0.0 0.0 0.0 0.0 0.0 0.0 0.0 0.0 0.0 0.0 0.0 0.0 0.0 0.0 0.0 0.0
8.3975e-01 2.3548e-02 6.4319e-02 9.3273e-01 8.9389e-01 3.4053e-03 1.4833e-01 0.0000e+00 0.0000e+00 0.0000e+00 0.0 0.0 0.0 0.0 0.0 0.0 0.0 0.0 0.0 0.0 0.0 0.0 0.0 0.0 0.0 0.0 0.0 0.0
6.3358e-01 5.3233e-03 5.2234e-02 7.1749e-01 8.1823e-01 1.4914e-02 1.0693e-01 0.0000e+00 0.0000e+00 0.0000e+00 0.0 0.0 0.0 0.0 0.0 0.0 0.0 0.0 0.0 0.0 0.0 0.0 0.0 0.0 0.0 0.0 0.0 0.0
7.2569e-01 7.5982e-03 6.4726e-02 8.6701e-01 8.9898e-01 1.5351e-02 1.4699e-01 0.0000e+00 0.0000e+00 0.0000e+00 0.0 0.0 0.0 0.0 0.0 0.0 0.0 0.0 0.0 0.0 0.0 0.0 0.0 0.0 0.0 0.0 0.0 0.0
7.2704e-01 1.2093e-02 6.7303e-02 8.7769e-01 9.1993e-01 1.6939e-02 1.3944e-01 0.0000e+00 0.0000e+00 0.0000e+00 0.0 0.0 0.0 0.0 0.0 0.0 0.0 0.0 0.0 0.0 0.0 0.0 0.0 0.0 0.0 0.0 0.0 0.0
7.2704e-01 1.2093e-02 6.7303e-02 8.7769e-01 9.1993e-01 1.6939e-02 1.3944e-01 0.0000e+00 0.0000e+00 0.0000e+00 0.0 0.0 0.0 0.0 0.0 0.0 0.0 0.0 0.0 0.0 0.0 0.0 0.0 0.0 0.0 0.0 0.0 0.0
7.5855e-01 1.1378e-02 7.7825e-02 7.7747e-01 9.4651e-01 1.8857e-02 1.5026e-01 0.0000e+00 0.0000e+00 0.0000e+00 0.0 0.0 0.0 0.0 0.0 0.0 0.0 0.0 0.0 0.0 0.0 0.0 0.0 0.0 0.0 0.0 0.0 0.0
8.3265e-01 8.7172e-03 5.8521e-02 7.0746e-01 8.1419e-01 2.1885e-02 1.0318e-01 0.0000e+00 0.0000e+00 0.0000e+00 0.0 0.0 0.0 0.0 0.0 0.0 0.0 0.0 0.0 0.0 0.0 0.0 0.0 0.0 0.0 0.0 0.0 0.0
6.9204e-01 1.0343e-02 4.6239e-02 8.7920e-01 8.2722e-01 1.5550e-02 1.0505e-01 0.0000e+00 0.0000e+00 0.0000e+00 0.0 0.0 0.0 0.0 0.0 0.0 0.0 0.0 0.0 0.0 0.0 0.0 0.0 0.0 0.0 0.0 0.0 0.0
7.9080e-01 5.6872e-03 8.1836e-02 8.4494e-01 8.9004e-01 2.1301e-02 1.2938e-01 0.0000e+00 0.0000e+00 0.0000e+00 0.0 0.0 0.0 0.0 0.0 0.0 0.0 0.0 0.0 0.0 0.0 0.0 0.0 0.0 0.0 0.0 0.0 0.0
7.9758e-01 4.5686e-03 7.7698e-02 9.8313e-01 8.9338e-01 1.9985e-02 1.2676e-01 0.0000e+00 0.0000e+00 0.0000e+00 0.0 0.0 0.0 0.0 0.0 0.0 0.0 0.0 0.0 0.0 0.0 0.0 0.0 0.0 0.0 0.0 0.0 0.0
7.2479e-01 3.5081e-03 6.4897e-02 9.7659e-01 9.1129e-01 1.9354e-02 1.3749e-01 0.0000e+00 0.0000e+00 0.0000e+00 0.0 0.0 0.0 0.0 0.0 0.0 0.0 0.0 0.0 0.0 0.0 0.0 0.0 0.0 0.0 0.0 0.0 0.0
7.2479e-01 3.5081e-03 6.4897e-02 9.7659e-01 9.1129e-01 1.9354e-02 1.3749e-01 0.0000e+00 0.0000e+00 0.0000e+00 0.0 0.0 0.0 0.0 0.0 0.0 0.0 0.0 0.0 0.0 0.0 0.0 0.0 0.0 0.0 0.0 0.0 0.0
7.6351e-01 2.9413e-03 7.7307e-02 1.0141e+00 8.9319e-01 1.9627e-02 1.1732e-01 0.0000e+00 0.0000e+00 0.0000e+00 0.0 0.0 0.0 0.0 0.0 0.0 0.0 0.0 0.0 0.0 0.0 0.0 0.0 0.0 0.0 0.0 0.0 0.0
7.0337e-01 1.1733e-02 6.8475e-02 9.2910e-01 9.2159e-01 1.9218e-02 1.2043e-01 0.0000e+00 0.0000e+00 0.0000e+00 0.0 0.0 0.0 0.0 0.0 0.0 0.0 0.0 0.0 0.0 0.0 0.0 0.0 0.0 0.0 0.0 0.0 0.0
7.7339e-01 1.2501e-02 8.5365e-02 8.7162e-01 9.1912e-01 1.9947e-02 1.1719e-01 0.0000e+00 0.0000e+00 0.0000e+00 0.0 0.0 0.0 0.0 0.0 0.0 0.0 0.0 0.0 0.0 0.0 0.0 0.0 0.0 0.0 0.0 0.0 0.0
7.3066e-01 5.4745e-03 6.5456e-02 7.4598e-01 9.0317e-01 2.4889e-02 1.3799e-01 0.0000e+00 0.0000e+00 0.0000e+00 0.0 0.0 0.0 0.0 0.0 0.0 0.0 0.0 0.0 0.0 0.0 0.0 0.0 0.0 0.0 0.0 0.0 0.0
6.1533e-01 1.0994e-03 6.0589e-02 9.4223e-01 9.1840e-01 1.6389e-02 1.4151e-01 0.0000e+00 0.0000e+00 0.0000e+00 0.0 0.0 0.0 0.0 0.0 0.0 0.0 0.0 0.0 0.0 0.0 0.0 0.0 0.0 0.0 0.0 0.0 0.0
7.2196e-01 1.2349e-02 6.3949e-02 9.8830e-01 9.3944e-01 1.4295e-02 1.5600e-01 0.0000e+00 0.0000e+00 0.0000e+00 0.0 0.0 0.0 0.0 0.0 0.0 0.0 0.0 0.0 0.0 0.0 0.0 0.0 0.0 0.0 0.0 0.0 0.0
6.7485e-01 5.7333e-03 5.3432e-02 8.8774e-01 8.7722e-01 1.3835e-02 1.2473e-01 0.0000e+00 0.0000e+00 0.0000e+00 0.0 0.0 0.0 0.0 0.0 0.0 0.0 0.0 0.0 0.0 0.0 0.0 0.0 0.0 0.0 0.0 0.0 0.0
6.7485e-01 5.7333e-03 5.3432e-02 8.8774e-01 8.7722e-01 1.3835e-02 1.2473e-01 0.0000e+00 0.0000e+00 0.0000e+00 0.0 0.0 0.0 0.0 0.0 0.0 0.0 0.0 0.0 0.0 0.0 0.0 0.0 0.0 0.0 0.0 0.0 0.0
5.9934e-01 6.3925e-03 3.5284e-02 8.7235e-01 8.3012e-01 1.9700e-02 1.0809e-01 0.0000e+00 0.0000e+00 0.0000e+00 0.0 0.0 0.0 0.0 0.0 0.0 0.0 0.0 0.0 0.0 0.0 0.0 0.0 0.0 0.0 0.0 0.0 0.0
6.5331e-01 3.4987e-03 6.9342e-02 9.2757e-01 9.0603e-01 1.6783e-02 1.4316e-01 0.0000e+00 0.0000e+00 0.0000e+00 0.0 0.0 0.0 0.0 0.0 0.0 0.0 0.0 0.0 0.0 0.0 0.0 0.0 0.0 0.0 0.0 0.0 0.0
6.9578e-01 2.4563e-03 3.7351e-02 8.8188e-01 7.9144e-01 1.6698e-02 1.1310e-01 0.0000e+00 0.0000e+00 0.0000e+00 0.0 0.0 0.0 0.0 0.0 0.0 0.0 0.0 0.0 0.0 0.0 0.0 0.0 0.0 0.0 0.0 0.0 0.0
6.2449e-01 7.2045e-03 4.5088e-02 9.0826e-01 8.5657e-01 2.0040e-02 1.1158e-01 0.0000e+00 0.0000e+00 0.0000e+00 0.0 0.0 0.0 0.0 0.0 0.0 0.0 0.0 0.0 0.0 0.0 0.0 0.0 0.0 0.0 0.0 0.0 0.0
6.7549e-01 4.3818e-03 7.1085e-02 7.6944e-01 9.4173e-01 2.3075e-02 1.5297e-01 0.0000e+00 0.0000e+00 0.0000e+00 0.0 0.0 0.0 0.0 0.0 0.0 0.0 0.0 0.0 0.0 0.0 0.0 0.0 0.0 0.0 0.0 0.0 0.0
6.8425e-01 3.6970e-03 5.6017e-02 8.9820e-01 8.5187e-01 1.5032e-02 1.2966e-01 0.0000e+00 0.0000e+00 0.0000e+00 0.0 0.0 0.0 0.0 0.0 0.0 0.0 0.0 0.0 0.0 0.0 0.0 0.0 0.0 0.0 0.0 0.0 0.0
6.8425e-01 3.6970e-03 5.6017e-02 8.9820e-01 8.5187e-01 1.5032e-02 1.2966e-01 0.0000e+00 0.0000e+00 0.0000e+00 0.0 0.0 0.0 0.0 0.0 0.0 0.0 0.0 0.0 0.0 0.0 0.0 0.0 0.0 0.0 0.0 0.0 0.0
5.9215e-01 7.1378e-03 5.6756e-02 7.8596e-01 8.9645e-01 1.9733e-02 1.3034e-01 0.0000e+00 0.0000e+00 0.0000e+00 0.0 0.0 0.0 0.0 0.0 0.0 0.0 0.0 0.0 0.0 0.0 0.0 0.0 0.0 0.0 0.0 0.0 0.0
6.7971e-01 2.5475e-03 5.3365e-02 9.0888e-01 8.2425e-01 1.7631e-02 1.0886e-01 0.0000e+00 0.0000e+00 0.0000e+00 0.0 0.0 0.0 0.0 0.0 0.0 0.0 0.0 0.0 0.0 0.0 0.0 0.0 0.0 0.0 0.0 0.0 0.0
6.6873e-01 2.2565e-03 4.9229e-02 8.3383e-01 8.5388e-01 1.5133e-02 1.2406e-01 0.0000e+00 0.0000e+00 0.0000e+00 0.0 0.0 0.0 0.0 0.0 0.0 0.0 0.0 0.0 0.0 0.0 0.0 0.0 0.0 0.0 0.0 0.0 0.0
6.5651e-01 3.9772e-03 6.1637e-02 8.5888e-01 9.1633e-01 1.7580e-02 1.3660e-01 0.0000e+00 0.0000e+00 0.0000e+00 0.0 0.0 0.0 0.0 0.0 0.0 0.0 0.0 0.0 0.0 0.0 0.0 0.0 0.0 0.0 0.0 0.0 0.0
6.5651e-01 3.9772e-03 6.1637e-02 8.5888e-01 9.1633e-01 1.7580e-02 1.3660e-01 0.0000e+00 0.0000e+00 0.0000e+00 0.0 0.0 0.0 0.0 0.0 0.0 0.0 0.0 0.0 0.0 0.0 0.0 0.0 0.0 0.0 0.0 0.0 0.0
6.3359e-01 2.7075e-03 6.6731e-02 9.0864e-01 9.1969e-01 1.5451e-02 1.3024e-01 0.0000e+00 0.0000e+00 0.0000e+00 0.0 0.0 0.0 0.0 0.0 0.0 0.0 0.0 0.0 0.0 0.0 0.0 0.0 0.0 0.0 0.0 0.0 0.0
6.3359e-01 2.7075e-03 6.6731e-02 9.0864e-01 9.1969e-01 1.5451e-02 1.3024e-01 0.0000e+00 0.0000e+00 0.0000e+00 0.0 0.0 0.0 0.0 0.0 0.0 0.0 0.0 0.0 0.0 0.0 0.0 0.0 0.0 0.0 0.0 0.0 0.0
7.0265e-01 6.9551e-03 7.1686e-02 7.0809e-01 9.1317e-01 1.8856e-02 1.2291e-01 0.0000e+00 0.0000e+00 0.0000e+00 0.0 0.0 0.0 0.0 0.0 0.0 0.0 0.0 0.0 0.0 0.0 0.0 0.0 0.0 0.0 0.0 0.0 0.0
7.2086e-01 2.7076e-03 5.2675e-02 9.5018e-01 8.3340e-01 1.1332e-02 1.1498e-01 0.0000e+00 0.0000e+00 0.0000e+00 0.0 0.0 0.0 0.0 0.0 0.0 0.0 0.0 0.0 0.0 0.0 0.0 0.0 0.0 0.0 0.0 0.0 0.0
8.0841e-01 1.4885e-02 6.4698e-02 7.8001e-01 8.9134e-01 1.8898e-02 1.3402e-01 0.0000e+00 0.0000e+00 0.0000e+00 0.0 0.0 0.0 0.0 0.0 0.0 0.0 0.0 0.0 0.0 0.0 0.0 0.0 0.0 0.0 0.0 0.0 0.0
6.6404e-01 3.8599e-03 5.6301e-02 7.4784e-01 8.9464e-01 1.9082e-02 1.2975e-01 0.0000e+00 0.0000e+00 0.0000e+00 0.0 0.0 0.0 0.0 0.0 0.0 0.0 0.0 0.0 0.0 0.0 0.0 0.0 0.0 0.0 0.0 0.0 0.0
5.9463e-01 9.3306e-04 7.0981e-02 7.9036e-01 9.1178e-01 1.7269e-02 1.4428e-01 0.0000e+00 0.0000e+00 0.0000e+00 0.0 0.0 0.0 0.0 0.0 0.0 0.0 0.0 0.0 0.0 0.0 0.0 0.0 0.0 0.0 0.0 0.0 0.0
7.7179e-01 1.1770e-02 5.5104e-02 8.6092e-01 8.8246e-01 2.1474e-02 1.2714e-01 0.0000e+00 0.0000e+00 0.0000e+00 0.0 0.0 0.0 0.0 0.0 0.0 0.0 0.0 0.0 0.0 0.0 0.0 0.0 0.0 0.0 0.0 0.0 0.0
